,addPerson ,deletePerson ,editPerson ,searchPerson 
a100,109,84,25,62
a1000,179,109,96,160
a1001,63,48,51,66
a1003,91,48,47,86
a1004,171,103,109,152
a1010,85,47,52,74
a1012,78,50,47,70
a1013,79,63,60,94
a1015,74,41,45,86
a1019,87,47,67,82
a1028,151,95,130,152
a103,83,57,62,86
a1032,103,64,64,86
a1033,197,121,86,148
a1034,81,45,68,82
a1037,31,19,12,15
a1038,85,54,46,82
a104,78,42,76,90
a1046,78,21,83,82
a1047,69,36,61,70
a1048,102,77,34,78
a1050,173,104,125,160
a1056,37,14,29,23
a1057,81,51,55,74
a1058,180,119,102,168
a1059,61,29,70,86
a1061,113,76,54,90
a1062,57,22,87,86
a1067,77,35,69,78
a1068,183,122,106,152
a1071,80,44,64,86
a1073,75,41,53,70
a1076,84,62,57,74
a1077,257,167,146,214
a1078,63,52,18,55
a1080,92,55,62,78
a1085,215,162,159,222
a1086,80,55,46,82
a1087,79,51,59,74
a1088,78,58,61,98
a1089,61,32,50,58
a1090,147,72,134,152
a1093,77,66,48,90
a1094,78,48,71,94
a1095,92,44,72,66
a1098,390,259,198,320
a1099,53,24,67,86
a11,69,43,61,62
a110,128,93,95,125
a1101,87,61,45,82
a1102,97,62,53,82
a1103,84,62,45,82
a1106,184,121,110,168
a1107,76,42,56,86
a1109,60,24,64,74
a1110,101,72,39,74
a1112,86,57,38,66
a1119,161,91,115,144
a112,93,48,67,78
a1120,19,11,13,14
a1126,76,47,51,90
a1127,72,42,56,70
a1129,92,62,53,86
a1130,164,115,91,144
a1132,22,15,45,46
a1133,185,118,96,132
a1134,103,72,112,142
a1135,63,33,69,74
a1136,158,94,102,156
a1137,130,93,47,86
a1139,68,40,49,82
a114,90,65,56,90
a1140,80,46,63,66
a1142,72,47,44,82
a1143,98,60,45,78
a1144,177,110,100,164
a1147,101,80,38,58
a1149,38,30,17,28
a115,102,80,42,58
a1151,81,51,43,78
a1152,89,55,34,70
a1154,83,47,52,70
a1160,80,54,50,78
a1161,69,49,55,66
a1164,174,125,90,148
a1165,61,22,64,62
a1167,83,53,39,70
a1169,77,53,58,74
a1170,179,116,91,148
a1172,85,57,54,74
a1174,100,66,40,74
a1175,87,57,46,70
a1177,74,40,76,86
a1178,132,80,77,108
a1181,79,55,54,78
a1182,58,26,59,78
a1186,78,49,55,74
a1190,85,49,59,86
a1191,87,72,39,86
a1193,102,70,59,86
a120,73,33,54,70
a1200,256,163,159,226
a1201,157,104,89,172
a1204,158,95,80,110
a1205,91,64,52,82
a1206,79,43,40,66
a121,109,55,46,70
a1210,15,13,7,13
a1214,168,96,123,156
a1218,48,33,20,41
a1219,189,114,111,136
a1222,162,123,114,156
a1223,99,71,51,66
a1226,171,114,99,168
a1228,216,180,57,148
a123,79,63,63,97
a1231,84,60,45,82
a1236,169,130,85,144
a1240,157,107,97,152
a1241,76,46,52,54
a1243,86,69,47,66
a1247,87,52,51,74
a1250,98,65,56,102
a1251,103,68,40,90
a1254,167,119,99,156
a1256,157,96,126,160
a1257,81,48,47,74
a1259,20,15,21,39
a126,85,42,41,62
a1262,77,51,55,74
a1266,74,40,57,82
a1267,94,63,45,54
a1268,73,50,55,74
a1270,101,78,31,58
a1272,84,57,42,70
a1274,245,174,137,238
a1276,91,73,43,78
a1278,76,51,63,82
a1279,183,140,99,156
a1282,59,30,78,90
a1283,70,43,64,78
a1284,73,46,52,74
a1285,81,42,68,98
a1286,78,46,40,74
a1287,71,34,80,77
a1291,57,33,73,66
a1293,85,51,43,82
a1298,71,41,64,98
a1303,193,124,129,179
a1304,169,125,109,132
a1307,68,51,47,82
a1309,55,18,88,66
a131,4,3,1,5
a1310,81,59,49,82
a1312,103,49,44,58
a1317,95,68,40,66
a1319,216,144,173,242
a132,96,71,51,70
a1320,175,101,94,144
a1322,148,83,129,156
a1325,157,91,111,152
a1327,62,48,55,66
a1329,187,123,90,144
a1330,159,93,107,140
a1334,74,37,61,82
a1336,77,43,60,74
a1337,168,105,89,148
a1339,74,56,54,78
a1340,76,47,56,62
a1344,156,93,119,140
a1345,91,50,35,62
a1346,166,99,105,168
a1348,79,44,56,86
a1349,149,89,104,152
a135,84,50,59,62
a1351,83,48,44,54
a1353,182,129,85,152
a1355,97,61,45,70
a1357,143,75,114,156
a136,86,57,46,82
a1364,75,37,65,82
a1365,72,38,65,90
a1366,77,36,58,62
a137,84,53,62,90
a1370,166,104,105,156
a1371,76,29,86,82
a1372,60,38,61,78
a1373,46,34,54,62
a1374,84,57,38,70
a1375,161,105,94,140
a1376,172,118,110,140
a1377,91,55,46,86
a1378,101,80,50,62
a1379,90,44,63,86
a1385,68,39,57,70
a1386,66,46,28,39
a1391,63,32,48,72
a1393,68,30,78,82
a1396,76,43,60,74
a1398,82,57,38,70
a1399,196,131,105,136
a14,75,32,50,66
a140,69,49,51,86
a1400,50,26,55,62
a1401,56,32,78,90
a1404,81,61,39,72
a1407,69,38,53,86
a1409,69,44,64,70
a1411,369,231,207,304
a1412,73,42,68,66
a1413,180,105,93,136
a1416,68,41,53,70
a1417,88,62,45,66
a1420,77,54,35,66
a1421,60,27,63,66
a1423,187,119,95,156
a1424,212,138,96,132
a1428,96,68,40,82
a1429,251,134,165,194
a1433,19,7,4,13
a1436,105,64,37,54
a1438,60,35,46,78
a1439,91,64,49,78
a1442,84,65,60,102
a1445,89,57,42,70
a1446,89,67,56,78
a1447,95,36,81,86
a1448,73,50,47,70
a1449,155,90,115,148
a1453,100,62,52,78
a1457,79,30,55,74
a1458,81,49,51,86
a1460,65,38,57,90
a1461,9,0,15,7
a1464,88,50,56,58
a1469,75,39,73,70
a147,138,77,102,148
a1470,184,122,121,160
a1471,73,40,56,74
a1474,83,49,40,50
a1475,186,124,117,184
a1477,89,60,57,70
a1478,269,190,114,242
a148,151,102,110,168
a1485,85,60,46,66
a1487,94,63,49,78
a149,90,58,50,74
a1490,78,51,55,78
a1491,95,68,48,62
a1494,62,45,40,90
a1495,67,30,66,74
a1496,158,97,114,144
a150,82,38,69,78
a1500,107,71,40,78
a1501,167,96,122,172
a1502,44,23,37,41
a1509,77,50,43,86
a152,171,112,96,148
a154,172,112,119,160
a155,184,120,91,136
a156,73,49,47,62
a158,80,59,69,74
a159,96,69,40,90
a160,65,52,62,98
a162,82,46,52,58
a163,79,51,39,62
a17,150,117,115,168
a170,171,130,85,160
a172,84,64,34,56
a181,120,81,37,74
a187,75,50,63,70
a189,100,56,50,78
a191,81,44,60,86
a193,78,45,72,78
a194,90,71,43,78
a197,99,63,53,58
a198,94,61,45,70
a2,50,30,54,62
a200,86,52,55,86
a201,90,50,43,78
a202,275,178,148,226
a206,148,71,92,148
a208,87,53,54,78
a21,77,45,60,62
a213,102,59,65,74
a214,82,65,44,86
a216,84,55,54,82
a217,167,117,91,160
a218,76,44,60,74
a220,192,122,98,120
a222,80,59,53,74
a223,176,124,94,144
a225,26,19,14,25
a226,69,32,47,66
a228,80,62,49,78
a229,84,68,44,82
a23,179,106,113,176
a232,93,67,52,90
a235,64,35,65,62
a236,164,95,115,144
a24,101,71,39,74
a240,60,33,62,78
a242,185,121,90,164
a244,70,42,68,62
a245,71,28,78,86
a247,72,48,59,70
a254,85,63,52,74
a257,77,37,58,66
a258,78,55,58,86
a259,69,29,59,78
a26,76,35,46,66
a260,86,47,71,74
a262,197,117,110,188
a263,104,75,50,90
a264,87,31,54,78
a265,91,60,42,62
a266,74,50,38,58
a268,82,48,44,74
a269,151,92,103,160
a27,58,33,53,90
a271,82,56,65,86
a275,249,156,172,226
a277,264,135,164,242
a281,103,67,44,66
a288,98,62,45,90
a297,55,38,65,70
a298,81,60,57,98
a300,174,123,80,139
a302,190,101,130,140
a308,85,61,45,66
a309,133,64,110,117
a314,77,53,62,82
a315,92,65,36,78
a316,136,70,131,144
a318,244,149,177,238
a32,227,141,163,198
a320,84,51,55,78
a326,96,70,35,70
a327,67,42,46,56
a328,54,23,75,98
a329,262,168,138,234
a330,229,153,145,234
a334,100,69,43,90
a335,73,44,56,78
a336,95,61,37,62
a337,88,39,45,86
a341,87,58,57,90
a343,103,75,39,82
a344,97,53,74,70
a346,75,36,69,94
a347,90,65,56,58
a35,88,48,43,50
a353,70,46,52,54
a357,70,56,58,82
a359,68,43,49,70
a362,83,53,43,66
a364,111,72,43,78
a365,85,46,55,78
a366,76,44,49,74
a37,82,63,37,70
a370,83,29,74,66
a371,83,54,47,62
a372,90,56,38,70
a374,147,75,93,141
a379,145,102,101,132
a382,91,74,39,74
a386,82,50,63,70
a389,182,111,103,168
a39,84,48,63,74
a391,91,50,47,62
a392,79,37,69,94
a394,76,52,43,58
a4,75,49,75,102
a401,106,77,50,78
a402,83,59,52,73
a406,70,53,47,62
a408,98,71,40,58
a409,104,75,39,78
a410,90,52,51,82
a411,96,70,44,66
a412,92,60,57,74
a413,76,47,56,62
a419,65,32,47,50
a42,76,40,64,78
a420,87,67,33,70
a421,179,138,83,156
a426,99,68,52,70
a427,154,80,113,164
a429,109,88,44,98
a432,81,69,55,98
a434,78,51,35,70
a436,168,117,104,152
a440,75,41,69,54
a444,75,54,39,66
a446,104,47,71,94
a45,87,51,55,62
a451,285,179,147,250
a454,68,41,57,78
a455,50,34,65,90
a456,74,46,52,70
a457,56,35,58,82
a458,86,54,70,70
a46,78,45,44,78
a460,221,140,151,218
a467,159,90,119,148
a471,84,41,61,66
a473,119,87,75,100
a475,68,30,62,70
a476,65,39,57,82
a477,183,108,128,160
a479,65,51,66,82
a480,80,57,73,86
a482,90,61,49,78
a490,87,64,49,54
a492,58,48,33,39
a493,73,54,50,78
a497,87,44,56,58
a498,67,42,56,86
a499,181,135,108,124
a500,76,36,65,78
a502,101,67,52,74
a503,192,152,77,152
a506,143,87,120,160
a511,60,38,49,90
a513,90,60,49,74
a519,99,83,27,64
a52,91,59,46,78
a524,82,43,60,66
a527,91,61,53,90
a528,97,66,36,66
a529,71,55,66,78
a531,183,112,111,172
a533,78,18,52,82
a535,175,130,65,148
a539,89,59,49,78
a54,91,66,44,86
a540,64,38,57,70
a543,147,82,113,148
a544,95,52,39,74
a545,81,56,42,70
a546,177,120,91,120
a548,114,91,36,62
a55,160,116,84,152
a550,66,49,63,82
a551,145,90,112,152
a558,61,34,61,106
a56,77,49,51,66
a562,76,37,57,86
a566,80,50,67,66
a567,83,63,37,66
a572,78,36,77,86
a574,154,85,101,140
a575,69,39,69,74
a577,160,109,120,164
a578,72,40,57,86
a579,155,107,128,180
a580,90,55,58,78
a581,69,54,42,62
a583,78,52,74,98
a584,51,27,55,86
a585,94,53,74,86
a588,176,112,79,151
a59,158,90,119,160
a590,159,102,114,152
a593,173,90,108,152
a594,67,51,51,78
a595,82,59,38,66
a597,73,53,66,86
a60,182,112,115,148
a602,79,43,41,62
a604,161,101,114,164
a607,74,27,55,70
a608,98,76,39,54
a609,142,88,104,160
a61,67,51,67,58
a613,130,88,64,133
a614,93,54,50,62
a617,110,79,44,80
a620,65,43,56,74
a621,148,106,105,160
a623,54,37,61,74
a628,213,115,174,226
a63,175,115,103,140
a633,83,59,61,86
a637,87,63,49,66
a639,225,162,151,218
a642,166,105,121,140
a650,65,28,59,46
a656,52,36,62,58
a657,79,57,50,58
a661,77,45,64,70
a662,91,61,45,82
a669,129,83,113,168
a670,82,53,66,82
a671,426,255,284,390
a675,189,123,137,172
a676,86,54,62,70
a677,91,66,44,66
a678,108,63,37,58
a679,73,41,80,98
a680,183,127,86,140
a681,106,70,51,82
a683,74,43,53,66
a685,84,44,56,50
a693,86,55,66,70
a694,56,25,68,91
a696,64,19,64,82
a7,96,71,36,54
a70,102,57,58,58
a702,73,43,52,82
a707,96,72,35,66
a708,112,45,127,148
a71,80,42,60,70
a712,167,107,101,148
a714,92,56,38,58
a715,77,46,56,62
a716,85,55,50,74
a719,258,157,175,230
a723,78,46,56,78
a724,82,33,73,94
a726,101,85,41,58
a727,100,66,60,70
a730,84,49,59,94
a731,81,70,40,78
a733,80,41,80,82
a736,169,118,99,136
a737,173,115,99,128
a739,69,39,72,82
a74,89,50,47,78
a741,89,68,40,66
a742,72,27,71,78
a743,156,100,125,172
a744,96,67,41,71
a745,99,56,53,86
a747,53,37,45,56
a748,72,40,53,70
a751,88,48,52,66
a753,85,68,40,86
a754,62,31,74,94
a755,99,54,74,97
a758,77,33,62,62
a759,84,44,60,66
a76,97,67,48,86
a762,87,64,52,90
a763,198,155,100,160
a764,177,88,100,148
a765,177,128,120,171
a770,98,66,60,94
a773,89,72,43,78
a774,70,27,59,78
a775,80,64,60,110
a776,93,65,41,74
a777,193,131,84,184
a779,91,55,58,66
a782,172,103,109,160
a783,85,51,59,66
a784,171,120,78,141
a785,148,101,114,124
a788,79,44,56,82
a789,97,80,22,70
a79,172,131,93,140
a793,92,65,37,74
a798,157,106,85,148
a80,96,46,52,58
a800,91,59,61,78
a802,93,67,44,78
a803,174,89,100,144
a809,84,57,50,82
a813,66,40,57,78
a816,88,55,54,86
a817,102,68,48,62
a818,63,33,75,96
a823,78,45,60,54
a826,78,46,63,78
a828,89,48,63,86
a832,76,60,24,81
a835,112,70,104,132
a837,142,102,98,148
a84,77,55,35,62
a842,87,51,43,70
a843,163,113,95,160
a845,69,37,69,78
a855,71,31,82,74
a856,179,153,81,164
a858,75,39,41,86
a860,73,30,55,70
a863,82,64,53,74
a866,84,62,49,74
a867,139,79,118,132
a868,79,52,51,58
a869,226,118,178,222
a87,74,50,59,74
a871,75,43,60,74
a872,160,113,88,127
a873,156,106,128,168
a877,88,55,50,78
a879,59,42,33,46
a881,153,72,115,164
a889,196,123,118,148
a891,85,57,50,54
a893,94,62,53,58
a894,167,120,130,152
a896,54,36,65,66
a897,79,34,77,78
a898,74,29,74,66
a899,70,38,53,70
a90,90,54,58,98
a903,94,58,41,98
a905,80,50,70,66
a908,83,57,54,62
a912,83,59,49,78
a914,67,49,51,82
a917,168,113,92,144
a920,144,70,111,172
a921,84,56,46,78
a922,81,56,46,74
a926,93,71,40,62
a927,81,60,53,70
a928,88,65,48,62
a93,101,67,48,70
a931,98,57,58,66
a932,72,51,47,74
a933,81,72,51,94
a934,73,47,51,82
a938,81,54,35,66
a940,67,37,77,74
a941,72,55,50,66
a942,69,54,66,86
a944,107,80,34,62
a945,84,64,41,90
a949,80,45,52,74
a950,96,67,52,78
a952,71,57,61,86
a954,79,63,56,74
a955,87,64,33,62
a956,91,51,51,74
a957,84,44,52,82
a962,78,40,57,70
a964,91,46,55,78
a965,56,40,53,78
a967,79,54,50,86
a970,92,57,49,82
a972,85,58,50,66
a973,103,76,31,78
a975,82,60,41,78
a977,16,14,9,15
a980,172,115,103,156
a983,63,53,62,74
a987,152,120,84,143
a989,93,47,51,82
a99,102,59,61,74
a992,104,66,44,78
a994,94,61,53,74
a995,303,187,207,288
a997,90,67,48,90