"","a1","a1a1","a2","a2a2","a3","a3a3","a4a4","a5a5","a6a6","a7a7","a8a8","a9a9","b1b1","b2","b3","b4","b5","b5a1","b5b2","b5b5","cluster"
"1",11,0,0,0,0,0,0,0,0,0,0,0,0,33,0,0,20,0,0,5,1
"10",7,0,0,0,0,0,0,0,0,0,0,0,0,30,0,0,11,0,0,10,2
"100",11,0,0,0,0,0,0,0,0,0,0,0,0,30,0,0,24,0,0,0,3
"1000",0,0,0,0,0,0,0,0,0,0,0,0,0,33,0,0,23,0,0,0,4
"1001",0,0,0,0,0,11,0,0,0,0,0,0,0,0,0,0,0,0,0,0,5
"1002",0,0,0,0,0,11,0,0,0,0,0,0,0,0,0,0,0,0,0,0,5
"1003",0,0,0,9,0,0,0,0,0,0,0,0,0,0,0,0,0,0,0,0,6
"1004",0,0,0,7,0,0,0,0,0,0,0,0,0,0,0,0,0,0,0,0,6
"1005",0,0,0,0,0,9,0,0,0,0,0,0,0,0,0,0,0,0,0,0,5
"1006",0,0,0,0,0,5,0,0,0,0,0,0,0,0,0,0,0,0,0,0,5
"1008",0,0,0,0,0,0,0,0,0,9,0,0,0,0,0,0,0,0,0,0,7
"1009",0,0,0,0,0,0,0,14,0,0,0,0,0,0,0,0,0,0,0,0,8
"101",5,0,0,0,0,0,0,0,0,0,0,0,0,46,0,0,31,0,0,0,3
"1010",0,0,0,0,0,5,0,0,0,0,0,0,0,0,0,0,0,0,0,0,5
"1011",0,0,0,0,0,0,0,0,0,7,0,0,0,0,0,0,0,0,0,0,7
"1012",0,0,0,15,0,0,0,0,0,0,0,0,0,0,0,0,0,0,0,0,6
"1013",0,0,0,8,0,0,0,0,0,0,0,0,0,0,0,0,0,0,0,0,6
"1014",0,0,0,14,0,0,0,0,0,0,0,0,0,0,0,0,0,0,0,0,6
"1015",0,0,0,8,0,0,0,0,0,0,0,0,0,0,0,0,0,0,0,0,6
"1016",0,0,0,6,0,0,0,0,0,0,0,0,0,0,0,0,0,0,0,0,6
"1017",0,0,0,0,0,5,0,0,0,0,0,0,0,0,0,0,0,0,0,0,5
"1018",0,0,0,0,0,0,12,0,0,0,0,0,0,0,0,0,0,0,0,0,9
"1019",0,0,0,5,0,0,0,0,0,0,0,0,0,0,0,0,0,0,0,0,6
"102",9,0,0,0,0,0,0,0,0,0,0,0,0,24,0,0,13,0,5,0,10
"1020",0,0,0,0,0,0,0,0,0,8,0,0,0,0,0,0,0,0,0,0,7
"1021",0,0,0,7,0,0,0,0,0,0,0,0,0,0,0,0,0,0,0,0,6
"1022",0,0,0,0,0,0,0,0,0,0,0,6,0,0,0,0,0,0,0,0,11
"1024",0,0,6,0,0,0,0,0,0,0,0,0,0,0,0,0,0,0,0,0,12
"1025",0,0,0,0,0,8,0,0,0,0,0,0,0,0,0,0,0,0,0,0,5
"1026",0,0,0,12,0,0,0,0,0,0,0,0,0,0,0,0,0,0,0,0,6
"1027",0,0,0,0,0,0,0,6,0,0,0,0,0,0,0,0,0,0,0,0,8
"1028",0,0,0,0,0,0,0,0,0,9,0,0,0,0,0,0,0,0,0,0,7
"1029",0,0,0,0,0,8,0,0,0,0,0,0,0,0,0,0,0,0,0,0,5
"103",6,0,0,0,0,0,0,0,0,0,0,0,0,28,0,0,12,0,5,7,13
"1030",0,0,0,8,0,0,0,0,0,0,0,0,0,0,0,0,0,0,0,0,6
"1032",0,0,0,7,0,0,0,0,0,0,0,0,0,0,0,0,0,0,0,0,6
"1033",0,0,0,0,0,0,6,0,0,0,0,0,0,0,0,0,0,0,0,0,9
"1034",0,0,0,13,0,0,0,0,0,0,0,0,0,0,0,0,0,0,0,0,6
"1035",0,0,0,0,0,8,0,0,0,0,0,0,0,0,0,0,0,0,0,0,5
"1037",0,0,0,9,0,0,0,0,0,0,0,0,0,0,0,0,0,0,0,0,6
"1038",0,0,0,6,0,0,0,0,0,0,0,0,0,0,0,0,0,0,0,0,6
"1039",0,6,0,0,0,13,0,0,0,0,0,0,0,0,0,0,0,0,0,0,14
"104",10,0,0,0,0,0,0,0,0,0,0,0,0,22,0,0,16,0,0,0,3
"1040",0,0,0,8,0,0,0,0,0,0,0,0,0,0,0,0,0,0,0,0,6
"1041",0,0,0,8,0,0,0,0,0,0,0,0,0,0,0,0,0,0,0,0,6
"1042",0,0,0,0,0,11,0,0,0,0,0,0,0,0,0,0,0,0,0,0,5
"1043",0,0,0,8,0,0,0,0,0,0,0,0,0,0,0,0,0,0,0,0,6
"1044",0,0,0,0,0,9,0,0,0,0,0,0,0,0,0,0,0,0,0,0,5
"1045",0,0,0,0,0,11,0,0,0,0,0,0,0,0,0,0,0,0,0,0,5
"1046",0,0,0,7,0,0,0,0,0,0,0,0,0,0,0,0,0,0,0,0,6
"1047",0,0,0,0,0,9,0,0,0,0,0,0,0,0,0,0,0,0,0,0,5
"1048",0,0,0,0,0,12,0,0,0,0,0,0,0,0,0,0,0,0,0,0,5
"1049",0,0,0,0,0,0,0,0,0,9,0,0,0,0,0,0,0,0,0,0,7
"105",9,0,0,0,0,0,0,0,0,0,0,0,0,21,0,0,8,0,0,7,2
"1050",0,0,0,11,0,0,0,0,0,0,0,0,0,0,0,0,0,0,0,0,6
"1052",0,0,0,7,0,0,0,0,0,0,0,0,0,0,0,0,0,0,0,0,6
"1053",0,0,0,0,0,12,0,0,0,0,0,0,0,0,0,0,0,0,0,0,5
"1054",0,0,0,0,0,13,0,0,0,0,0,0,0,0,0,0,0,0,0,0,5
"1055",0,0,0,0,0,14,0,0,0,0,0,0,0,0,0,0,0,0,0,0,5
"1057",0,0,0,7,0,0,0,0,0,0,0,0,0,0,0,0,0,0,0,0,6
"1058",0,0,0,8,0,0,0,0,0,0,0,0,0,0,0,0,0,0,0,0,6
"1059",0,0,0,8,0,0,0,0,0,0,0,0,0,0,0,0,0,0,0,0,6
"106",6,0,0,0,0,0,0,0,0,0,0,0,0,29,0,0,12,0,0,7,15
"1060",0,0,0,0,0,0,0,0,0,10,0,0,0,0,0,0,0,0,0,0,7
"1062",0,0,0,10,0,0,0,0,0,0,0,0,0,0,0,0,0,0,0,0,6
"1063",0,0,0,0,0,7,0,0,0,0,0,0,0,0,0,0,0,0,0,0,5
"1064",0,0,0,0,0,0,5,0,0,0,0,0,0,0,0,0,0,0,0,0,9
"1065",0,0,0,0,0,8,0,0,0,0,0,0,0,0,0,0,0,0,0,0,5
"1066",0,0,0,0,0,8,0,0,0,0,0,0,0,0,0,0,0,0,0,0,5
"1067",0,0,0,0,0,0,13,0,0,0,0,0,0,0,0,0,0,0,0,0,9
"1068",0,0,0,7,0,0,0,0,0,0,0,0,0,0,0,0,0,0,0,0,6
"1069",0,0,0,0,0,0,5,0,0,0,0,0,0,0,0,0,0,0,0,0,9
"107",14,0,0,0,0,0,0,0,0,0,0,0,0,23,0,0,9,0,0,0,16
"1070",0,0,0,10,0,0,0,0,0,0,0,0,0,0,0,0,0,0,0,0,6
"1071",0,0,0,0,0,9,0,0,0,0,0,0,0,0,0,0,0,0,0,0,5
"1073",0,0,0,0,0,6,0,0,0,0,0,0,0,0,0,0,0,0,0,0,5
"1075",0,0,0,8,0,0,0,0,0,0,0,0,0,0,0,0,0,0,0,0,6
"1076",0,0,0,6,0,0,0,0,0,0,0,0,0,0,0,0,0,0,0,0,6
"1077",0,5,0,0,0,0,0,0,0,0,0,0,0,0,0,0,0,0,0,0,17
"1078",0,0,0,0,0,7,0,0,0,0,0,0,0,0,0,0,0,0,0,0,5
"1079",0,0,0,0,0,11,0,0,0,0,0,0,0,0,0,0,0,0,0,0,5
"108",0,0,0,0,0,0,0,0,0,0,0,0,0,36,0,0,28,0,0,0,4
"1082",0,0,0,0,0,12,0,0,0,0,0,0,0,0,0,0,0,0,0,0,5
"1083",0,0,0,5,0,0,0,0,0,0,0,0,0,0,0,0,0,0,0,0,6
"1084",0,0,0,15,0,0,0,0,0,0,0,0,0,0,0,0,0,0,0,0,6
"1085",0,0,0,0,0,5,0,0,0,0,0,0,0,0,0,0,0,0,0,0,5
"1086",0,0,0,0,0,6,0,0,0,0,0,0,0,0,0,0,0,0,0,0,5
"1088",0,0,0,0,0,10,0,0,0,0,0,0,0,0,0,0,0,0,0,0,5
"1089",0,0,0,0,0,11,0,0,0,0,0,0,0,0,0,0,0,0,0,0,5
"109",10,0,0,0,0,0,0,0,0,0,0,0,0,32,0,0,12,0,0,8,15
"1091",0,0,0,0,0,11,0,0,0,0,0,0,0,0,0,0,0,0,0,0,5
"1093",0,0,0,8,0,0,0,0,0,0,0,0,0,0,0,0,0,0,0,0,6
"1094",0,0,0,12,0,0,0,0,0,0,0,0,0,0,0,0,0,0,0,0,6
"1095",0,0,0,9,0,0,0,0,0,0,0,0,0,0,0,0,0,0,0,0,6
"1096",0,0,0,0,0,0,0,12,0,0,0,0,0,0,0,0,0,0,0,0,8
"1097",0,0,0,10,0,0,0,0,0,0,0,0,0,0,0,0,0,0,0,0,6
"1099",0,0,0,0,0,21,0,0,0,0,0,0,0,0,0,0,0,0,0,0,5
"11",9,0,0,0,0,0,0,0,0,0,0,0,0,27,0,0,9,0,0,5,15
"110",14,0,0,0,0,0,0,0,0,0,0,0,0,34,0,0,10,0,0,13,2
"1100",0,0,0,9,0,0,0,0,0,0,0,0,0,0,0,0,0,0,0,0,6
"1101",0,0,0,7,0,0,0,0,0,0,0,0,0,0,0,0,0,0,0,0,6
"1102",0,0,0,0,0,6,0,0,0,0,0,0,0,0,0,0,0,0,0,0,5
"1103",0,0,0,0,0,7,0,0,0,0,0,0,0,0,0,0,0,0,0,0,5
"1104",0,0,0,0,0,0,0,0,0,10,0,0,0,0,0,0,0,0,0,0,7
"1105",0,0,0,0,0,9,0,0,0,0,0,0,0,0,0,0,0,0,0,0,5
"1106",0,0,0,5,0,0,0,0,0,0,0,0,0,0,0,0,0,0,0,0,6
"1107",0,0,0,10,0,0,0,0,0,0,0,0,0,0,0,0,0,0,0,0,6
"1108",0,0,0,0,0,6,0,0,0,0,0,0,0,0,0,0,0,0,0,0,5
"1109",0,0,0,8,0,0,0,0,0,0,0,0,0,0,0,0,0,0,0,0,6
"111",12,0,0,0,0,0,0,0,0,0,0,0,0,33,0,0,8,0,0,15,2
"1110",0,0,0,0,0,11,0,0,0,0,0,0,0,0,0,0,0,0,0,0,5
"1111",0,0,0,0,0,13,0,0,0,0,0,0,0,0,0,0,0,0,0,0,5
"1112",0,0,0,0,0,0,0,0,0,8,0,0,0,0,0,0,0,0,0,0,7
"1113",0,0,0,0,0,0,0,0,0,0,0,0,8,0,0,0,0,0,0,0,18
"1115",0,0,0,0,0,10,0,0,0,0,0,0,0,0,0,0,0,0,0,0,5
"1116",0,0,0,0,0,0,0,0,0,0,0,0,5,0,0,0,0,0,0,0,18
"1118",0,0,0,0,0,9,0,0,0,0,0,0,0,0,0,0,0,0,0,0,5
"1119",0,0,0,6,0,0,0,0,0,0,0,0,0,0,0,0,0,0,0,0,6
"112",8,0,0,0,0,0,0,0,0,0,0,0,0,29,0,0,22,0,0,0,3
"1121",0,0,0,0,0,0,10,0,0,0,0,0,0,0,0,0,0,0,0,0,9
"1123",0,0,0,17,0,0,0,0,0,0,0,0,0,0,0,0,0,0,0,0,6
"1124",0,0,0,6,0,0,0,0,0,0,0,0,0,0,0,0,0,0,0,0,6
"1125",0,0,0,0,0,0,5,0,0,0,0,0,0,0,0,0,0,0,0,0,9
"1126",0,0,0,0,0,13,0,0,0,0,0,0,0,0,0,0,0,0,0,0,5
"1127",0,0,0,0,0,0,0,0,0,9,0,0,0,0,0,0,0,0,0,0,7
"1128",0,0,0,5,0,0,0,0,0,0,0,0,0,0,0,0,0,0,0,0,6
"1129",0,0,0,5,0,7,0,0,0,0,0,0,0,0,0,0,0,0,0,0,19
"113",6,0,0,0,0,0,0,0,0,0,0,0,0,23,0,0,9,0,0,6,15
"1131",0,0,0,11,0,0,0,0,0,0,0,0,0,0,0,0,0,0,0,0,6
"1132",0,0,0,9,0,0,0,0,0,0,0,0,0,0,0,0,0,0,0,0,6
"1133",0,0,0,0,0,6,0,0,0,0,0,0,0,0,0,0,0,0,0,0,5
"1134",0,0,0,10,0,0,0,0,0,0,0,0,0,0,0,0,0,0,0,0,6
"1135",0,0,0,0,0,0,0,0,0,10,0,0,0,0,0,0,0,0,0,0,7
"1136",0,0,0,12,0,0,0,0,0,0,0,0,0,0,0,0,0,0,0,0,6
"1137",0,0,0,8,0,0,0,0,0,0,0,0,0,0,0,0,0,0,0,0,6
"1138",0,0,0,0,0,12,0,0,0,0,0,0,0,0,0,0,0,0,0,0,5
"114",7,0,0,0,0,0,0,0,0,0,0,0,0,34,0,0,15,0,0,5,15
"1141",0,0,0,5,0,0,0,0,0,0,0,0,0,0,0,0,0,0,0,0,6
"1144",0,0,0,0,0,8,0,0,0,0,0,0,0,0,0,0,0,0,0,0,5
"1145",0,0,0,9,0,0,0,0,0,0,0,0,0,0,0,0,0,0,0,0,6
"1146",0,0,0,10,0,0,0,0,0,0,0,0,0,0,0,0,0,0,0,0,6
"1147",0,0,0,9,0,0,0,0,0,0,0,0,0,0,0,0,0,0,0,0,6
"1148",0,0,0,10,0,0,0,0,0,0,0,0,0,0,0,0,0,0,0,0,6
"1149",0,0,0,10,0,0,0,0,0,0,0,0,0,0,0,0,0,0,0,0,6
"115",5,0,0,0,0,0,0,0,0,0,0,0,0,28,0,0,20,0,0,0,3
"1150",0,0,0,0,0,10,0,0,0,0,0,0,0,0,0,0,0,0,0,0,5
"1151",0,0,0,6,0,0,0,0,0,0,0,0,0,0,0,0,0,0,0,0,6
"1153",0,0,0,0,0,19,0,0,0,0,0,0,0,0,0,0,0,0,0,0,5
"1154",0,0,0,0,0,20,0,0,0,0,0,0,0,0,0,0,0,0,0,0,5
"1155",0,0,0,12,0,0,0,0,0,0,0,0,0,0,0,0,0,0,0,0,6
"1156",0,0,0,5,0,0,0,0,0,0,0,0,0,0,0,0,0,0,0,0,6
"1157",0,0,0,6,0,0,0,0,0,0,0,0,0,0,0,0,0,0,0,0,6
"1159",0,0,0,0,0,5,0,0,0,0,0,0,0,0,0,0,0,0,0,0,5
"116",6,0,0,0,0,0,0,0,0,0,0,0,0,37,0,0,31,0,0,0,3
"1161",0,0,0,0,0,7,0,0,0,0,0,0,0,0,0,0,0,0,0,0,5
"1162",0,0,0,8,0,0,0,0,0,0,0,0,0,0,0,0,0,0,0,0,6
"1163",0,0,0,8,0,0,0,0,0,0,0,0,0,0,0,0,0,0,0,0,6
"1164",0,0,0,8,0,0,0,0,0,0,0,0,0,0,0,0,0,0,0,0,6
"1165",0,0,0,0,0,10,0,0,0,0,0,0,0,0,0,0,0,0,0,0,5
"1166",0,0,0,0,0,12,0,0,0,0,0,0,0,0,0,0,0,0,0,0,5
"1167",0,0,0,0,0,12,0,0,0,0,0,0,0,0,0,0,0,0,0,0,5
"1168",0,0,0,8,0,0,0,0,0,0,0,0,0,0,0,0,0,0,0,0,6
"1169",0,0,0,6,0,0,0,0,0,0,0,0,0,0,0,0,0,0,0,0,6
"117",10,0,0,0,0,0,0,0,0,0,0,0,0,38,0,0,33,0,0,0,3
"1170",0,0,0,0,0,11,0,0,0,0,0,0,0,0,0,0,0,0,0,0,5
"1171",0,0,6,7,0,0,0,0,0,0,0,0,0,0,0,0,0,0,0,0,20
"1172",0,0,0,0,0,0,0,0,0,0,0,0,6,0,0,0,0,0,0,0,18
"1174",0,0,0,0,0,6,0,0,0,0,0,0,0,0,0,0,0,0,0,0,5
"1175",0,0,0,6,0,0,0,0,0,0,0,0,0,0,0,0,0,0,0,0,6
"1177",0,0,0,0,0,8,0,0,0,0,0,0,0,0,0,0,0,0,0,0,5
"1178",0,0,0,5,0,0,0,0,0,0,0,0,0,0,0,0,0,0,0,0,6
"1179",0,0,0,0,0,0,0,0,0,0,0,7,0,0,0,0,0,0,0,0,11
"118",10,0,0,0,0,0,0,0,0,0,0,0,0,37,0,0,12,0,6,11,13
"1180",0,0,0,0,0,0,12,0,0,0,0,0,0,0,0,0,0,0,0,0,9
"1181",0,0,0,0,0,0,12,0,0,0,0,0,0,0,0,0,0,0,0,0,9
"1182",0,0,0,0,0,5,0,0,0,0,0,0,0,0,0,0,0,0,0,0,5
"1183",0,0,0,0,0,12,0,0,0,0,0,0,0,0,0,0,0,0,0,0,5
"1184",0,0,0,9,0,0,0,0,0,0,0,0,0,0,0,0,0,0,0,0,6
"1185",0,0,6,0,0,0,0,0,0,0,0,0,0,0,0,0,0,0,0,0,12
"1187",0,0,0,0,0,8,0,0,0,0,0,0,0,0,0,0,0,0,0,0,5
"1188",0,0,0,7,0,0,0,0,0,0,0,0,0,0,0,0,0,0,0,0,6
"1189",0,0,0,5,0,0,0,0,0,0,0,0,0,0,0,0,0,0,0,0,6
"119",11,0,0,0,0,0,0,0,0,0,0,0,0,40,0,0,13,0,0,9,15
"1190",0,0,0,0,0,12,0,0,0,0,0,0,0,0,0,0,0,0,0,0,5
"1192",0,0,0,0,0,0,0,0,0,11,0,0,0,0,0,0,0,0,0,0,7
"1194",0,0,0,8,0,0,0,0,0,0,0,0,0,0,0,0,0,0,0,0,6
"1195",0,0,0,8,0,0,0,0,0,0,0,0,0,0,0,0,0,0,0,0,6
"1196",0,0,0,10,0,0,0,0,0,0,0,0,0,0,0,0,0,0,0,0,6
"1198",0,0,0,9,0,0,0,0,0,0,0,0,0,0,0,0,0,0,0,0,6
"1199",0,0,0,0,0,8,0,0,0,0,0,0,0,0,0,0,0,0,0,0,5
"12",7,0,0,0,0,0,0,0,0,0,0,0,0,30,0,0,18,0,0,0,3
"120",0,0,0,0,0,0,0,0,0,0,0,0,0,19,0,0,8,0,0,0,4
"1200",0,0,0,12,0,0,0,0,0,0,0,0,0,0,0,0,0,0,0,0,6
"1201",0,0,0,11,0,0,0,0,0,0,0,0,0,0,0,0,0,0,0,0,6
"1202",0,0,0,8,0,0,0,0,0,0,0,0,0,0,0,0,0,0,0,0,6
"1203",0,0,0,8,0,0,0,0,0,0,0,0,0,0,0,0,0,0,0,0,6
"1205",0,0,0,0,0,9,0,0,0,0,0,0,0,0,0,0,0,0,0,0,5
"1206",0,0,0,0,0,0,6,0,0,0,0,0,0,0,0,0,0,0,0,0,9
"1208",0,0,0,9,0,0,0,0,0,0,0,0,0,0,0,0,0,0,0,0,6
"1209",0,0,0,8,0,0,0,0,0,0,0,0,0,0,0,0,0,0,0,0,6
"121",6,0,0,0,0,0,0,0,0,0,0,0,0,23,0,0,11,0,0,0,3
"1211",0,0,0,5,0,0,0,0,0,0,0,0,0,0,0,0,0,0,0,0,6
"1212",0,0,0,6,0,0,0,0,0,0,0,0,0,0,0,0,0,0,0,0,6
"1213",0,0,0,0,0,6,0,0,0,0,0,0,0,0,0,0,0,0,0,0,5
"1214",0,0,0,0,0,0,0,0,0,10,0,0,0,0,0,0,0,0,0,0,7
"1216",0,0,0,10,0,0,0,0,0,0,0,0,0,0,0,0,0,0,0,0,6
"1217",0,0,0,8,0,0,0,0,0,0,0,0,0,0,0,0,0,0,0,0,6
"1218",0,0,0,9,0,0,0,0,0,0,0,0,0,0,0,0,0,0,0,0,6
"1219",0,0,0,11,0,0,0,0,0,0,0,0,0,0,0,0,0,0,0,0,6
"122",10,0,0,0,0,0,0,0,0,0,0,0,0,28,0,0,6,0,0,13,2
"1220",0,0,0,0,0,13,0,0,0,0,0,0,0,0,0,0,0,0,0,0,5
"1221",0,0,0,0,0,0,0,0,0,9,0,0,0,0,0,0,0,0,0,0,7
"1222",0,0,0,0,0,0,0,0,0,0,9,0,0,0,0,0,0,0,0,0,21
"1223",0,0,0,11,0,0,0,0,0,0,0,0,0,0,0,0,0,0,0,0,6
"1224",0,0,0,0,0,8,0,0,0,0,0,0,0,0,0,0,0,0,0,0,5
"1225",0,0,0,0,0,9,0,0,0,0,0,0,0,0,0,0,0,0,0,0,5
"1227",0,0,0,0,0,0,12,0,0,0,0,0,0,0,0,0,0,0,0,0,9
"1228",0,0,0,10,0,0,0,0,0,0,0,0,0,0,0,0,0,0,0,0,6
"1229",0,0,0,0,5,9,0,0,0,0,0,0,0,0,0,0,0,0,0,0,22
"123",6,0,0,0,0,0,0,0,0,0,0,0,0,29,0,0,8,0,6,9,13
"1230",0,0,0,14,0,0,0,0,0,0,0,0,0,0,0,0,0,0,0,0,6
"1231",0,0,0,7,0,0,0,0,0,0,0,0,0,0,0,0,0,0,0,0,6
"1232",0,0,0,9,0,0,0,0,0,0,0,0,0,0,0,0,0,0,0,0,6
"1233",0,0,0,0,0,10,0,0,0,0,0,0,0,0,0,0,0,0,0,0,5
"1234",0,0,0,0,0,8,0,0,0,0,0,0,0,0,0,0,0,0,0,0,5
"1236",0,0,0,7,0,0,0,0,0,0,0,0,0,0,0,0,0,0,0,0,6
"1237",0,0,0,0,0,7,0,0,0,0,0,0,0,0,0,0,0,0,0,0,5
"1238",0,0,0,0,0,0,11,0,0,0,0,0,0,0,0,0,0,0,0,0,9
"1239",0,0,0,5,0,5,0,0,0,0,0,0,0,0,0,0,0,0,0,0,19
"124",9,0,0,0,0,0,0,0,0,0,0,0,0,31,0,0,13,0,6,7,13
"1240",0,0,0,11,0,0,0,0,0,0,0,0,0,0,0,0,0,0,0,0,6
"1241",0,0,0,17,0,0,0,0,0,0,0,0,0,0,0,0,0,0,0,0,6
"1242",0,0,0,0,0,5,6,0,0,0,0,0,0,0,0,0,0,0,0,0,23
"1245",0,0,0,10,0,0,0,0,0,0,0,0,0,0,0,0,0,0,0,0,6
"1246",0,0,0,0,0,0,0,11,0,0,0,0,0,0,0,0,0,0,0,0,8
"1247",0,0,0,8,0,0,0,0,0,0,0,0,0,0,0,0,0,0,0,0,6
"1248",0,0,0,8,0,0,0,0,0,0,0,0,0,0,0,0,0,0,0,0,6
"1249",0,0,0,5,0,0,0,0,0,0,0,0,0,0,0,0,0,0,0,0,6
"125",7,0,0,0,0,0,0,0,0,0,0,0,0,25,0,0,10,0,0,6,15
"1250",0,0,0,0,0,16,0,0,0,0,0,0,0,0,0,0,0,0,0,0,5
"1251",0,0,0,0,0,11,0,0,0,0,0,0,0,0,0,0,0,0,0,0,5
"1252",0,0,0,0,0,8,0,0,0,0,0,0,0,0,0,0,0,0,0,0,5
"1253",0,0,0,0,0,13,0,0,0,0,0,0,0,0,0,0,0,0,0,0,5
"1255",0,0,0,0,0,14,0,0,0,0,0,0,0,0,0,0,0,0,0,0,5
"1256",0,0,0,7,0,0,0,0,0,0,0,0,0,0,0,0,0,0,0,0,6
"1257",0,0,0,0,0,10,0,0,0,0,0,0,0,0,0,0,0,0,0,0,5
"1258",0,0,0,0,0,0,0,0,0,9,0,0,0,0,0,0,0,0,0,0,7
"1259",0,0,0,0,0,9,0,0,0,0,0,0,0,0,0,0,0,0,0,0,5
"126",10,0,0,0,0,0,0,0,0,0,0,0,0,25,0,0,14,0,7,5,13
"1261",0,0,0,8,0,0,0,0,0,0,0,0,0,0,0,0,0,0,0,0,6
"1263",0,0,0,0,0,0,11,0,0,0,0,0,0,0,0,0,0,0,0,0,9
"1264",0,0,6,0,0,0,0,0,0,0,0,0,0,0,0,0,0,0,0,0,12
"1265",0,0,0,15,0,0,0,0,0,0,0,0,0,0,0,0,0,0,0,0,6
"1266",0,0,0,7,0,0,0,0,0,0,0,0,0,0,0,0,0,0,0,0,6
"1267",0,0,0,0,0,7,0,0,0,0,0,0,0,0,0,0,0,0,0,0,5
"1269",0,0,0,0,0,8,0,0,0,0,0,0,0,0,0,0,0,0,0,0,5
"127",6,0,0,0,0,0,0,0,0,0,0,0,0,46,0,0,23,0,6,11,1
"1270",0,0,0,9,0,0,0,0,0,0,0,0,0,0,0,0,0,0,0,0,6
"1271",0,0,0,0,0,0,0,0,0,6,0,0,0,0,0,0,0,0,0,0,7
"1272",0,0,0,0,0,13,0,0,0,0,0,0,0,0,0,0,0,0,0,0,5
"1273",0,0,0,12,0,0,0,0,0,0,0,0,0,0,0,0,0,0,0,0,6
"1274",0,0,0,0,0,16,0,0,0,0,0,0,0,0,0,0,0,0,0,0,5
"1275",0,0,0,0,0,0,0,0,0,7,0,0,0,0,0,0,0,0,0,0,7
"1276",0,0,0,0,0,0,7,0,0,0,0,0,0,0,0,0,0,0,0,0,9
"1277",0,0,0,8,0,0,0,0,0,0,0,0,0,0,0,0,0,0,0,0,6
"1278",0,0,0,0,0,11,0,0,0,0,0,0,0,0,0,0,0,0,0,0,5
"1279",0,0,0,6,0,0,5,0,0,0,0,0,0,0,0,0,0,0,0,0,24
"128",6,0,0,0,0,0,0,0,0,0,0,0,0,31,0,0,19,0,0,6,1
"1280",0,0,0,0,0,12,0,0,0,0,0,0,0,0,0,0,0,0,0,0,5
"1281",0,0,0,0,0,13,0,0,0,0,0,0,0,0,0,0,0,0,0,0,5
"1282",0,0,0,5,0,0,0,0,0,0,0,0,0,0,0,0,0,0,0,0,6
"1284",0,0,0,0,0,0,8,0,0,0,0,0,0,0,0,0,0,0,0,0,9
"1285",0,0,0,0,0,5,0,0,0,0,0,0,0,0,0,0,0,0,0,0,5
"1286",0,0,0,0,0,10,0,0,0,0,0,0,0,0,0,0,0,0,0,0,5
"1288",0,0,0,5,0,0,0,0,0,0,0,0,0,0,0,0,0,0,0,0,6
"1289",0,0,0,7,0,0,0,0,0,0,0,0,0,0,0,0,0,0,0,0,6
"129",6,0,0,0,0,0,0,0,0,0,0,0,0,28,0,0,11,0,6,5,13
"1290",0,0,0,13,0,0,0,0,0,0,0,0,0,0,0,0,0,0,0,0,6
"1291",0,0,0,12,0,0,0,0,0,0,0,0,0,0,0,0,0,0,0,0,6
"1292",0,0,0,0,0,6,0,0,0,0,0,0,0,0,0,0,0,0,0,0,5
"1293",0,0,0,10,0,0,0,0,0,0,0,0,0,0,0,0,0,0,0,0,6
"1294",0,0,0,15,0,0,0,0,0,0,0,0,0,0,0,0,0,0,0,0,6
"1295",0,0,0,0,0,5,0,0,0,0,0,0,0,0,0,0,0,0,0,0,5
"1296",0,0,0,5,0,0,0,0,0,0,0,0,0,0,0,0,0,0,0,0,6
"1297",0,0,0,10,0,0,0,0,0,0,0,0,0,0,0,0,0,0,0,0,6
"1298",0,0,0,7,0,0,0,0,0,0,0,0,0,0,0,0,0,0,0,0,6
"1299",0,0,0,10,0,0,0,0,0,0,0,0,0,0,0,0,0,0,0,0,6
"13",9,0,0,0,0,0,0,0,0,0,0,0,0,33,0,0,13,0,0,11,15
"130",6,0,0,0,0,0,0,0,0,0,0,0,0,31,0,0,19,0,0,5,1
"1300",0,0,0,8,0,0,0,0,0,0,0,0,0,0,0,0,0,0,0,0,6
"1301",0,0,0,0,0,0,0,0,6,0,0,0,0,0,0,0,0,0,0,0,25
"1302",0,0,0,0,0,8,0,0,0,0,0,0,0,0,0,0,0,0,0,0,5
"1303",0,0,0,5,0,0,0,0,0,0,0,0,0,0,0,0,0,0,0,0,6
"1304",0,0,0,0,0,0,0,0,8,0,0,0,0,0,0,0,0,0,0,0,25
"1306",0,0,0,0,0,0,0,0,0,0,0,6,0,0,0,0,0,0,0,0,11
"1307",0,0,0,0,0,10,0,0,0,0,0,0,0,0,0,0,0,0,0,0,5
"1308",0,0,0,0,0,12,0,0,0,0,0,0,0,0,0,0,0,0,0,0,5
"1309",0,5,0,0,0,0,0,0,0,0,0,0,0,0,0,0,0,0,0,0,17
"131",5,0,0,0,0,0,0,0,0,0,0,0,0,28,0,0,19,0,0,0,3
"1310",0,0,0,5,0,0,0,0,0,0,0,0,0,0,0,0,0,0,0,0,6
"1311",0,0,0,7,0,0,0,0,0,0,0,0,0,0,0,0,0,0,0,0,6
"1312",0,0,0,0,0,0,0,0,0,0,0,7,0,0,0,0,0,0,0,0,11
"1313",0,0,0,0,0,10,0,0,0,0,0,0,0,0,0,0,0,0,0,0,5
"1314",0,0,0,10,0,0,0,0,0,0,0,0,0,0,0,0,0,0,0,0,6
"1315",0,0,0,0,0,10,0,0,0,0,0,0,0,0,0,0,0,0,0,0,5
"1316",0,0,0,0,0,7,0,0,0,0,0,0,0,0,0,0,0,0,0,0,5
"1317",0,0,0,6,0,0,0,0,0,0,0,0,0,0,0,0,0,0,0,0,6
"1318",0,0,0,9,0,0,0,0,0,0,0,0,0,0,0,0,0,0,0,0,6
"1319",0,0,0,0,0,9,0,0,0,0,0,0,0,0,0,0,0,0,0,0,5
"132",9,0,0,0,0,0,0,0,0,0,0,0,0,30,0,0,13,0,0,5,15
"1320",0,0,0,0,0,18,0,0,0,0,0,0,0,0,0,0,0,0,0,0,5
"1321",0,0,0,6,0,0,0,0,0,0,0,0,0,0,0,0,0,0,0,0,6
"1323",0,0,0,0,0,0,8,0,0,0,0,0,0,0,0,0,0,0,0,0,9
"1324",0,0,0,0,0,6,0,0,0,0,0,0,0,0,0,0,0,0,0,0,5
"1326",0,0,0,10,0,0,0,0,0,0,0,0,0,0,0,0,0,0,0,0,6
"1327",0,0,0,11,0,0,0,0,0,0,0,0,0,0,0,0,0,0,0,0,6
"1328",0,0,0,0,0,0,6,0,0,0,0,0,0,0,0,0,0,0,0,0,9
"1329",0,0,0,0,0,12,0,0,0,0,0,0,0,0,0,0,0,0,0,0,5
"133",9,0,0,0,0,0,0,0,0,0,0,0,0,32,0,0,15,0,0,7,15
"1330",0,0,0,0,0,0,0,0,0,14,0,0,0,0,0,0,0,0,0,0,7
"1332",0,5,0,9,0,0,0,0,0,0,0,0,0,0,0,0,0,0,0,0,26
"1333",0,0,0,0,0,0,0,0,0,8,0,0,0,0,0,0,0,0,0,0,7
"1334",0,0,0,0,0,0,0,0,0,14,0,0,0,0,0,0,0,0,0,0,7
"1335",0,0,0,0,0,8,0,0,0,0,0,0,0,0,0,0,0,0,0,0,5
"1336",0,0,0,10,0,0,0,0,0,0,0,0,0,0,0,0,0,0,0,0,6
"1337",0,0,0,0,0,8,0,0,0,0,0,0,0,0,0,0,0,0,0,0,5
"1338",0,0,0,8,0,0,0,0,0,0,0,0,0,0,0,0,0,0,0,0,6
"1339",0,0,6,0,0,0,0,0,0,0,0,0,0,0,0,0,0,0,0,0,12
"134",8,0,0,0,0,0,0,0,0,0,0,0,0,30,0,0,20,0,0,0,3
"1341",0,0,0,8,0,0,0,0,0,0,0,0,0,0,0,0,0,0,0,0,6
"1342",0,0,0,6,0,0,0,0,0,0,0,0,0,0,0,0,0,0,0,0,6
"1343",0,0,0,13,0,0,0,0,0,0,0,0,0,0,0,0,0,0,0,0,6
"1344",0,0,0,0,0,11,0,0,0,0,0,0,0,0,0,0,0,0,0,0,5
"1345",0,0,0,10,0,0,0,0,0,0,0,0,0,0,0,0,0,0,0,0,6
"1346",0,0,0,0,0,0,5,0,0,0,0,0,0,0,0,0,0,0,0,0,9
"1349",0,0,0,9,0,0,0,0,0,0,0,0,0,0,0,0,0,0,0,0,6
"135",12,0,0,0,0,0,0,0,0,0,0,0,0,34,0,0,23,0,0,0,3
"1350",0,0,0,14,0,0,0,0,0,0,0,0,0,0,0,0,0,0,0,0,6
"1352",0,0,8,0,0,0,0,0,0,0,0,0,0,0,0,0,0,0,0,0,12
"1354",0,0,0,0,0,11,0,0,0,0,0,0,0,0,0,0,0,0,0,0,5
"1355",0,0,0,0,0,0,9,0,0,0,0,0,0,0,0,0,0,0,0,0,9
"1356",0,0,0,14,0,0,0,0,0,0,0,0,0,0,0,0,0,0,0,0,6
"1357",0,0,0,10,0,0,0,0,0,0,0,0,0,0,0,0,0,0,0,0,6
"1358",0,0,0,0,0,15,0,0,0,0,0,0,0,0,0,0,0,0,0,0,5
"1359",0,0,0,0,0,9,0,0,0,0,0,0,0,0,0,0,0,0,0,0,5
"136",10,0,0,0,0,0,0,0,0,0,0,0,0,39,0,0,18,0,5,0,10
"1360",0,0,0,9,0,0,0,0,0,0,0,0,0,0,0,0,0,0,0,0,6
"1361",0,0,0,11,0,0,0,0,0,0,0,0,0,0,0,0,0,0,0,0,6
"1362",0,0,0,8,0,0,0,0,0,0,0,0,0,0,0,0,0,0,0,0,6
"1363",0,0,0,0,0,5,0,0,0,0,0,0,0,0,0,0,0,0,0,0,5
"1364",0,0,0,5,0,0,0,0,0,0,0,0,0,0,0,0,0,0,0,0,6
"1365",0,0,0,0,0,6,0,0,0,0,0,0,0,0,0,0,0,0,0,0,5
"1366",0,0,0,0,0,0,0,0,13,0,0,0,0,0,0,0,0,0,0,0,25
"1367",0,0,0,0,0,0,11,0,0,0,0,0,0,0,0,0,0,0,0,0,9
"1368",0,0,0,7,0,0,0,0,0,0,0,0,0,0,0,0,0,0,0,0,6
"1369",0,0,0,0,0,0,0,0,0,12,0,0,0,0,0,0,0,0,0,0,7
"137",0,0,0,0,0,0,0,0,0,0,0,0,0,27,0,0,9,0,7,6,27
"1370",0,0,0,0,0,6,0,0,0,0,0,0,0,0,0,0,0,0,0,0,5
"1371",0,0,0,0,0,0,0,0,0,9,0,0,0,0,0,0,0,0,0,0,7
"1372",0,0,0,0,0,8,0,0,0,0,0,0,0,0,0,0,0,0,0,0,5
"1373",0,0,0,9,0,0,0,0,0,0,0,0,0,0,0,0,0,0,0,0,6
"1374",0,0,0,0,0,0,6,0,0,0,0,0,0,0,0,0,0,0,0,0,9
"1379",0,0,0,5,0,0,0,0,0,0,0,0,0,0,0,0,0,0,0,0,6
"138",9,0,0,0,0,0,0,0,0,0,0,0,0,35,0,0,26,0,0,0,3
"1380",0,0,0,6,0,0,0,0,0,0,0,0,0,0,0,0,0,0,0,0,6
"1381",0,0,0,14,0,0,0,0,0,0,0,0,0,0,0,0,0,0,0,0,6
"1383",0,0,0,0,0,8,0,0,0,0,0,0,0,0,0,0,0,0,0,0,5
"1384",0,0,0,12,0,0,0,0,0,0,0,0,0,0,0,0,0,0,0,0,6
"1385",0,0,0,9,0,0,0,0,0,0,0,0,0,0,0,0,0,0,0,0,6
"1386",0,0,0,0,0,10,0,0,0,0,0,0,0,0,0,0,0,0,0,0,5
"1387",0,0,0,5,0,6,0,0,0,0,0,0,0,0,0,0,0,0,0,0,19
"1388",0,0,0,5,0,0,0,0,0,0,0,0,0,0,0,0,0,0,0,0,6
"1389",0,0,0,12,0,0,0,0,0,0,0,0,0,0,0,0,0,0,0,0,6
"139",10,0,0,0,0,0,0,0,0,0,0,0,0,46,0,0,37,0,0,0,3
"1390",0,0,0,0,0,8,0,0,0,0,0,0,0,0,0,0,0,0,0,0,5
"1391",0,0,0,0,0,0,0,9,0,0,0,0,0,0,0,0,0,0,0,0,8
"1392",0,0,0,7,0,0,0,0,0,0,0,0,0,0,0,0,0,0,0,0,6
"1396",0,0,0,0,0,0,8,0,0,0,0,0,0,0,0,0,0,0,0,0,9
"1397",0,0,0,0,0,7,0,0,0,0,0,0,0,0,0,0,0,0,0,0,5
"1398",0,0,0,0,0,8,0,0,0,0,0,0,0,0,0,0,0,0,0,0,5
"1399",0,0,0,0,0,0,0,0,0,10,0,0,0,0,0,0,0,0,0,0,7
"14",11,0,0,0,0,0,0,0,0,0,0,0,0,18,0,0,16,0,0,0,3
"140",8,0,0,0,0,0,0,0,0,0,0,0,0,17,0,0,5,0,0,0,16
"1400",0,0,0,0,0,5,0,0,0,0,0,0,0,0,0,0,0,0,0,0,5
"1401",0,0,0,14,0,0,0,0,0,0,0,0,0,0,0,0,0,0,0,0,6
"1403",0,0,0,0,0,11,0,0,0,0,0,0,0,0,0,0,0,0,0,0,5
"1404",0,0,0,0,0,0,10,0,0,0,0,0,0,0,0,0,0,0,0,0,9
"1405",0,0,0,0,0,0,0,0,0,7,0,0,0,0,0,0,0,0,0,0,7
"1406",0,0,6,0,0,8,0,0,0,0,0,0,0,0,0,0,0,0,0,0,28
"1407",0,0,0,0,0,0,0,0,0,7,0,0,0,0,0,0,0,0,0,0,7
"1408",0,0,0,12,0,0,0,0,0,0,0,0,0,0,0,0,0,0,0,0,6
"1409",0,0,0,0,0,0,0,0,0,0,0,0,9,0,0,0,0,0,0,0,18
"141",7,0,0,0,0,0,0,0,0,0,0,0,0,23,0,0,7,0,7,8,13
"1410",0,0,0,0,0,11,0,0,0,0,0,0,0,0,0,0,0,0,0,0,5
"1411",0,0,0,0,0,5,0,0,0,0,0,0,0,0,0,0,0,0,0,0,5
"1412",0,0,0,8,0,0,0,0,0,0,0,0,0,0,0,0,0,0,0,0,6
"1414",0,0,0,9,0,0,0,0,0,0,0,0,0,0,0,0,0,0,0,0,6
"1415",0,0,0,11,0,0,0,0,0,0,0,0,0,0,0,0,0,0,0,0,6
"1417",0,0,0,5,0,0,0,0,0,0,0,0,0,0,0,0,0,0,0,0,6
"142",8,0,0,0,0,0,0,0,0,0,0,0,0,35,0,0,26,0,0,0,3
"1420",0,0,0,0,0,8,0,0,0,0,0,0,0,0,0,0,0,0,0,0,5
"1421",0,0,0,0,0,6,0,0,0,0,0,0,0,0,0,0,0,0,0,0,5
"1422",0,0,0,0,0,0,0,0,0,8,0,0,0,0,0,0,0,0,0,0,7
"1424",0,0,0,8,0,0,0,0,0,0,0,0,0,0,0,0,0,0,0,0,6
"1425",0,0,0,0,0,8,0,0,0,0,0,0,0,0,0,0,0,0,0,0,5
"1426",0,0,0,0,0,7,0,0,0,0,0,0,0,0,0,0,0,0,0,0,5
"1427",0,0,0,0,0,9,0,0,0,0,0,0,0,0,0,0,0,0,0,0,5
"1428",0,0,0,0,0,9,0,0,0,0,0,0,0,0,0,0,0,0,0,0,5
"1429",0,0,0,0,0,0,0,0,0,11,0,0,0,0,0,0,0,0,0,0,7
"143",0,0,0,0,0,0,0,0,0,0,0,0,0,32,0,0,14,0,8,8,27
"1430",0,0,0,0,0,11,0,0,0,0,0,0,0,0,0,0,0,0,0,0,5
"1431",0,0,0,0,0,7,0,0,0,0,0,0,0,0,0,0,0,0,0,0,5
"1432",0,0,0,0,0,0,0,0,5,0,0,0,0,0,0,0,0,0,0,0,25
"1433",0,0,0,0,0,0,9,0,0,0,0,0,0,0,0,0,0,0,0,0,9
"1434",0,0,0,0,0,0,7,0,0,0,0,0,0,0,0,0,0,0,0,0,9
"1436",0,0,0,7,0,0,0,0,0,0,0,0,0,0,0,0,0,0,0,0,6
"1437",0,0,0,0,0,9,0,0,0,0,0,0,0,0,0,0,0,0,0,0,5
"1438",0,0,0,0,0,0,0,0,0,7,0,0,0,0,0,0,0,0,0,0,7
"1439",0,0,0,0,0,0,14,0,0,0,0,0,0,0,0,0,0,0,0,0,9
"144",0,0,0,0,0,0,0,0,0,0,0,0,0,29,0,0,7,0,7,6,27
"1440",0,0,0,6,0,0,0,0,0,0,0,0,0,0,0,0,0,0,0,0,6
"1442",0,0,0,0,0,10,0,0,0,0,0,0,0,0,0,0,0,0,0,0,5
"1443",0,0,0,0,0,6,0,0,0,0,0,0,0,0,0,0,0,0,0,0,5
"1444",0,0,0,0,0,0,0,12,0,0,0,0,0,0,0,0,0,0,0,0,8
"1446",0,0,0,13,0,0,0,0,0,0,0,0,0,0,0,0,0,0,0,0,6
"1447",0,0,0,0,0,20,0,0,0,0,0,0,0,0,0,0,0,0,0,0,5
"1449",0,0,0,11,0,0,0,0,0,0,0,0,0,0,0,0,0,0,0,0,6
"145",9,0,0,0,0,0,0,0,0,0,0,0,0,28,0,0,13,0,8,5,13
"1450",0,0,0,0,0,0,7,0,0,0,0,0,0,0,0,0,0,0,0,0,9
"1451",0,0,0,0,0,0,0,0,0,8,0,0,0,0,0,0,0,0,0,0,7
"1452",0,0,0,0,0,11,0,0,0,0,0,0,0,0,0,0,0,0,0,0,5
"1453",0,0,0,9,0,0,0,0,0,0,0,0,0,0,0,0,0,0,0,0,6
"1454",0,0,0,7,0,0,0,0,0,0,0,0,0,0,0,0,0,0,0,0,6
"1455",0,0,0,0,0,0,0,0,6,0,0,0,0,0,0,0,0,0,0,0,25
"1456",0,0,0,0,0,5,0,0,0,0,0,0,0,0,0,0,0,0,0,0,5
"1457",0,0,0,6,0,5,0,0,0,0,0,0,0,0,0,0,0,0,0,0,19
"1458",0,0,0,7,0,0,0,0,0,0,0,0,0,0,0,0,0,0,0,0,6
"1459",0,0,0,9,0,0,0,0,0,0,0,0,0,0,0,0,0,0,0,0,6
"146",8,0,0,0,0,0,0,0,0,0,0,0,0,43,0,0,14,0,0,12,15
"1460",0,0,0,7,0,0,0,0,0,0,0,0,0,0,0,0,0,0,0,0,6
"1461",0,0,0,12,0,0,0,0,0,0,0,0,0,0,0,0,0,0,0,0,6
"1462",0,0,0,14,0,0,0,0,0,0,0,0,0,0,0,0,0,0,0,0,6
"1463",0,0,0,0,0,16,0,0,0,0,0,0,0,0,0,0,0,0,0,0,5
"1464",0,0,0,0,0,0,11,0,0,0,0,0,0,0,0,0,0,0,0,0,9
"1465",0,0,0,0,0,0,0,0,0,10,0,0,0,0,0,0,0,0,0,0,7
"1466",0,0,0,6,0,0,0,0,0,0,0,0,0,0,0,0,0,0,0,0,6
"1467",0,0,0,0,0,0,10,0,0,0,0,0,0,0,0,0,0,0,0,0,9
"1468",0,0,0,0,0,0,0,0,0,6,0,0,0,0,0,0,0,0,0,0,7
"1469",0,0,0,0,0,7,0,0,0,0,0,0,0,0,0,0,0,0,0,0,5
"147",11,0,0,0,0,0,0,0,0,0,0,0,0,36,0,0,17,0,5,6,13
"1471",0,0,0,5,0,0,6,0,0,0,0,0,0,0,0,0,0,0,0,0,24
"1472",0,0,0,0,0,0,6,0,0,0,0,0,0,0,0,0,0,0,0,0,9
"1473",0,0,0,0,0,0,11,0,0,0,0,0,0,0,0,0,0,0,0,0,9
"1474",0,0,0,7,0,0,0,0,0,0,0,0,0,0,0,0,0,0,0,0,6
"1475",0,0,0,0,0,0,0,0,10,0,0,0,0,0,0,0,0,0,0,0,25
"1476",0,0,0,9,0,0,0,0,0,0,0,0,0,0,0,0,0,0,0,0,6
"1477",0,0,0,0,0,0,6,0,0,0,0,0,0,0,0,0,0,0,0,0,9
"1478",0,0,0,0,0,0,0,0,0,7,0,0,0,0,0,0,0,0,0,0,7
"1479",0,0,0,0,0,13,0,0,0,0,0,0,0,0,0,0,0,0,0,0,5
"148",0,0,0,0,0,0,0,0,0,0,0,0,0,28,0,0,20,0,0,0,4
"1480",0,0,0,0,0,0,7,0,0,0,0,0,0,0,0,0,0,0,0,0,9
"1481",0,0,0,15,0,0,0,0,0,0,0,0,0,0,0,0,0,0,0,0,6
"1482",0,0,0,6,0,0,0,0,0,0,0,0,0,0,0,0,0,0,0,0,6
"1483",0,0,0,10,0,0,0,0,0,0,0,0,0,0,0,0,0,0,0,0,6
"1484",0,0,0,14,0,0,0,0,0,0,0,0,0,0,0,0,0,0,0,0,6
"1485",0,0,0,10,0,0,0,0,0,0,0,0,0,0,0,0,0,0,0,0,6
"1486",0,0,0,0,0,12,0,0,0,0,0,0,0,0,0,0,0,0,0,0,5
"1487",0,0,0,5,0,0,0,0,0,0,0,0,0,0,0,0,0,0,0,0,6
"1488",0,0,0,0,0,11,0,0,0,0,0,0,0,0,0,0,0,0,0,0,5
"149",6,0,0,0,0,0,0,0,0,0,0,0,0,35,7,5,33,0,0,0,29
"1490",0,0,0,0,0,0,10,0,0,0,0,0,0,0,0,0,0,0,0,0,9
"1491",0,0,0,7,0,0,0,0,0,0,0,0,0,0,0,0,0,0,0,0,6
"1492",0,0,0,0,0,5,0,0,0,0,0,0,0,0,0,0,0,0,0,0,5
"1493",0,0,0,0,0,10,0,0,0,0,0,0,0,0,0,0,0,0,0,0,5
"1494",0,0,0,15,0,0,0,0,0,0,0,0,0,0,0,0,0,0,0,0,6
"1495",0,0,0,6,0,0,0,0,0,0,0,0,0,0,0,0,0,0,0,0,6
"1496",0,0,0,8,0,0,0,0,0,0,0,0,0,0,0,0,0,0,0,0,6
"1498",0,0,0,0,0,9,0,0,0,0,0,0,0,0,0,0,0,0,0,0,5
"1499",0,0,0,0,0,0,0,0,0,0,0,0,10,0,0,0,0,0,0,0,18
"15",8,0,0,0,0,0,0,0,0,0,0,0,0,34,0,0,14,0,0,10,15
"150",14,0,0,0,0,0,0,0,0,0,0,0,0,29,0,0,22,0,0,0,3
"1500",0,0,0,5,0,0,0,0,0,0,0,0,0,0,0,0,0,0,0,0,6
"1501",0,0,0,5,0,0,0,0,0,0,0,0,0,0,0,0,0,0,0,0,6
"1502",0,0,0,7,0,0,0,0,0,0,0,0,0,0,0,0,0,0,0,0,6
"1503",0,0,0,8,0,0,0,0,0,0,0,0,0,0,0,0,0,0,0,0,6
"1504",0,0,0,0,0,6,0,0,0,0,0,0,0,0,0,0,0,0,0,0,5
"1505",0,0,0,15,0,0,0,0,0,0,0,0,0,0,0,0,0,0,0,0,6
"1506",0,0,0,0,0,7,0,0,0,0,0,0,0,0,0,0,0,0,0,0,5
"1507",0,0,0,0,0,0,6,0,0,0,0,0,0,0,0,0,0,0,0,0,9
"1508",0,0,0,0,0,0,6,0,0,0,0,0,0,0,0,0,0,0,0,0,9
"1509",0,0,0,0,0,0,11,0,0,0,0,0,0,0,0,0,0,0,0,0,9
"151",11,0,0,0,0,0,0,0,0,0,0,0,0,30,0,0,14,0,0,7,15
"1510",0,0,0,8,0,0,0,0,0,0,0,0,0,0,0,0,0,0,0,0,6
"1511",0,0,0,0,0,0,0,0,0,12,0,0,0,0,0,0,0,0,0,0,7
"1513",0,0,0,0,0,8,0,0,0,0,0,0,0,0,0,0,0,0,0,0,5
"1514",0,0,8,0,0,0,0,0,0,0,0,0,0,0,0,0,0,0,0,0,12
"1515",0,0,0,8,0,0,0,0,0,0,0,0,0,0,0,0,0,0,0,0,6
"1517",0,0,6,9,0,0,0,0,0,0,0,0,0,0,0,0,0,0,0,0,20
"1518",0,0,0,0,0,5,0,0,0,0,0,0,0,0,0,0,0,0,0,0,5
"1519",0,0,0,0,0,0,7,0,0,0,0,0,0,0,0,0,0,0,0,0,9
"152",7,0,0,0,0,0,0,0,0,0,0,0,0,33,0,0,10,0,8,8,13
"1520",0,0,0,0,0,0,0,0,0,10,0,0,0,0,0,0,0,0,0,0,7
"1521",0,0,0,8,0,0,0,0,0,0,0,0,0,0,0,0,0,0,0,0,6
"1522",0,0,0,0,0,0,0,0,0,0,0,11,0,0,0,0,0,0,0,0,11
"1523",0,0,0,0,0,0,0,0,0,7,0,0,0,0,0,0,0,0,0,0,7
"1525",0,0,0,6,0,0,0,0,0,0,0,0,0,0,0,0,0,0,0,0,6
"1526",0,0,0,11,0,0,0,0,0,0,0,0,0,0,0,0,0,0,0,0,6
"1527",0,0,0,0,0,8,0,0,0,0,0,0,0,0,0,0,0,0,0,0,5
"1528",0,0,0,0,0,10,0,0,0,0,0,0,0,0,0,0,0,0,0,0,5
"1529",0,0,0,0,0,0,0,0,10,0,0,0,0,0,0,0,0,0,0,0,25
"153",0,0,0,0,0,0,0,0,0,0,0,0,0,35,0,0,25,0,0,0,4
"1530",0,0,0,0,0,0,0,8,0,0,0,0,0,0,0,0,0,0,0,0,8
"1531",0,0,0,6,0,0,0,0,0,0,0,0,0,0,0,0,0,0,0,0,6
"1532",0,0,0,9,0,0,0,0,0,0,0,0,0,0,0,0,0,0,0,0,6
"1533",0,0,0,0,0,7,0,0,0,0,0,0,0,0,0,0,0,0,0,0,5
"1534",0,0,0,7,0,0,0,0,0,0,0,0,0,0,0,0,0,0,0,0,6
"1535",0,0,0,0,0,9,0,0,0,0,0,0,0,0,0,0,0,0,0,0,5
"1536",0,0,0,6,0,8,0,0,0,0,0,0,0,0,0,0,0,0,0,0,19
"1537",0,0,0,0,0,14,0,0,0,0,0,0,0,0,0,0,0,0,0,0,5
"1539",0,0,0,0,0,6,0,0,0,0,0,0,0,0,0,0,0,0,0,0,5
"154",11,0,0,0,0,0,0,0,0,0,0,0,0,37,0,0,12,0,6,12,13
"1540",0,0,0,11,0,0,0,0,0,0,0,0,0,0,0,0,0,0,0,0,6
"1541",0,0,0,0,0,0,11,0,0,0,0,0,0,0,0,0,0,0,0,0,9
"1542",0,0,0,0,0,8,0,0,0,0,0,0,0,0,0,0,0,0,0,0,5
"1543",0,0,0,0,0,7,0,0,0,0,0,0,0,0,0,0,0,0,0,0,5
"1544",0,0,0,0,0,10,0,0,0,0,0,0,0,0,0,0,0,0,0,0,5
"1545",0,0,0,0,0,11,0,0,0,0,0,0,0,0,0,0,0,0,0,0,5
"1546",0,0,0,11,0,0,0,0,0,0,0,0,0,0,0,0,0,0,0,0,6
"1547",0,0,0,5,0,0,0,0,0,0,0,0,0,0,0,0,0,0,0,0,6
"1548",0,0,0,9,0,0,0,0,0,0,0,0,0,0,0,0,0,0,0,0,6
"1549",0,0,0,0,0,5,0,0,0,0,0,0,0,0,0,0,0,0,0,0,5
"155",6,0,0,0,0,0,0,0,0,0,0,0,0,36,0,0,10,0,0,13,2
"1550",0,0,0,0,0,0,0,0,0,7,0,0,0,0,0,0,0,0,0,0,7
"1552",0,0,0,0,0,0,8,0,0,0,0,0,0,0,0,0,0,0,0,0,9
"1553",0,0,0,5,0,0,0,0,0,0,0,0,0,0,0,0,0,0,0,0,6
"1554",0,0,0,5,0,0,0,0,0,0,0,0,0,0,0,0,0,0,0,0,6
"1555",0,0,0,0,0,12,0,0,0,0,0,0,0,0,0,0,0,0,0,0,5
"1556",0,0,0,13,0,0,0,0,0,0,0,0,0,0,0,0,0,0,0,0,6
"1557",0,0,0,8,0,0,0,0,0,0,0,0,0,0,0,0,0,0,0,0,6
"1558",0,0,0,0,0,11,0,0,0,0,0,0,0,0,0,0,0,0,0,0,5
"1559",0,0,0,0,0,0,10,0,0,0,0,0,0,0,0,0,0,0,0,0,9
"156",0,0,0,0,0,0,0,0,0,0,0,0,0,32,0,0,12,0,6,10,27
"1560",0,0,0,0,0,14,0,0,0,0,0,0,0,0,0,0,0,0,0,0,5
"1561",0,0,0,5,0,0,0,0,0,0,0,0,0,0,0,0,0,0,0,0,6
"1562",0,0,0,12,0,0,0,0,0,0,0,0,0,0,0,0,0,0,0,0,6
"1563",0,0,0,9,0,0,0,0,0,0,0,0,0,0,0,0,0,0,0,0,6
"1564",0,0,0,0,0,0,5,0,0,0,0,0,0,0,0,0,0,0,0,0,9
"1565",0,0,0,7,0,0,0,0,0,0,0,0,0,0,0,0,0,0,0,0,6
"1566",0,0,0,8,0,0,0,0,0,0,0,0,0,0,0,0,0,0,0,0,6
"1567",0,0,0,8,0,0,0,0,0,0,0,0,0,0,0,0,0,0,0,0,6
"1568",0,0,0,5,0,0,0,0,0,0,0,0,0,0,0,0,0,0,0,0,6
"1569",0,0,0,0,0,8,0,0,0,0,0,0,0,0,0,0,0,0,0,0,5
"157",0,0,0,0,0,0,0,0,0,0,0,0,0,38,0,0,35,0,0,0,4
"1570",0,0,0,0,0,0,10,0,0,0,0,0,0,0,0,0,0,0,0,0,9
"1571",0,0,0,0,0,11,0,0,0,0,0,0,0,0,0,0,0,0,0,0,5
"1572",0,0,0,0,0,8,0,0,0,0,0,0,0,0,0,0,0,0,0,0,5
"1573",0,0,0,5,0,0,0,0,0,0,0,0,0,0,0,0,0,0,0,0,6
"1574",0,0,0,0,0,0,6,0,0,0,0,0,0,0,0,0,0,0,0,0,9
"1575",0,0,0,0,0,9,0,0,0,0,0,0,0,0,0,0,0,0,0,0,5
"1576",0,0,0,8,0,0,0,0,0,0,0,0,0,0,0,0,0,0,0,0,6
"1578",0,0,0,11,0,0,0,0,0,0,0,0,0,0,0,0,0,0,0,0,6
"1579",0,0,0,7,0,0,0,0,0,0,0,0,0,0,0,0,0,0,0,0,6
"158",0,0,0,0,0,0,0,0,0,0,0,0,0,29,0,0,13,0,8,6,27
"1580",0,0,0,0,0,0,0,0,0,7,0,0,0,0,0,0,0,0,0,0,7
"1581",0,0,0,8,0,0,0,0,0,0,0,0,0,0,0,0,0,0,0,0,6
"1582",0,0,0,0,0,0,9,0,0,0,0,0,0,0,0,0,0,0,0,0,9
"1584",0,0,0,0,0,0,8,0,0,0,0,0,0,0,0,0,0,0,0,0,9
"1585",0,0,0,0,0,0,0,0,0,7,0,0,0,0,0,0,0,0,0,0,7
"1586",0,0,0,7,0,0,0,0,0,0,0,0,0,0,0,0,0,0,0,0,6
"1587",0,0,0,0,0,0,10,0,0,0,0,0,0,0,0,0,0,0,0,0,9
"1588",0,0,0,9,0,0,0,0,0,0,0,0,0,0,0,0,0,0,0,0,6
"1589",0,0,0,12,0,0,0,0,0,0,0,0,0,0,0,0,0,0,0,0,6
"159",5,0,0,0,0,0,0,0,0,0,0,0,0,30,0,0,6,0,0,11,2
"1590",0,0,0,0,0,15,0,0,0,0,0,0,0,0,0,0,0,0,0,0,5
"1591",0,0,0,0,0,11,0,0,0,0,0,0,0,0,0,0,0,0,0,0,5
"1592",0,0,0,0,0,15,0,0,0,0,0,0,0,0,0,0,0,0,0,0,5
"1593",0,0,0,0,0,8,0,0,0,0,0,0,0,0,0,0,0,0,0,0,5
"1595",0,0,0,14,0,0,0,0,0,0,0,0,0,0,0,0,0,0,0,0,6
"1596",0,0,0,5,0,0,0,0,0,0,0,0,0,0,0,0,0,0,0,0,6
"1597",0,0,0,0,0,0,11,0,0,0,0,0,0,0,0,0,0,0,0,0,9
"1598",0,0,0,8,0,0,0,0,0,0,0,0,0,0,0,0,0,0,0,0,6
"1599",0,0,0,11,0,0,0,0,0,0,0,0,0,0,0,0,0,0,0,0,6
"16",0,0,0,0,0,0,0,0,0,0,0,0,0,31,0,0,16,0,0,7,4
"160",9,0,0,0,0,0,0,0,0,0,0,0,0,35,0,0,15,0,0,11,15
"1600",0,0,0,10,0,0,0,0,0,0,0,0,0,0,0,0,0,0,0,0,6
"1601",0,0,0,0,0,0,9,0,0,0,0,0,0,0,0,0,0,0,0,0,9
"1602",0,0,0,11,0,0,0,0,0,0,0,0,0,0,0,0,0,0,0,0,6
"1603",0,0,0,7,0,0,0,0,0,0,0,0,0,0,0,0,0,0,0,0,6
"1604",0,0,0,10,0,0,0,0,0,0,0,0,0,0,0,0,0,0,0,0,6
"1605",0,0,0,13,0,0,0,0,0,0,0,0,0,0,0,0,0,0,0,0,6
"1606",0,0,0,15,0,0,0,0,0,0,0,0,0,0,0,0,0,0,0,0,6
"1607",0,0,0,0,0,9,0,0,0,0,0,0,0,0,0,0,0,0,0,0,5
"1608",0,0,0,0,0,0,10,0,0,0,0,0,0,0,0,0,0,0,0,0,9
"1609",0,0,0,0,0,0,0,0,0,5,0,0,0,0,0,0,0,0,0,0,7
"161",9,0,0,0,0,0,0,0,0,0,0,0,0,24,0,0,14,0,5,0,10
"1610",0,0,0,8,0,0,0,0,0,0,0,0,0,0,0,0,0,0,0,0,6
"1611",0,0,0,15,0,0,0,0,0,0,0,0,0,0,0,0,0,0,0,0,6
"1612",0,0,0,0,0,12,0,0,0,0,0,0,0,0,0,0,0,0,0,0,5
"1613",0,0,0,0,0,11,0,0,0,0,0,0,0,0,0,0,0,0,0,0,5
"1614",0,0,0,9,0,0,0,0,0,0,0,0,0,0,0,0,0,0,0,0,6
"1615",0,0,0,0,0,7,0,0,0,0,0,0,0,0,0,0,0,0,0,0,5
"1616",0,0,0,12,0,0,0,0,0,0,0,0,0,0,0,0,0,0,0,0,6
"1618",0,0,0,6,0,0,0,0,0,0,0,0,0,0,0,0,0,0,0,0,6
"1619",0,0,0,18,0,0,0,0,0,0,0,0,0,0,0,0,0,0,0,0,6
"162",12,0,0,0,0,0,0,0,0,0,0,0,0,23,0,0,15,0,0,0,3
"1620",0,0,0,0,0,10,0,0,0,0,0,0,0,0,0,0,0,0,0,0,5
"1621",0,0,0,0,0,0,0,0,0,0,0,10,0,0,0,0,0,0,0,0,11
"1622",0,0,0,0,0,13,0,0,0,0,0,0,0,0,0,0,0,0,0,0,5
"1623",0,0,0,0,0,0,0,11,0,0,0,0,0,0,0,0,0,0,0,0,8
"1624",0,0,0,10,0,0,0,0,0,0,0,0,0,0,0,0,0,0,0,0,6
"1626",0,0,0,0,0,8,0,0,0,0,0,0,0,0,0,0,0,0,0,0,5
"1629",0,0,0,0,0,9,0,0,0,0,0,0,0,0,0,0,0,0,0,0,5
"163",6,0,0,0,0,0,0,0,0,0,0,0,0,32,0,0,26,0,6,0,3
"1631",0,0,0,7,0,0,0,0,0,0,0,0,0,0,0,0,0,0,0,0,6
"1632",0,0,0,0,0,0,6,0,0,0,0,0,0,0,0,0,0,0,0,0,9
"1635",0,0,0,0,0,7,0,0,0,0,0,0,0,0,0,0,0,0,0,0,5
"1636",0,0,0,0,0,0,0,0,0,7,0,0,0,0,0,0,0,0,0,0,7
"1637",0,0,0,0,0,7,0,0,0,0,0,0,0,0,0,0,0,0,0,0,5
"1639",0,0,0,0,0,5,0,0,0,0,0,0,0,0,0,0,0,0,0,0,5
"164",9,0,0,0,0,0,0,0,0,0,0,0,0,34,0,0,23,0,0,0,3
"1640",0,0,0,10,0,0,0,0,0,0,0,0,0,0,0,0,0,0,0,0,6
"1641",0,0,0,17,0,0,0,0,0,0,0,0,0,0,0,0,0,0,0,0,6
"1642",0,0,0,0,0,0,0,0,0,0,0,6,0,0,0,0,0,0,0,0,11
"1643",0,0,0,0,0,10,0,0,0,0,0,0,0,0,0,0,0,0,0,0,5
"1644",0,0,0,0,0,0,9,0,0,0,0,0,0,0,0,0,0,0,0,0,9
"1646",0,0,0,8,0,0,0,0,0,0,0,0,0,0,0,0,0,0,0,0,6
"1647",0,0,0,17,0,0,0,0,0,0,0,0,0,0,0,0,0,0,0,0,6
"1648",0,0,0,0,0,0,0,0,0,12,0,0,0,0,0,0,0,0,0,0,7
"1649",0,0,0,6,0,0,0,0,0,0,0,0,0,0,0,0,0,0,0,0,6
"165",9,0,0,0,0,0,0,0,0,0,0,0,0,49,0,0,34,0,0,0,3
"1650",0,0,0,10,0,0,0,0,0,0,0,0,0,0,0,0,0,0,0,0,6
"1652",0,0,0,0,0,9,0,0,0,0,0,0,0,0,0,0,0,0,0,0,5
"1653",0,0,0,6,0,0,0,0,0,0,0,0,0,0,0,0,0,0,0,0,6
"1654",0,0,0,0,0,12,0,0,0,0,0,0,0,0,0,0,0,0,0,0,5
"1656",0,0,8,6,0,0,0,0,0,0,0,0,0,0,0,0,0,0,0,0,30
"1657",0,0,0,8,0,0,0,0,0,0,0,0,0,0,0,0,0,0,0,0,6
"1658",0,0,0,0,0,16,0,0,0,0,0,0,0,0,0,0,0,0,0,0,5
"1659",0,0,0,0,0,10,0,0,0,0,0,0,0,0,0,0,0,0,0,0,5
"166",6,0,0,0,0,0,0,0,0,0,0,0,0,32,0,0,22,0,0,0,3
"1660",0,0,0,0,0,0,0,0,0,11,0,0,0,0,0,0,0,0,0,0,7
"1661",0,0,0,0,0,8,0,0,0,0,0,0,0,0,0,0,0,0,0,0,5
"1662",0,0,0,0,0,13,0,0,0,0,0,0,0,0,0,0,0,0,0,0,5
"1663",0,0,0,11,0,0,0,0,0,0,0,0,0,0,0,0,0,0,0,0,6
"1664",0,0,0,0,0,0,0,0,11,0,0,0,0,0,0,0,0,0,0,0,25
"1665",0,0,0,0,0,8,0,0,0,0,0,0,0,0,0,0,0,0,0,0,5
"1667",0,0,0,0,0,0,0,0,0,9,0,0,0,0,0,0,0,0,0,0,7
"1669",0,0,0,6,0,0,0,0,0,0,0,0,0,0,0,0,0,0,0,0,6
"167",5,0,0,0,0,0,0,0,0,0,0,0,0,34,0,0,27,0,0,0,3
"1670",0,0,0,0,0,0,0,0,0,0,0,0,8,0,0,0,0,0,0,0,18
"1671",0,0,0,0,0,0,8,0,0,0,0,0,0,0,0,0,0,0,0,0,9
"1672",0,0,0,6,0,0,0,0,0,0,0,0,0,0,0,0,0,0,0,0,6
"1673",0,0,0,0,0,0,0,0,0,10,0,0,0,0,0,0,0,0,0,0,7
"1675",0,0,0,0,0,17,0,0,0,0,0,0,0,0,0,0,0,0,0,0,5
"1676",0,0,0,0,0,12,0,0,0,0,0,0,0,0,0,0,0,0,0,0,5
"1678",0,0,0,8,0,0,0,0,0,0,0,0,0,0,0,0,0,0,0,0,6
"1679",0,0,0,0,0,0,0,0,0,10,0,0,0,0,0,0,0,0,0,0,7
"168",7,0,0,0,0,0,0,0,0,0,0,0,0,23,0,0,8,0,7,7,13
"1680",0,0,0,0,0,6,0,0,0,0,0,0,0,0,0,0,0,0,0,0,5
"1681",0,0,0,0,0,10,0,0,0,0,0,0,0,0,0,0,0,0,0,0,5
"1682",0,0,0,0,0,0,0,0,0,7,0,0,0,0,0,0,0,0,0,0,7
"1683",0,0,0,0,0,14,0,0,0,0,0,0,0,0,0,0,0,0,0,0,5
"1684",0,0,0,10,0,0,0,0,0,0,0,0,0,0,0,0,0,0,0,0,6
"1685",0,0,0,9,0,0,0,0,0,0,0,0,0,0,0,0,0,0,0,0,6
"1686",0,0,0,0,0,6,0,0,0,0,0,0,0,0,0,0,0,0,0,0,5
"1687",0,0,0,0,0,6,0,0,0,0,0,0,0,0,0,0,0,0,0,0,5
"1688",0,0,0,0,0,0,0,0,0,10,0,0,0,0,0,0,0,0,0,0,7
"1689",0,0,0,9,0,0,0,0,0,0,0,0,0,0,0,0,0,0,0,0,6
"169",5,0,0,0,0,0,0,0,0,0,0,0,0,31,0,0,17,0,5,0,10
"1690",0,0,0,0,0,12,0,0,0,0,0,0,0,0,0,0,0,0,0,0,5
"1691",0,0,0,14,0,0,0,0,0,0,0,0,0,0,0,0,0,0,0,0,6
"1692",0,0,0,6,0,0,0,0,0,0,0,0,0,0,0,0,0,0,0,0,6
"1693",0,0,0,0,0,0,0,0,0,0,11,0,0,0,0,0,0,0,0,0,21
"1694",0,0,0,8,0,0,0,0,0,0,0,0,0,0,0,0,0,0,0,0,6
"1695",0,0,0,7,0,0,0,0,0,0,0,0,0,0,0,0,0,0,0,0,6
"1696",0,0,0,11,0,0,0,0,0,0,0,0,0,0,0,0,0,0,0,0,6
"1697",0,0,0,0,0,0,11,0,0,0,0,0,0,0,0,0,0,0,0,0,9
"1698",0,0,0,0,0,7,0,0,0,0,0,0,0,0,0,0,0,0,0,0,5
"1699",0,0,0,8,0,0,0,0,0,0,0,0,0,0,0,0,0,0,0,0,6
"17",10,0,0,0,0,0,0,0,0,0,0,0,0,26,0,0,11,0,10,5,13
"170",9,0,0,0,0,0,0,0,0,0,0,0,0,33,0,0,12,0,0,8,15
"1700",0,0,0,10,0,0,0,0,0,0,0,0,0,0,0,0,0,0,0,0,6
"1701",0,6,0,14,0,0,0,0,0,0,0,0,0,0,0,0,0,0,0,0,26
"1705",0,0,0,0,0,0,0,0,0,0,6,0,0,0,0,0,0,0,0,0,21
"1708",0,0,0,0,0,6,0,0,0,0,0,0,0,0,0,0,0,0,0,0,5
"1709",0,0,0,0,0,0,0,5,0,0,0,0,0,0,0,0,0,0,0,0,8
"171",9,0,0,0,0,0,0,0,0,0,0,0,0,38,0,0,19,0,0,8,15
"1711",0,0,6,0,0,0,0,0,0,0,0,0,0,0,0,0,0,0,0,0,12
"1713",0,0,0,0,0,11,0,0,0,0,0,0,0,0,0,0,0,0,0,0,5
"1714",0,0,0,8,0,0,0,0,0,0,0,0,0,0,0,0,0,0,0,0,6
"1715",0,0,0,5,0,0,0,0,0,0,0,0,0,0,0,0,0,0,0,0,6
"1716",0,0,0,0,0,0,0,0,0,5,0,0,0,0,0,0,0,0,0,0,7
"1717",0,0,0,0,0,9,0,0,0,0,0,0,0,0,0,0,0,0,0,0,5
"1718",0,0,0,15,0,0,0,0,0,0,0,0,0,0,0,0,0,0,0,0,6
"1719",0,0,0,6,0,0,0,0,0,0,0,0,0,0,0,0,0,0,0,0,6
"172",5,0,0,0,0,0,0,0,0,0,0,0,0,38,0,0,13,0,0,16,2
"1720",0,0,0,10,0,0,0,0,0,0,0,0,0,0,0,0,0,0,0,0,6
"1722",0,0,0,11,0,0,0,0,0,0,0,0,0,0,0,0,0,0,0,0,6
"1723",0,0,0,9,0,0,0,0,0,0,0,0,0,0,0,0,0,0,0,0,6
"1724",0,0,0,0,0,5,0,0,0,0,0,0,0,0,0,0,0,0,0,0,5
"1725",0,0,0,0,0,0,10,0,0,0,0,0,0,0,0,0,0,0,0,0,9
"1726",0,0,0,13,0,0,0,0,0,0,0,0,0,0,0,0,0,0,0,0,6
"1727",0,0,0,0,0,0,13,0,0,0,0,0,0,0,0,0,0,0,0,0,9
"1728",0,0,0,7,0,0,0,0,0,0,0,0,0,0,0,0,0,0,0,0,6
"1729",0,0,0,0,0,0,5,0,0,0,0,0,0,0,0,0,0,0,0,0,9
"173",14,0,0,0,0,0,0,0,0,0,0,0,0,27,0,0,20,0,0,0,3
"1730",0,0,0,15,0,0,0,0,0,0,0,0,0,0,0,0,0,0,0,0,6
"1731",0,0,0,5,0,0,7,0,0,0,0,0,0,0,0,0,0,0,0,0,24
"1734",0,0,0,0,0,6,0,0,0,0,0,0,0,0,0,0,0,0,0,0,5
"1735",0,0,0,8,0,0,0,0,0,0,0,0,0,0,0,0,0,0,0,0,6
"1736",0,0,0,0,0,7,0,0,0,0,0,0,0,0,0,0,0,0,0,0,5
"1738",0,0,0,0,0,7,0,0,0,0,0,0,0,0,0,0,0,0,0,0,5
"1739",0,0,0,0,0,0,12,0,0,0,0,0,0,0,0,0,0,0,0,0,9
"174",8,0,0,0,0,0,0,0,0,0,0,0,0,31,0,0,11,0,0,8,15
"1740",0,0,0,13,0,0,0,0,0,0,0,0,0,0,0,0,0,0,0,0,6
"1741",0,0,0,6,0,0,0,0,0,0,0,0,0,0,0,0,0,0,0,0,6
"1742",0,0,0,0,0,0,0,0,0,6,0,0,0,0,0,0,0,0,0,0,7
"1743",0,0,0,0,0,15,0,0,0,0,0,0,0,0,0,0,0,0,0,0,5
"1744",0,0,0,8,0,0,0,0,0,0,0,0,0,0,0,0,0,0,0,0,6
"1745",0,0,0,5,0,0,0,0,0,0,0,0,0,0,0,0,0,0,0,0,6
"1746",0,0,0,11,0,0,0,0,0,0,0,0,0,0,0,0,0,0,0,0,6
"1747",0,0,0,12,0,0,0,0,0,0,0,0,0,0,0,0,0,0,0,0,6
"1748",0,0,0,7,0,0,0,0,0,0,0,0,0,0,0,0,0,0,0,0,6
"1749",0,0,0,9,0,0,0,0,0,0,0,0,0,0,0,0,0,0,0,0,6
"175",5,0,0,0,0,0,0,0,0,0,0,0,0,33,0,0,22,0,0,5,1
"1750",0,0,0,7,0,0,0,0,0,0,0,0,0,0,0,0,0,0,0,0,6
"1754",0,0,0,17,0,0,0,0,0,0,0,0,0,0,0,0,0,0,0,0,6
"1755",0,0,0,0,0,0,8,0,0,0,0,0,0,0,0,0,0,0,0,0,9
"1756",0,0,0,6,0,0,0,0,0,0,0,0,0,0,0,0,0,0,0,0,6
"1757",0,0,0,12,0,0,0,0,0,0,0,0,0,0,0,0,0,0,0,0,6
"1758",0,0,0,8,0,0,0,0,0,0,0,0,0,0,0,0,0,0,0,0,6
"1759",0,0,0,6,0,0,0,0,0,0,0,0,0,0,0,0,0,0,0,0,6
"176",9,0,0,0,0,0,0,0,0,0,0,0,0,20,0,0,10,0,0,5,15
"1760",0,0,0,16,0,0,0,0,0,0,0,0,0,0,0,0,0,0,0,0,6
"1761",0,0,0,0,0,9,0,0,0,0,0,0,0,0,0,0,0,0,0,0,5
"1762",0,0,0,0,0,0,0,0,0,8,0,0,0,0,0,0,0,0,0,0,7
"1763",0,0,0,6,0,0,0,0,0,0,0,0,0,0,0,0,0,0,0,0,6
"1764",0,0,0,0,0,9,0,0,0,0,0,0,0,0,0,0,0,0,0,0,5
"1765",0,0,0,16,0,0,0,0,0,0,0,0,0,0,0,0,0,0,0,0,6
"1766",0,0,0,0,0,6,0,0,0,0,0,0,0,0,0,0,0,0,0,0,5
"1767",0,0,0,14,0,0,0,0,0,0,0,0,0,0,0,0,0,0,0,0,6
"1768",0,0,0,6,0,0,0,0,0,0,0,0,0,0,0,0,0,0,0,0,6
"1769",0,0,0,6,0,0,0,0,0,0,0,0,0,0,0,0,0,0,0,0,6
"177",10,0,0,0,0,0,0,0,0,0,0,0,0,24,0,0,17,0,0,0,3
"1770",0,0,0,11,0,0,0,0,0,0,0,0,0,0,0,0,0,0,0,0,6
"1771",0,0,0,7,0,0,0,0,0,0,0,0,0,0,0,0,0,0,0,0,6
"1772",0,0,0,10,0,0,0,0,0,0,0,0,0,0,0,0,0,0,0,0,6
"1773",0,0,0,0,0,10,0,0,0,0,0,0,0,0,0,0,0,0,0,0,5
"1777",0,0,0,0,0,17,0,0,0,0,0,0,0,0,0,0,0,0,0,0,5
"1778",0,0,0,12,0,0,0,0,0,0,0,0,0,0,0,0,0,0,0,0,6
"1779",0,0,0,9,0,0,0,0,0,0,0,0,0,0,0,0,0,0,0,0,6
"178",8,0,0,0,0,0,0,0,0,0,0,0,0,43,0,0,36,0,0,0,3
"1780",0,0,0,0,0,0,15,0,0,0,0,0,0,0,0,0,0,0,0,0,9
"1781",0,0,0,5,0,0,0,0,0,0,0,0,0,0,0,0,0,0,0,0,6
"1782",0,0,0,12,0,0,0,0,0,0,0,0,0,0,0,0,0,0,0,0,6
"1783",0,0,0,0,0,0,10,0,0,0,0,0,0,0,0,0,0,0,0,0,9
"1784",0,0,0,0,0,15,0,0,0,0,0,0,0,0,0,0,0,0,0,0,5
"1786",0,0,0,13,0,0,0,0,0,0,0,0,0,0,0,0,0,0,0,0,6
"1787",0,0,0,0,0,9,0,0,0,0,0,0,0,0,0,0,0,0,0,0,5
"1789",0,0,0,8,0,0,0,0,0,0,0,0,0,0,0,0,0,0,0,0,6
"179",0,0,0,0,0,0,0,0,0,0,0,0,0,35,0,0,20,0,0,6,4
"1790",0,0,0,13,0,0,0,0,0,0,0,0,0,0,0,0,0,0,0,0,6
"1791",0,0,0,0,0,6,0,0,0,0,0,0,0,0,0,0,0,0,0,0,5
"1792",0,0,0,16,0,0,0,0,0,0,0,0,0,0,0,0,0,0,0,0,6
"1793",0,0,0,0,0,0,17,0,0,0,0,0,0,0,0,0,0,0,0,0,9
"1794",0,0,0,7,0,0,0,0,0,0,0,0,0,0,0,0,0,0,0,0,6
"1795",0,0,0,0,0,0,0,0,0,12,0,0,0,0,0,0,0,0,0,0,7
"1796",0,0,0,0,0,0,7,0,0,0,0,0,0,0,0,0,0,0,0,0,9
"1797",0,0,0,9,0,0,0,0,0,0,0,0,0,0,0,0,0,0,0,0,6
"1799",0,0,0,0,0,9,0,0,0,0,0,0,0,0,0,0,0,0,0,0,5
"18",7,0,0,0,0,0,0,0,0,0,0,0,0,29,0,0,27,0,0,0,3
"180",0,0,0,0,0,0,0,0,0,0,0,0,0,30,0,0,23,0,0,0,4
"1801",0,0,0,0,0,15,0,0,0,0,0,0,0,0,0,0,0,0,0,0,5
"1802",0,0,0,5,0,0,0,0,0,0,0,0,0,0,0,0,0,0,0,0,6
"1803",0,0,0,17,0,0,0,0,0,0,0,0,0,0,0,0,0,0,0,0,6
"1804",0,0,0,8,0,0,0,0,0,0,0,0,0,0,0,0,0,0,0,0,6
"1805",0,0,0,6,0,0,0,0,0,0,0,0,0,0,0,0,0,0,0,0,6
"1806",0,0,0,0,0,16,0,0,0,0,0,0,0,0,0,0,0,0,0,0,5
"1807",0,0,0,0,0,0,12,0,0,0,0,0,0,0,0,0,0,0,0,0,9
"1808",0,0,0,8,0,0,0,0,0,0,0,0,0,0,0,0,0,0,0,0,6
"1809",0,0,0,0,0,0,0,0,0,7,0,0,0,0,0,0,0,0,0,0,7
"181",8,0,0,0,0,0,0,0,0,0,0,0,0,23,0,0,12,0,0,0,3
"1810",0,0,0,5,0,0,0,0,0,0,0,0,0,0,0,0,0,0,0,0,6
"1811",0,0,0,0,0,10,0,0,0,0,0,0,0,0,0,0,0,0,0,0,5
"1813",0,0,0,0,0,0,10,0,0,0,0,0,0,0,0,0,0,0,0,0,9
"1814",0,0,0,5,0,0,0,0,0,0,0,0,0,0,0,0,0,0,0,0,6
"1819",0,0,0,9,0,0,0,0,0,0,0,0,0,0,0,0,0,0,0,0,6
"182",12,0,0,0,0,0,0,0,0,0,0,0,0,33,0,0,25,0,0,0,3
"1820",0,0,0,0,0,11,0,0,0,0,0,0,0,0,0,0,0,0,0,0,5
"1821",0,0,0,6,0,0,0,0,0,0,0,0,0,0,0,0,0,0,0,0,6
"1822",0,0,0,0,0,0,0,0,0,11,0,0,0,0,0,0,0,0,0,0,7
"1823",0,0,0,0,0,0,0,0,0,0,0,0,9,0,0,0,0,0,0,0,18
"1824",0,0,0,9,0,0,0,0,0,0,0,0,0,0,0,0,0,0,0,0,6
"1825",0,0,0,0,0,0,0,0,8,0,0,0,0,0,0,0,0,0,0,0,25
"1826",0,0,0,11,0,0,0,0,0,0,0,0,0,0,0,0,0,0,0,0,6
"1827",0,0,6,5,0,0,0,0,0,0,0,0,0,0,0,0,0,0,0,0,30
"1828",0,0,0,16,0,0,0,0,0,0,0,0,0,0,0,0,0,0,0,0,6
"1829",0,0,0,0,0,0,0,0,0,5,0,0,0,0,0,0,0,0,0,0,7
"183",0,0,0,0,0,0,0,0,0,0,0,0,0,31,0,0,10,0,7,8,27
"1830",0,0,0,0,0,0,0,0,0,0,0,0,5,0,0,0,0,0,0,0,18
"1831",0,0,0,0,0,6,0,0,0,0,0,0,0,0,0,0,0,0,0,0,5
"1832",0,0,0,6,0,0,0,0,0,0,0,0,0,0,0,0,0,0,0,0,6
"1833",0,0,0,0,0,13,0,0,0,0,0,0,0,0,0,0,0,0,0,0,5
"1834",0,0,0,0,0,0,0,0,0,7,0,0,0,0,0,0,0,0,0,0,7
"1835",0,0,0,0,0,5,0,0,0,0,0,0,0,0,0,0,0,0,0,0,5
"1836",0,0,0,11,0,0,0,0,0,0,0,0,0,0,0,0,0,0,0,0,6
"1837",0,0,0,0,0,11,0,0,0,0,0,0,0,0,0,0,0,0,0,0,5
"1838",0,0,0,0,0,0,0,0,0,5,0,0,0,0,0,0,0,0,0,0,7
"1839",0,0,0,11,0,0,0,0,0,0,0,0,0,0,0,0,0,0,0,0,6
"184",9,0,0,0,0,0,0,0,0,0,0,0,0,35,0,0,10,0,8,11,13
"1840",0,0,0,0,0,6,0,0,0,0,0,0,0,0,0,0,0,0,0,0,5
"1841",0,0,0,0,0,0,0,0,0,0,0,7,0,0,0,0,0,0,0,0,11
"1842",0,0,0,5,0,0,0,0,0,0,0,0,0,0,0,0,0,0,0,0,6
"1843",0,0,0,9,0,0,0,0,0,0,0,0,0,0,0,0,0,0,0,0,6
"1844",0,0,0,0,0,0,0,0,0,7,0,0,0,0,0,0,0,0,0,0,7
"1845",0,0,0,0,0,0,12,0,0,0,0,0,0,0,0,0,0,0,0,0,9
"1847",0,0,0,5,0,0,0,0,0,0,0,0,0,0,0,0,0,0,0,0,6
"1848",0,0,0,0,0,11,0,0,0,0,0,0,0,0,0,0,0,0,0,0,5
"185",7,0,0,0,0,0,0,0,0,0,0,0,0,30,0,0,23,0,0,0,3
"1850",0,0,0,8,0,0,0,0,0,0,0,0,0,0,0,0,0,0,0,0,6
"1851",0,0,0,0,0,9,0,0,0,0,0,0,0,0,0,0,0,0,0,0,5
"1852",0,0,0,0,0,7,0,0,0,0,0,0,0,0,0,0,0,0,0,0,5
"1853",0,0,0,0,0,9,0,0,0,0,0,0,0,0,0,0,0,0,0,0,5
"1854",0,0,0,0,0,12,0,0,0,0,0,0,0,0,0,0,0,0,0,0,5
"1855",0,0,0,5,0,0,0,0,0,0,0,0,0,0,0,0,0,0,0,0,6
"1857",0,0,0,0,0,0,0,0,0,11,0,0,0,0,0,0,0,0,0,0,7
"1858",0,0,0,0,0,0,9,0,0,0,0,0,0,0,0,0,0,0,0,0,9
"1859",0,0,0,10,0,0,0,0,0,0,0,0,0,0,0,0,0,0,0,0,6
"186",7,0,0,0,0,0,0,0,0,0,0,0,0,28,0,0,14,0,0,5,15
"1860",0,0,0,0,0,0,0,0,0,5,0,0,0,0,0,0,0,0,0,0,7
"1861",0,0,0,8,0,0,0,0,0,0,0,0,0,0,0,0,0,0,0,0,6
"1862",0,0,0,7,0,0,0,0,0,0,0,0,0,0,0,0,0,0,0,0,6
"1863",0,0,0,16,0,0,0,0,0,0,0,0,0,0,0,0,0,0,0,0,6
"1864",0,0,0,5,0,0,0,0,0,0,0,0,0,0,0,0,0,0,0,0,6
"1865",0,0,0,6,0,0,0,0,0,0,0,0,0,0,0,0,0,0,0,0,6
"1866",0,0,0,11,0,0,0,0,0,0,0,0,0,0,0,0,0,0,0,0,6
"1867",0,0,0,0,0,13,0,0,0,0,0,0,0,0,0,0,0,0,0,0,5
"1868",0,0,0,0,0,12,0,0,0,0,0,0,0,0,0,0,0,0,0,0,5
"1869",0,0,0,0,0,0,0,0,0,11,0,0,0,0,0,0,0,0,0,0,7
"187",6,0,0,0,0,0,0,0,0,0,0,0,0,37,0,0,10,0,0,15,2
"1870",0,0,0,0,0,0,0,0,8,0,0,0,0,0,0,0,0,0,0,0,25
"1871",0,0,0,0,0,14,0,0,0,0,0,0,0,0,0,0,0,0,0,0,5
"1872",0,0,0,11,0,0,0,0,0,0,0,0,0,0,0,0,0,0,0,0,6
"1873",0,0,0,0,0,0,7,0,0,0,0,0,0,0,0,0,0,0,0,0,9
"1875",0,0,0,0,0,7,0,0,0,0,0,0,0,0,0,0,0,0,0,0,5
"1876",0,0,0,0,0,6,0,0,0,0,0,0,0,0,0,0,0,0,0,0,5
"1877",0,0,0,5,0,0,0,0,0,0,0,0,0,0,0,0,0,0,0,0,6
"1878",0,0,0,0,0,0,0,8,0,0,0,0,0,0,0,0,0,0,0,0,8
"1879",0,0,0,9,0,0,0,0,0,0,0,0,0,0,0,0,0,0,0,0,6
"188",11,0,0,0,0,0,0,0,0,0,0,0,0,35,0,0,18,0,5,7,13
"1881",0,0,0,0,0,0,0,0,0,16,0,0,0,0,0,0,0,0,0,0,7
"1882",0,0,0,10,0,0,0,0,0,0,0,0,0,0,0,0,0,0,0,0,6
"1883",0,0,0,6,0,0,0,0,0,0,0,0,0,0,0,0,0,0,0,0,6
"1884",0,0,0,0,0,8,0,0,0,0,0,0,0,0,0,0,0,0,0,0,5
"1885",0,0,0,5,0,0,0,0,0,0,0,0,0,0,0,0,0,0,0,0,6
"1886",0,0,0,0,0,18,0,0,0,0,0,0,0,0,0,0,0,0,0,0,5
"1887",0,0,0,10,0,0,0,0,0,0,0,0,0,0,0,0,0,0,0,0,6
"1888",0,0,0,0,0,0,0,0,0,0,0,0,11,0,0,0,0,0,0,0,18
"1889",0,0,0,5,0,0,0,0,0,0,0,0,0,0,0,0,0,0,0,0,6
"189",9,0,0,0,0,0,0,0,0,0,0,0,0,28,0,0,21,0,0,0,3
"1890",0,0,0,0,0,9,0,0,0,0,0,0,0,0,0,0,0,0,0,0,5
"1891",0,0,0,14,0,0,0,0,0,0,0,0,0,0,0,0,0,0,0,0,6
"1892",0,0,0,0,0,8,0,0,0,0,0,0,0,0,0,0,0,0,0,0,5
"1893",0,0,0,0,0,0,11,0,0,0,0,0,0,0,0,0,0,0,0,0,9
"1894",0,0,0,5,0,5,0,0,0,0,0,0,0,0,0,0,0,0,0,0,19
"1895",0,0,0,8,0,0,0,0,0,0,0,0,0,0,0,0,0,0,0,0,6
"1896",0,0,0,0,0,9,0,0,0,0,0,0,0,0,0,0,0,0,0,0,5
"1897",0,0,0,16,0,0,0,0,0,0,0,0,0,0,0,0,0,0,0,0,6
"1898",0,0,0,9,0,0,0,0,0,0,0,0,0,0,0,0,0,0,0,0,6
"1899",0,0,0,11,0,0,0,0,0,0,0,0,0,0,0,0,0,0,0,0,6
"19",5,0,0,0,0,0,0,0,0,0,0,0,0,26,0,0,17,0,7,0,10
"190",12,0,0,0,0,0,0,0,0,0,0,0,0,35,0,0,30,0,0,0,3
"1900",0,0,0,0,0,0,12,0,0,0,0,0,0,0,0,0,0,0,0,0,9
"1901",0,0,0,0,0,13,0,0,0,0,0,0,0,0,0,0,0,0,0,0,5
"1902",0,0,0,0,0,0,0,0,0,8,0,0,0,0,0,0,0,0,0,0,7
"1903",0,0,6,9,0,0,0,0,0,0,0,0,0,0,0,0,0,0,0,0,20
"1904",0,0,0,0,0,0,12,0,0,0,0,0,0,0,0,0,0,0,0,0,9
"1905",0,0,0,0,0,0,12,0,0,0,0,0,0,0,0,0,0,0,0,0,9
"1906",0,0,0,0,0,0,0,0,0,7,0,0,0,0,0,0,0,0,0,0,7
"1907",0,0,0,8,0,0,0,0,0,0,0,0,0,0,0,0,0,0,0,0,6
"1908",0,0,0,6,0,0,0,0,0,0,0,0,0,0,0,0,0,0,0,0,6
"1909",0,0,0,7,0,0,0,0,0,0,0,0,0,0,0,0,0,0,0,0,6
"191",9,0,0,0,0,0,0,0,0,0,0,0,0,30,0,0,18,0,0,0,3
"1910",0,0,0,10,0,0,0,0,0,0,0,0,0,0,0,0,0,0,0,0,6
"1911",0,0,0,16,0,0,0,0,0,0,0,0,0,0,0,0,0,0,0,0,6
"1912",0,0,0,5,0,0,0,0,0,0,0,0,0,0,0,0,0,0,0,0,6
"1913",0,0,0,14,0,0,0,0,0,0,0,0,0,0,0,0,0,0,0,0,6
"1915",0,0,0,11,0,0,0,0,0,0,0,0,0,0,0,0,0,0,0,0,6
"1916",0,0,0,0,0,9,0,0,0,0,0,0,0,0,0,0,0,0,0,0,5
"1917",0,0,0,10,0,0,0,0,0,0,0,0,0,0,0,0,0,0,0,0,6
"1918",0,0,0,6,0,0,0,0,0,0,0,0,0,0,0,0,0,0,0,0,6
"192",12,0,0,0,0,0,0,0,0,0,0,0,0,37,0,0,31,0,0,0,3
"1920",0,0,0,0,0,5,0,0,0,0,0,0,0,0,0,0,0,0,0,0,5
"1921",0,0,0,9,0,0,0,0,0,0,0,0,0,0,0,0,0,0,0,0,6
"1922",0,0,0,12,0,0,0,0,0,0,0,0,0,0,0,0,0,0,0,0,6
"1923",0,0,0,5,0,0,0,0,0,0,0,0,0,0,0,0,0,0,0,0,6
"1924",0,0,0,0,0,5,0,0,0,0,0,0,0,0,0,0,0,0,0,0,5
"1925",0,0,0,7,0,0,0,0,0,0,0,0,0,0,0,0,0,0,0,0,6
"1926",0,0,0,9,0,0,0,0,0,0,0,0,0,0,0,0,0,0,0,0,6
"1927",0,0,0,0,0,9,0,0,0,0,0,0,0,0,0,0,0,0,0,0,5
"1928",0,0,0,0,0,0,0,0,0,12,0,0,0,0,0,0,0,0,0,0,7
"193",7,0,0,0,0,0,0,0,0,0,0,0,0,34,0,0,17,0,0,5,15
"1930",0,0,0,0,0,0,0,0,0,0,0,0,6,0,0,0,0,0,0,0,18
"1931",0,0,0,11,0,0,0,0,0,0,0,0,0,0,0,0,0,0,0,0,6
"1932",0,0,0,0,0,0,12,0,0,0,0,0,0,0,0,0,0,0,0,0,9
"1933",0,0,0,9,0,0,0,0,0,0,0,0,0,0,0,0,0,0,0,0,6
"1936",0,0,0,7,0,0,0,0,0,0,0,0,0,0,0,0,0,0,0,0,6
"1937",0,0,0,8,0,0,0,0,0,0,0,0,0,0,0,0,0,0,0,0,6
"1938",0,0,0,0,0,14,0,0,0,0,0,0,0,0,0,0,0,0,0,0,5
"1939",0,0,0,0,0,0,5,0,0,0,0,0,0,0,0,0,0,0,0,0,9
"194",9,0,0,0,0,0,0,0,0,0,0,0,0,27,0,0,14,0,7,9,13
"1940",0,0,0,0,0,0,12,0,0,0,0,0,0,0,0,0,0,0,0,0,9
"1942",0,0,0,5,0,0,0,0,0,0,0,0,0,0,0,0,0,0,0,0,6
"1944",0,0,0,0,0,12,0,0,0,0,0,0,0,0,0,0,0,0,0,0,5
"1945",0,0,0,12,0,0,0,0,0,0,0,0,0,0,0,0,0,0,0,0,6
"1946",0,0,0,9,0,0,0,0,0,0,0,0,0,0,0,0,0,0,0,0,6
"1948",0,0,0,10,0,0,0,0,0,0,0,0,0,0,0,0,0,0,0,0,6
"1949",0,0,0,7,0,0,0,0,0,0,0,0,0,0,0,0,0,0,0,0,6
"195",11,0,0,0,0,0,0,0,0,0,0,0,0,26,0,0,9,0,5,8,13
"1950",0,0,0,10,0,0,0,0,0,0,0,0,0,0,0,0,0,0,0,0,6
"1951",0,0,0,9,0,0,0,0,0,0,0,0,0,0,0,0,0,0,0,0,6
"1953",0,0,0,0,0,0,0,0,0,15,0,0,0,0,0,0,0,0,0,0,7
"1954",0,0,0,0,0,0,0,0,0,0,0,7,0,0,0,0,0,0,0,0,11
"1955",0,0,0,0,0,0,0,0,6,0,0,0,0,0,0,0,0,0,0,0,25
"1956",0,0,0,0,0,0,10,0,0,0,0,0,0,0,0,0,0,0,0,0,9
"1957",0,0,0,6,0,0,0,0,0,0,0,0,0,0,0,0,0,0,0,0,6
"1959",0,0,0,16,0,0,0,0,0,0,0,0,0,0,0,0,0,0,0,0,6
"196",10,0,0,0,0,0,0,0,0,0,0,0,0,20,0,0,6,0,0,5,2
"1960",0,0,0,0,0,8,0,0,0,0,0,0,0,0,0,0,0,0,0,0,5
"1961",0,0,0,0,0,8,0,0,0,0,0,0,0,0,0,0,0,0,0,0,5
"1962",0,0,0,0,0,8,0,0,0,0,0,0,0,0,0,0,0,0,0,0,5
"1963",0,0,0,0,0,5,0,0,0,0,0,0,0,0,0,0,0,0,0,0,5
"1964",0,0,0,8,0,0,0,0,0,0,0,0,0,0,0,0,0,0,0,0,6
"1965",0,0,0,0,0,0,9,0,0,0,0,0,0,0,0,0,0,0,0,0,9
"1966",0,0,0,0,0,11,0,0,0,0,0,0,0,0,0,0,0,0,0,0,5
"1967",0,0,0,9,0,0,0,0,0,0,0,0,0,0,0,0,0,0,0,0,6
"1968",0,0,0,0,0,7,0,0,0,0,0,0,0,0,0,0,0,0,0,0,5
"197",6,0,0,0,0,0,0,0,0,0,0,0,0,37,5,0,26,0,0,0,3
"1970",0,0,0,6,0,0,0,0,0,0,0,0,0,0,0,0,0,0,0,0,6
"1971",0,0,0,8,0,0,0,0,0,0,0,0,0,0,0,0,0,0,0,0,6
"1972",0,0,0,9,0,0,0,0,0,0,0,0,0,0,0,0,0,0,0,0,6
"1973",0,0,0,0,0,0,9,0,0,0,0,0,0,0,0,0,0,0,0,0,9
"1974",0,0,0,9,0,0,0,0,0,0,0,0,0,0,0,0,0,0,0,0,6
"1975",0,0,0,6,0,0,0,0,0,0,0,0,0,0,0,0,0,0,0,0,6
"1976",0,0,0,0,0,0,0,0,0,0,0,0,9,0,0,0,0,0,0,0,18
"1977",0,0,0,0,0,7,0,0,0,0,0,0,0,0,0,0,0,0,0,0,5
"1978",0,0,0,0,0,8,0,0,0,0,0,0,0,0,0,0,0,0,0,0,5
"198",5,0,0,0,0,0,0,0,0,0,0,0,0,33,0,0,29,0,0,0,3
"1982",0,0,0,0,0,7,0,0,0,0,0,0,0,0,0,0,0,0,0,0,5
"1983",0,0,0,7,0,0,0,0,0,0,0,0,0,0,0,0,0,0,0,0,6
"1986",0,0,0,13,0,0,0,0,0,0,0,0,0,0,0,0,0,0,0,0,6
"1987",0,0,0,0,0,11,0,0,0,0,0,0,0,0,0,0,0,0,0,0,5
"1988",0,0,0,11,0,0,0,0,0,0,0,0,0,0,0,0,0,0,0,0,6
"1989",0,0,0,6,0,0,0,0,0,0,0,0,0,0,0,0,0,0,0,0,6
"199",12,0,0,0,0,0,0,0,0,0,0,0,0,31,0,0,16,0,0,8,15
"1990",0,0,0,0,0,8,0,0,0,0,0,0,0,0,0,0,0,0,0,0,5
"1991",0,0,0,0,0,5,0,0,0,0,0,0,0,0,0,0,0,0,0,0,5
"1992",0,0,0,20,0,0,0,0,0,0,0,0,0,0,0,0,0,0,0,0,6
"1993",0,0,0,0,0,8,0,0,0,0,0,0,0,0,0,0,0,0,0,0,5
"1994",0,0,0,0,0,0,0,0,0,0,0,0,6,0,0,0,0,0,0,0,18
"1995",0,0,0,0,0,9,0,0,0,0,0,0,0,0,0,0,0,0,0,0,5
"1997",0,0,0,0,0,5,0,0,0,0,0,0,0,0,0,0,0,0,0,0,5
"1998",0,0,0,0,0,8,0,0,0,0,0,0,0,0,0,0,0,0,0,0,5
"1999",0,0,0,7,0,0,0,0,0,0,0,0,0,0,0,0,0,0,0,0,6
"2",12,0,0,0,0,0,0,0,0,0,0,0,0,36,0,0,11,0,0,13,2
"20",7,0,0,0,0,0,0,0,0,0,0,0,0,29,0,0,12,0,7,6,13
"200",8,0,0,0,0,0,0,0,0,0,0,0,0,35,0,0,26,0,0,0,3
"201",9,0,0,0,0,0,0,0,0,0,0,0,0,29,0,0,21,0,0,0,3
"202",5,0,0,0,0,0,0,0,0,0,0,0,0,28,0,0,10,0,0,8,15
"203",6,0,0,0,0,0,0,0,0,0,0,0,0,22,0,0,9,0,5,5,13
"204",13,0,0,0,0,0,0,0,0,0,0,0,0,29,0,0,23,0,0,0,3
"205",7,0,0,0,0,0,0,0,0,0,0,0,0,33,0,0,15,0,9,6,13
"206",9,0,0,0,0,0,0,0,0,0,0,0,0,24,0,0,5,0,0,13,2
"207",8,0,0,0,0,0,0,0,0,0,0,0,0,32,0,0,21,0,0,0,3
"208",0,0,0,0,0,0,0,0,0,0,0,0,0,41,0,0,11,0,9,11,27
"209",0,0,0,0,0,0,0,0,0,0,0,0,0,37,0,0,16,0,9,10,27
"21",7,0,0,0,0,0,0,0,0,0,0,0,0,49,0,0,26,0,0,7,1
"210",13,0,0,0,0,0,0,0,0,0,0,0,0,40,0,0,16,0,0,11,15
"211",6,0,0,0,0,0,0,0,0,0,0,0,0,31,0,0,15,0,0,5,15
"212",10,0,0,0,0,0,0,0,0,0,0,0,0,42,0,0,15,0,5,8,13
"213",8,0,0,0,0,0,0,0,0,0,0,0,0,38,0,0,8,0,0,11,2
"214",6,0,0,0,0,0,0,0,0,0,0,0,0,40,0,0,27,0,0,0,3
"215",11,0,0,0,0,0,0,0,0,0,0,0,0,34,0,0,11,0,8,7,13
"216",5,0,0,0,0,0,0,0,0,0,0,0,0,33,0,0,23,0,0,0,3
"217",5,0,0,0,0,0,0,0,0,0,0,0,0,28,0,0,15,0,0,6,15
"218",0,0,0,0,0,0,0,0,0,0,0,0,0,32,0,0,26,0,0,0,4
"219",10,0,0,0,0,0,0,0,0,0,0,0,0,39,0,0,29,0,0,0,3
"22",6,0,0,0,0,0,0,0,0,0,0,0,0,34,0,0,13,0,0,6,15
"220",7,0,0,0,0,0,0,0,0,0,0,0,0,27,0,0,21,0,0,0,3
"221",14,0,0,0,0,0,0,0,0,0,0,0,0,33,0,0,16,0,6,7,13
"222",8,0,0,0,0,0,0,0,0,0,0,0,0,45,0,0,35,0,5,0,3
"223",0,0,0,0,0,0,0,0,0,0,0,0,0,34,0,0,18,0,0,6,4
"224",6,0,0,0,0,0,0,0,0,0,0,0,0,33,0,0,9,0,5,11,13
"225",7,0,0,0,0,0,0,0,0,0,0,0,0,30,0,0,10,0,0,10,2
"226",0,0,0,0,0,0,0,0,0,0,0,0,0,37,0,0,25,0,0,0,4
"227",5,0,0,0,0,0,0,0,0,0,0,0,0,35,0,0,17,0,0,7,15
"228",7,0,0,0,0,0,0,0,0,0,0,0,0,30,0,0,25,0,0,0,3
"229",12,0,0,0,0,0,0,0,0,0,0,0,0,32,0,0,21,0,0,0,3
"23",8,0,0,0,0,0,0,0,0,0,0,0,0,31,0,0,12,0,5,9,13
"230",5,0,0,0,0,0,0,0,0,0,0,0,0,36,0,0,20,0,0,6,1
"231",7,0,0,0,0,0,0,0,0,0,0,0,0,30,0,0,19,0,0,0,3
"232",7,0,0,0,0,0,0,0,0,0,0,0,0,36,0,0,26,0,0,0,3
"233",5,0,0,0,0,0,0,0,0,0,0,0,0,29,0,0,0,0,8,10,31
"234",16,0,0,0,0,0,0,0,0,0,0,0,0,30,0,0,6,0,6,11,32
"235",6,0,0,0,0,0,0,0,0,0,0,0,0,39,0,0,23,0,0,5,1
"236",10,0,0,0,0,0,0,0,0,0,0,0,0,32,0,0,8,0,7,11,13
"237",8,0,0,0,0,0,0,0,0,0,0,0,0,30,0,0,12,0,8,10,13
"238",13,0,0,0,0,0,0,0,0,0,0,0,0,44,0,0,38,0,0,0,3
"239",0,0,0,0,0,0,0,0,0,0,0,0,0,36,0,0,21,0,0,0,4
"24",8,0,0,0,0,0,0,0,0,0,0,0,0,19,0,0,7,0,0,0,16
"240",10,0,0,0,0,0,0,0,0,0,0,0,0,28,0,0,13,0,7,5,13
"241",5,0,0,0,0,0,0,0,0,0,0,0,0,27,0,0,17,0,0,0,3
"242",11,0,0,0,0,0,0,0,0,0,0,0,0,25,0,0,19,0,6,0,10
"243",10,0,0,0,0,0,0,0,0,0,0,0,0,33,0,0,30,0,0,0,3
"244",7,0,0,0,0,0,0,0,0,0,0,0,0,29,0,0,19,0,6,0,10
"245",5,0,0,0,0,0,0,0,0,0,0,0,0,32,0,0,10,0,6,9,13
"246",7,0,0,0,0,0,0,0,0,0,0,0,0,36,0,0,14,0,7,10,13
"247",9,0,0,0,0,0,0,0,0,0,0,0,0,38,0,0,14,0,0,10,15
"248",0,0,0,0,0,0,0,0,0,0,0,0,0,33,0,0,24,0,5,0,4
"249",0,0,0,0,0,0,0,0,0,0,0,0,0,31,0,0,24,0,0,0,4
"25",7,0,0,0,0,0,0,0,0,0,0,0,0,21,0,0,8,0,0,6,15
"250",7,0,0,0,0,0,0,0,0,0,0,0,0,29,0,0,9,0,0,11,2
"251",14,0,0,0,0,0,0,0,0,0,0,0,0,32,0,0,10,0,0,9,2
"252",10,0,0,0,0,0,0,0,0,0,0,0,0,42,0,0,28,0,0,0,3
"253",8,0,0,0,0,0,0,0,0,0,0,0,0,27,0,0,13,0,0,6,15
"254",0,0,0,0,0,0,0,0,0,0,0,0,0,34,0,0,32,0,0,0,4
"255",8,0,0,0,0,0,0,0,0,0,0,0,0,28,0,0,13,0,0,6,15
"256",0,0,0,0,0,0,0,0,0,0,0,0,0,29,0,0,17,0,0,0,4
"257",9,0,0,0,0,0,0,0,0,0,0,0,0,33,5,0,29,0,0,0,3
"258",10,0,0,0,0,0,0,0,0,0,0,0,0,29,0,0,10,0,6,7,13
"259",9,0,0,0,0,0,0,0,0,0,0,0,0,32,0,0,9,0,7,13,13
"26",8,0,0,0,0,0,0,0,0,0,0,0,0,35,0,0,26,0,6,0,3
"260",7,0,0,0,0,0,0,0,0,0,0,0,0,34,0,0,15,0,0,6,15
"261",5,0,0,0,0,0,0,0,0,0,0,0,0,29,0,0,13,0,0,0,3
"262",10,0,0,0,0,0,0,0,0,0,0,0,0,18,0,0,12,0,0,0,3
"263",7,0,0,0,0,0,0,0,0,0,0,0,0,22,0,0,11,0,0,7,15
"264",7,0,0,0,0,0,0,0,0,0,0,0,0,36,0,0,21,0,5,6,1
"265",6,0,0,0,0,0,0,0,0,0,0,0,0,29,0,0,20,0,0,0,3
"266",10,0,0,0,0,0,0,0,0,0,0,0,0,26,0,0,19,0,0,0,3
"267",5,0,0,0,0,0,0,0,0,0,0,0,0,26,0,0,12,0,0,5,15
"268",0,0,0,0,0,0,0,0,0,0,0,0,0,34,0,0,11,0,0,14,33
"269",8,0,0,0,0,0,0,0,0,0,0,0,0,32,0,0,18,0,0,6,1
"27",12,0,0,0,0,0,0,0,0,0,0,0,0,35,0,0,19,0,0,0,3
"270",5,0,0,0,0,0,0,0,0,0,0,0,0,33,0,0,14,0,0,12,15
"271",13,0,0,0,0,0,0,0,0,0,0,0,0,26,0,0,21,0,5,0,10
"272",11,0,0,0,0,0,0,0,0,0,0,0,0,31,0,0,23,0,0,0,3
"273",9,0,0,0,0,0,0,0,0,0,0,0,0,26,0,0,17,0,0,0,3
"274",8,0,0,0,0,0,0,0,0,0,0,0,0,39,0,0,32,0,0,0,3
"275",8,0,0,0,0,0,0,0,0,0,0,0,0,34,0,0,15,0,6,6,13
"276",8,0,0,0,0,0,0,0,0,0,0,0,0,34,0,0,11,0,0,6,15
"277",14,0,0,0,0,0,0,0,0,0,0,0,0,32,0,0,22,0,0,0,3
"278",8,0,0,0,0,0,0,0,0,0,0,0,0,38,0,0,30,0,0,0,3
"279",11,0,0,0,0,0,0,0,0,0,0,0,0,31,0,0,12,0,0,9,15
"28",6,0,0,0,0,0,0,0,0,0,0,0,0,33,0,0,7,0,0,13,2
"280",9,0,0,0,0,0,0,0,0,0,0,0,0,22,0,0,10,0,7,6,13
"281",8,0,0,0,0,0,0,0,0,0,0,0,0,32,0,0,12,0,5,9,13
"282",11,0,0,0,0,0,0,0,0,0,0,0,0,35,0,0,27,0,0,0,3
"283",7,0,0,0,0,0,0,0,0,0,0,0,0,27,0,0,13,0,5,6,13
"284",5,0,0,0,0,0,0,0,0,0,0,0,0,21,0,0,0,0,0,8,34
"285",12,0,0,0,0,0,0,0,0,0,0,0,0,26,0,0,12,0,0,5,15
"286",0,0,0,0,0,0,0,0,0,0,0,0,0,31,0,0,13,0,6,6,27
"287",0,0,0,0,0,0,0,0,0,0,0,0,0,31,0,0,25,0,0,0,4
"288",0,0,0,0,0,0,0,0,0,0,0,0,0,33,0,0,24,0,0,0,4
"289",6,0,0,0,0,0,0,0,0,0,0,0,0,35,0,0,24,0,0,6,1
"29",0,0,0,0,0,0,0,0,0,0,0,0,0,43,0,0,25,0,0,7,4
"290",6,0,0,0,0,0,0,0,0,0,0,0,0,21,0,0,9,0,0,5,15
"291",9,0,0,0,0,0,0,0,0,0,0,0,0,31,0,0,14,0,0,5,15
"292",9,0,0,0,0,0,0,0,0,0,0,0,0,32,0,0,11,0,0,9,15
"293",12,0,0,0,0,0,0,0,0,0,0,0,0,31,0,0,13,0,0,6,15
"294",0,0,0,0,0,0,0,0,0,0,0,0,0,23,0,0,8,0,0,6,33
"295",11,0,0,0,0,0,0,0,0,0,0,0,0,36,0,0,31,0,5,0,3
"296",6,0,0,0,0,0,0,0,0,0,0,0,0,29,0,0,20,0,0,0,3
"297",6,0,0,0,0,0,0,0,0,0,0,0,0,28,0,0,8,0,0,9,2
"298",8,0,0,0,0,0,0,0,0,0,0,0,0,22,0,0,12,0,0,0,3
"299",10,0,0,0,0,0,0,0,0,0,0,0,0,36,0,0,15,0,7,10,13
"3",8,0,0,0,0,0,0,0,0,0,0,0,0,28,0,0,9,0,6,9,13
"30",8,0,0,0,0,0,0,0,0,0,0,0,0,39,0,0,21,0,0,10,15
"300",6,0,0,0,0,0,0,0,0,0,0,0,0,30,0,0,14,0,8,0,10
"301",6,0,0,0,0,0,0,0,0,0,0,0,0,31,0,0,23,0,0,0,3
"302",6,0,0,0,0,0,0,0,0,0,0,0,0,23,0,0,10,0,0,6,15
"303",6,0,0,0,0,0,0,0,0,0,0,0,0,24,0,0,6,0,5,8,13
"304",7,0,0,0,0,0,0,0,0,0,0,0,0,26,0,0,19,0,0,0,3
"305",9,0,0,0,0,0,0,0,0,0,0,0,0,31,0,0,13,0,6,9,13
"306",8,0,0,0,0,0,0,0,0,0,0,0,0,31,0,0,22,0,0,0,3
"307",11,0,0,0,0,0,0,0,0,0,0,0,0,33,0,0,24,0,0,0,3
"308",12,0,0,0,0,0,0,0,0,0,0,0,0,32,0,0,11,0,0,7,15
"309",8,0,0,0,0,0,0,0,0,0,0,0,0,42,0,0,12,0,0,17,2
"31",10,0,0,0,0,0,0,0,0,0,0,0,0,36,0,0,31,0,0,0,3
"310",9,0,0,0,0,0,0,0,0,0,0,0,0,32,0,0,23,0,0,6,1
"311",9,0,0,0,0,0,0,0,0,0,0,0,0,27,0,0,12,0,8,6,13
"312",7,0,0,0,0,0,0,0,0,0,0,0,0,30,0,0,18,0,0,0,3
"313",12,0,0,0,0,0,0,0,0,0,0,0,0,28,0,0,19,0,0,0,3
"314",10,0,0,0,0,0,0,0,0,0,0,0,0,32,0,0,16,0,6,8,13
"315",0,0,0,0,0,0,0,0,0,0,0,0,0,29,0,0,27,0,0,0,4
"316",7,0,0,0,0,0,0,0,0,0,0,0,0,33,0,0,33,0,0,0,3
"317",6,0,0,0,0,0,0,0,0,0,0,0,0,29,0,0,12,0,5,6,13
"318",6,0,0,0,0,0,0,0,0,0,0,0,0,40,0,0,9,0,0,13,2
"319",12,0,0,0,0,0,0,0,0,0,0,0,0,48,0,0,18,0,0,14,15
"32",0,0,0,0,0,0,0,0,0,0,0,0,0,29,0,0,11,0,6,6,27
"320",10,0,0,0,0,0,0,0,0,0,0,0,0,33,0,0,13,0,0,10,15
"321",5,0,0,0,0,0,0,0,0,0,0,0,0,30,0,0,22,0,0,0,3
"322",9,0,0,0,0,0,0,0,0,0,0,0,0,21,0,0,7,0,0,8,2
"323",13,0,0,0,0,0,0,0,0,0,0,0,0,31,0,0,18,0,5,6,13
"324",7,0,0,0,0,0,0,0,0,0,0,0,0,32,0,0,15,0,0,5,15
"325",14,0,0,0,0,0,0,0,0,0,0,0,0,30,0,0,12,0,0,0,16
"326",5,0,0,0,0,0,0,0,0,0,0,0,0,37,0,0,23,0,6,0,3
"327",9,0,0,0,0,0,0,0,0,0,0,0,0,36,0,0,24,0,0,0,3
"328",5,0,0,0,0,0,0,0,0,0,0,0,0,32,0,0,13,0,8,10,13
"329",10,0,0,0,0,0,0,0,0,0,0,0,0,24,0,0,11,0,5,5,13
"33",6,0,0,0,0,0,0,0,0,0,0,0,0,35,0,0,25,0,0,0,3
"330",7,0,0,0,0,0,0,0,0,0,0,0,0,31,0,0,18,0,5,7,1
"331",7,0,0,0,0,0,0,0,0,0,0,0,0,29,0,0,14,0,6,5,13
"332",9,0,0,0,0,0,0,0,0,0,0,0,0,24,0,0,19,0,0,0,3
"333",10,0,0,0,0,0,0,0,0,0,0,0,0,28,0,0,14,0,0,8,15
"334",12,0,0,0,0,0,0,0,0,0,0,0,0,38,0,0,6,0,0,14,2
"335",5,0,0,0,0,0,0,0,0,0,0,0,0,46,0,0,33,0,0,5,1
"336",11,0,0,0,0,0,0,0,0,0,0,0,0,26,0,0,8,0,0,0,16
"337",8,0,0,0,0,0,0,0,0,0,0,0,0,30,0,0,11,0,6,9,13
"338",7,0,0,0,0,0,0,0,0,0,0,0,0,39,0,0,24,0,7,6,1
"339",7,0,0,0,0,0,0,0,0,0,0,0,0,35,0,0,25,0,0,0,3
"34",7,0,0,0,0,0,0,0,0,0,0,0,0,32,0,0,12,0,0,10,15
"340",8,0,0,0,0,0,0,0,0,0,0,0,0,33,0,0,26,0,0,0,3
"341",8,0,0,0,0,0,0,0,0,0,0,0,0,42,7,0,26,0,0,0,3
"342",7,0,0,0,0,0,0,0,0,0,0,0,0,19,0,0,12,0,7,0,10
"343",13,0,0,0,0,0,0,0,0,0,0,0,0,42,0,0,27,0,0,0,3
"344",8,0,0,0,0,0,0,0,0,0,0,0,0,24,0,0,8,0,0,9,2
"345",12,0,0,0,0,0,0,0,0,0,0,0,0,31,0,0,13,0,6,11,13
"346",9,0,0,0,0,0,0,0,0,0,0,0,0,33,0,0,14,0,0,9,15
"347",10,0,0,0,0,0,0,0,0,0,0,0,0,35,0,0,9,5,0,10,2
"348",0,0,0,0,0,0,0,0,0,0,0,0,0,31,0,0,21,0,0,0,4
"349",14,0,0,0,0,0,0,0,0,0,0,0,0,29,0,0,20,0,0,0,3
"35",8,0,0,0,0,0,0,0,0,0,0,0,0,38,0,0,22,0,0,5,1
"350",0,0,0,0,0,0,0,0,0,0,0,0,0,34,0,0,20,0,0,0,4
"351",8,0,0,0,0,0,0,0,0,0,0,0,0,26,0,0,21,0,0,0,3
"352",10,0,0,0,0,0,0,0,0,0,0,0,0,28,0,0,21,0,0,0,3
"353",9,0,0,0,0,0,0,0,0,0,0,0,0,34,0,0,10,0,0,10,2
"354",8,0,0,0,0,0,0,0,0,0,0,0,0,25,0,0,9,0,0,7,15
"355",7,0,0,0,0,0,0,0,0,0,0,0,0,37,0,0,11,0,5,14,13
"356",10,0,0,0,0,0,0,0,0,0,0,0,0,40,0,0,7,0,0,17,2
"357",7,0,0,0,0,0,0,0,0,0,0,0,0,36,0,0,24,0,0,5,1
"358",9,0,0,0,0,0,0,0,0,0,0,0,0,34,0,0,19,0,5,0,10
"359",12,0,0,0,0,0,0,0,0,0,0,0,0,26,0,0,18,0,0,0,3
"36",9,0,0,0,0,0,0,0,0,0,0,0,0,21,0,0,10,0,5,0,35
"360",0,0,0,0,0,0,0,0,0,0,0,0,0,41,0,0,26,0,0,0,4
"361",5,0,0,0,0,0,0,0,0,0,0,0,0,28,0,0,12,0,5,6,13
"362",6,0,0,0,0,0,0,0,0,0,0,0,0,25,0,0,7,0,0,9,2
"363",15,0,0,0,0,0,0,0,0,0,0,0,0,30,0,0,8,0,0,10,2
"364",16,0,0,0,0,0,0,0,0,0,0,0,0,31,0,0,20,0,0,0,3
"365",10,0,0,0,0,0,0,0,0,0,0,0,0,26,0,0,23,0,0,0,3
"366",0,0,0,0,0,0,0,0,0,0,0,0,0,33,0,0,11,0,0,11,33
"367",10,0,0,0,0,0,0,0,0,0,0,0,0,43,0,0,35,0,0,0,3
"368",12,0,0,0,0,0,0,0,0,0,0,0,0,41,0,0,15,0,0,14,2
"369",8,0,0,0,0,0,0,0,0,0,0,0,0,34,0,0,13,0,9,10,13
"37",8,0,0,0,0,0,0,0,0,0,0,0,0,27,0,0,9,0,6,7,13
"370",8,0,0,0,0,0,0,0,0,0,0,0,0,24,0,0,9,0,0,9,2
"371",12,0,0,0,0,0,0,0,0,0,0,0,0,29,0,0,7,0,0,8,2
"372",8,0,0,0,0,0,0,0,0,0,0,0,0,27,0,0,25,0,0,0,3
"373",5,0,0,0,0,0,0,0,0,0,0,0,0,40,0,0,22,0,5,7,1
"374",8,0,0,0,0,0,0,0,0,0,0,0,0,27,0,0,17,0,8,0,10
"375",13,0,0,0,0,0,0,0,0,0,0,0,0,26,0,0,21,0,0,0,3
"376",6,0,0,0,0,0,0,0,0,0,0,0,0,38,0,0,24,0,0,5,1
"377",9,0,0,0,0,0,0,0,0,0,0,0,0,35,0,0,24,0,0,0,3
"378",0,0,0,0,0,0,0,0,0,0,0,0,0,28,0,0,12,0,0,8,33
"379",13,0,0,0,0,0,0,0,0,0,0,0,0,33,0,0,16,0,0,5,15
"38",0,0,0,0,0,0,0,0,0,0,0,0,0,30,0,0,22,0,0,0,4
"380",5,0,0,0,0,0,0,0,0,0,0,0,0,43,0,0,24,0,0,6,1
"381",6,0,0,0,0,0,0,0,0,0,0,0,0,31,0,0,22,0,0,0,3
"382",8,0,0,0,0,0,0,0,0,0,0,0,0,31,0,0,15,0,0,6,15
"383",8,0,0,0,0,0,0,0,0,0,0,0,0,25,0,0,9,0,6,6,13
"384",7,0,0,0,0,0,0,0,0,0,0,0,0,35,0,0,9,0,0,13,2
"385",8,0,0,0,0,0,0,0,0,0,0,0,0,29,0,0,9,0,0,11,2
"386",8,0,0,0,0,0,0,0,0,0,0,0,0,32,0,0,12,0,0,10,15
"387",7,0,0,0,0,0,0,0,0,0,0,0,0,32,0,0,12,0,0,8,15
"388",6,0,0,0,0,0,0,0,0,0,0,0,0,27,0,0,9,0,0,7,15
"389",9,0,0,0,0,0,0,0,0,0,0,0,0,29,0,0,9,0,5,9,13
"39",9,0,0,0,0,0,0,0,0,0,0,0,0,36,0,0,27,0,0,0,3
"390",5,0,0,0,0,0,0,0,0,0,0,0,0,27,0,0,22,0,0,0,3
"391",5,0,0,0,0,0,0,0,0,0,0,0,0,40,5,0,33,0,0,0,3
"392",9,0,0,0,0,0,0,0,0,0,0,0,0,42,0,0,37,0,0,0,3
"393",11,0,0,0,0,0,0,0,0,0,0,0,0,26,0,0,14,0,5,6,13
"394",0,0,0,0,0,0,0,0,0,0,0,0,0,38,0,0,19,0,0,8,4
"395",9,0,0,0,0,0,0,0,0,0,0,0,0,29,0,0,15,0,0,5,1
"396",9,0,0,0,0,0,0,0,0,0,0,0,0,38,0,0,9,0,0,14,2
"397",6,0,0,0,0,0,0,0,0,0,0,0,0,28,0,0,9,0,5,8,13
"398",6,0,0,0,0,0,0,0,0,0,0,0,0,28,0,0,12,0,0,7,15
"399",9,0,0,0,0,0,0,0,0,0,0,0,0,22,0,0,7,0,0,7,2
"4",9,0,0,0,0,0,0,0,0,0,0,0,0,34,0,0,8,0,6,10,13
"40",5,0,0,0,0,0,0,0,0,0,0,0,0,23,0,0,17,0,0,0,3
"400",0,0,0,0,0,0,0,0,0,0,0,0,0,34,0,0,23,0,0,0,4
"401",0,0,0,0,0,0,0,0,0,0,0,0,0,27,0,0,20,0,7,0,4
"402",12,0,0,0,0,0,0,0,0,0,0,0,0,37,0,0,18,0,7,8,13
"403",10,0,0,0,0,0,0,0,0,0,0,0,0,28,0,0,11,0,7,8,13
"404",9,0,0,0,0,0,0,0,0,0,0,0,0,29,0,0,14,0,6,7,13
"405",0,0,0,0,0,0,0,0,0,0,0,0,0,30,0,0,22,0,0,0,4
"406",8,0,0,0,0,0,0,0,0,0,0,0,0,25,0,0,7,0,7,6,13
"407",9,0,0,0,0,0,0,0,0,0,0,0,0,30,0,0,10,0,0,13,2
"408",7,0,0,0,0,0,0,0,0,0,0,0,0,33,0,0,23,0,0,0,3
"409",12,0,0,0,0,0,0,0,0,0,0,0,0,31,0,0,18,0,0,5,15
"41",6,0,0,0,0,0,0,0,0,0,0,0,0,42,0,0,21,0,0,10,15
"410",13,0,0,0,0,0,0,0,0,0,0,0,0,34,0,0,15,0,0,10,15
"411",5,0,0,0,0,0,0,0,0,0,0,0,0,33,0,0,18,0,5,6,1
"412",7,0,0,0,0,0,0,0,0,0,0,0,0,36,0,0,13,0,0,6,15
"413",8,0,0,0,0,0,0,0,0,0,0,0,0,31,0,0,22,0,0,0,3
"414",0,0,0,0,0,0,0,0,0,0,0,0,0,34,0,0,29,0,0,0,4
"415",0,0,0,0,0,0,0,0,0,0,0,0,0,29,0,0,11,0,5,7,27
"416",10,0,0,0,0,0,0,0,0,0,0,0,0,24,0,0,10,0,5,5,13
"417",8,0,0,0,0,0,0,0,0,0,0,0,0,39,0,0,24,0,5,0,10
"418",7,0,0,0,0,0,0,0,0,0,0,0,0,27,0,0,6,0,7,11,13
"419",10,0,0,0,0,0,0,0,0,0,0,0,0,31,0,0,21,0,0,0,3
"42",9,0,0,0,0,0,0,0,0,0,0,0,0,38,0,0,10,0,0,16,2
"420",0,0,0,0,0,0,0,0,0,0,0,0,0,33,0,0,19,0,0,0,4
"421",6,0,0,0,0,0,0,0,0,0,0,0,0,39,0,0,13,0,5,10,13
"422",7,0,0,0,0,0,0,0,0,0,0,0,0,31,0,0,12,0,5,7,13
"423",8,0,0,0,0,0,0,0,0,0,0,0,0,33,0,0,21,0,0,0,3
"424",11,0,0,0,0,0,0,0,0,0,0,0,0,25,0,0,10,0,0,5,15
"425",6,0,0,0,0,0,0,0,0,0,0,0,0,30,0,0,8,0,5,12,13
"426",7,0,0,0,0,0,0,0,0,0,0,0,0,25,0,0,12,0,5,5,13
"427",11,0,0,0,0,0,0,0,0,0,0,0,0,32,0,0,23,0,0,0,3
"428",7,0,0,0,0,0,0,0,0,0,0,0,0,32,0,0,23,0,5,0,3
"429",5,0,0,0,0,0,0,0,0,0,0,0,0,29,0,0,8,0,0,9,2
"43",12,0,0,0,0,0,0,0,0,0,0,0,0,33,0,0,23,0,0,0,3
"430",11,0,0,0,0,0,0,0,0,0,0,0,0,33,0,0,11,0,6,10,13
"431",5,0,0,0,0,0,0,0,0,0,0,0,0,30,0,0,10,0,7,8,13
"432",13,0,0,0,0,0,0,0,0,0,0,0,0,29,0,0,21,0,0,0,3
"433",7,0,0,0,0,0,0,0,0,0,0,0,0,21,0,0,12,0,5,0,10
"434",11,0,0,0,0,0,0,0,0,0,0,0,0,41,0,0,27,0,6,0,10
"435",7,0,0,0,0,0,0,0,0,0,0,0,0,23,0,0,6,0,0,9,2
"436",8,0,0,0,0,0,0,0,0,0,0,0,0,27,0,0,10,0,6,8,13
"437",0,0,0,0,0,0,0,0,0,0,0,0,0,31,5,0,24,0,0,0,4
"438",13,0,0,0,0,0,0,0,0,0,0,0,0,34,0,0,19,0,0,6,15
"439",6,0,0,0,0,0,0,0,0,0,0,0,0,30,0,0,17,0,6,0,10
"44",12,0,0,0,0,0,0,0,0,0,0,0,0,32,0,0,9,0,0,13,2
"440",12,0,0,0,0,0,0,0,0,0,0,0,0,27,0,0,17,0,0,0,3
"441",0,0,0,0,0,0,0,0,0,0,0,0,0,23,0,0,14,0,0,6,4
"442",13,0,0,0,0,0,0,0,0,0,0,0,0,34,0,0,22,0,0,5,1
"443",8,0,0,0,0,0,0,0,0,0,0,0,0,26,0,0,7,0,0,8,2
"444",11,0,0,0,0,0,0,0,0,0,0,0,0,34,0,0,21,0,0,0,3
"445",7,0,0,0,0,0,0,0,0,0,0,0,0,26,0,0,22,0,5,0,3
"446",10,0,0,0,0,0,0,0,0,0,0,0,0,28,0,0,21,0,8,0,10
"447",6,0,0,0,0,0,0,0,0,0,0,0,0,31,0,0,14,0,11,8,13
"448",0,0,0,0,0,0,0,0,0,0,0,0,0,27,0,0,13,0,5,8,27
"449",6,0,0,0,0,0,0,0,0,0,0,0,0,35,0,0,21,0,0,0,3
"45",10,0,0,0,0,0,0,0,0,0,0,0,0,42,0,0,18,0,5,8,13
"450",8,0,0,0,0,0,0,0,0,0,0,0,0,28,0,0,6,0,12,9,36
"451",9,0,0,0,0,0,0,0,0,0,0,0,0,18,0,0,8,0,0,0,16
"452",9,0,0,0,0,0,0,0,0,0,0,0,0,32,0,0,20,0,0,0,3
"453",8,0,0,0,0,0,0,0,0,0,0,0,0,34,0,0,21,0,0,0,3
"454",8,0,0,0,0,0,0,0,0,0,0,0,0,31,0,0,13,0,0,6,15
"455",7,0,0,0,0,0,0,0,0,0,0,0,0,30,0,0,9,0,0,12,2
"456",8,0,0,0,0,0,0,0,0,0,0,0,0,40,0,0,28,0,7,0,3
"457",10,0,0,0,0,0,0,0,0,0,0,0,0,32,0,0,9,0,0,9,2
"458",14,0,0,0,0,0,0,0,0,0,0,0,0,34,0,0,15,0,0,7,15
"459",9,0,0,0,0,0,0,0,0,0,0,0,0,36,0,0,12,0,6,15,13
"46",7,0,0,0,0,0,0,0,0,0,0,0,0,25,0,0,16,0,0,0,3
"460",9,0,0,0,0,0,0,0,0,0,0,0,0,28,0,0,13,0,8,0,10
"461",8,0,0,0,0,0,0,0,0,0,0,0,0,24,0,0,10,0,0,6,15
"462",8,0,0,0,0,0,0,0,0,0,0,0,0,31,0,0,11,0,0,7,15
"463",7,0,0,0,0,0,0,0,0,0,0,0,0,26,0,0,7,0,7,9,13
"464",7,0,0,0,0,0,0,0,0,0,0,0,0,35,0,0,5,0,0,12,2
"465",9,0,0,0,0,0,0,0,0,0,0,0,0,29,0,0,8,0,8,10,13
"466",10,0,0,0,0,0,0,0,0,0,0,0,0,25,0,0,20,0,0,0,3
"467",8,0,0,0,0,0,0,0,0,0,0,0,0,22,0,0,8,0,8,6,13
"468",5,0,0,0,0,0,0,0,0,0,0,0,0,33,0,0,24,0,0,0,3
"469",9,0,0,0,0,0,0,0,0,0,0,0,0,35,0,0,29,0,0,0,3
"47",6,0,0,0,0,0,0,0,0,0,0,0,0,23,0,0,6,0,0,9,2
"470",13,0,0,0,0,0,0,0,0,0,0,0,0,33,0,0,16,0,0,9,15
"471",5,0,0,0,0,0,0,0,0,0,0,0,0,39,0,0,20,0,8,10,1
"472",6,0,0,0,0,0,0,0,0,0,0,0,0,45,0,0,31,0,0,0,3
"473",7,0,0,0,0,0,0,0,0,0,0,0,0,41,0,0,26,0,0,0,3
"474",7,0,0,0,0,0,0,0,0,0,0,0,0,32,0,0,23,0,5,5,1
"475",10,0,0,0,0,0,0,0,0,0,0,0,0,33,0,0,9,0,0,11,2
"476",13,0,0,0,0,0,0,0,0,0,0,0,0,29,0,0,24,0,6,0,10
"477",9,0,0,0,0,0,0,0,0,0,0,0,0,24,0,0,10,0,5,6,13
"478",8,0,0,0,0,0,0,0,0,0,0,0,0,27,0,0,12,0,0,0,3
"479",12,0,0,0,0,0,0,0,0,0,0,0,0,33,0,0,14,0,8,10,13
"48",11,0,0,0,0,0,0,0,0,0,0,0,0,38,0,0,18,0,0,8,15
"480",7,0,0,0,0,0,0,0,0,0,0,0,0,42,0,0,32,0,0,0,3
"481",8,0,0,0,0,0,0,0,0,0,0,0,0,43,0,0,28,0,8,5,1
"482",14,0,0,0,0,0,0,0,0,0,0,0,0,37,0,0,23,0,0,0,3
"483",8,0,0,0,0,0,0,0,0,0,0,0,0,31,0,0,27,0,0,0,3
"484",8,0,0,0,0,0,0,0,0,0,0,0,0,41,0,0,23,0,0,6,1
"485",7,0,0,0,0,0,0,0,0,0,0,0,0,35,0,0,25,0,0,0,3
"486",7,0,0,0,0,0,0,0,0,0,0,0,0,25,0,0,9,0,5,9,13
"487",7,0,0,0,0,0,0,0,0,0,0,0,0,29,0,0,13,0,0,5,15
"488",12,0,0,0,0,0,0,0,0,0,0,0,0,32,0,0,6,0,0,13,2
"489",6,0,0,0,0,0,0,0,0,0,0,0,0,35,0,0,20,0,6,5,1
"49",14,0,0,0,0,0,0,0,0,0,0,0,0,31,0,0,11,0,5,7,32
"490",5,0,0,0,0,0,0,0,0,0,0,0,0,38,5,0,34,0,0,0,3
"491",11,0,0,0,0,0,0,0,0,0,0,0,0,34,0,0,19,0,0,6,1
"492",12,0,0,0,0,0,0,0,0,0,0,0,0,35,0,0,22,0,0,0,3
"493",8,0,0,0,0,0,0,0,0,0,0,0,0,24,0,0,16,0,0,0,3
"494",7,0,0,0,0,0,0,0,0,0,0,0,0,27,0,0,7,0,0,10,2
"495",0,0,0,0,0,0,0,0,0,0,0,0,0,37,0,0,20,0,7,6,27
"496",6,0,0,0,0,0,0,0,0,0,0,0,0,37,0,0,10,0,0,13,2
"497",5,0,0,0,0,0,0,0,0,0,0,0,0,36,0,0,23,0,0,0,3
"498",10,0,0,0,0,0,0,0,0,0,0,0,0,28,0,0,23,0,0,0,3
"499",8,0,0,0,0,0,0,0,0,0,0,0,0,32,0,0,26,0,0,0,3
"5",9,0,0,0,0,0,0,0,0,0,0,0,0,36,0,0,5,0,5,11,13
"50",5,0,0,0,0,0,0,0,0,0,0,0,0,33,0,0,21,0,0,0,3
"500",6,0,0,0,0,0,0,0,0,0,0,0,0,35,0,0,23,0,0,0,3
"501",0,0,0,0,0,0,0,0,0,0,0,0,0,37,0,0,22,0,0,5,4
"502",8,0,0,0,0,0,0,0,0,0,0,0,0,36,0,0,11,0,0,13,2
"503",12,0,0,0,0,0,0,0,0,0,0,0,0,36,0,0,27,0,0,0,3
"504",5,0,0,0,0,0,0,0,0,0,0,0,0,32,0,0,18,0,6,7,1
"505",15,0,0,0,0,0,0,0,0,0,0,0,0,28,0,0,12,0,7,7,32
"506",10,0,0,0,0,0,0,0,0,0,0,0,0,31,0,0,17,0,0,5,1
"507",13,0,0,0,0,0,0,0,0,0,0,0,0,33,0,0,24,0,0,0,3
"508",10,0,0,0,0,0,0,0,0,0,0,0,0,29,0,0,22,0,0,0,3
"509",9,0,0,0,0,0,0,0,0,0,0,0,0,32,0,0,23,0,0,0,3
"51",11,0,0,0,0,0,0,0,0,0,0,0,0,33,0,0,13,0,0,0,3
"510",13,0,0,0,0,0,0,0,0,0,0,0,0,25,0,0,11,0,6,0,35
"511",7,0,0,0,0,0,0,0,0,0,0,0,0,37,0,0,16,0,11,10,13
"512",14,0,0,0,0,0,0,0,0,0,0,0,0,34,0,0,11,0,0,9,2
"513",0,0,0,0,0,0,0,0,0,0,0,0,0,29,0,0,9,0,6,7,27
"514",8,0,0,0,0,0,0,0,0,0,0,0,0,38,0,0,27,0,0,0,3
"515",0,0,0,0,0,0,0,0,0,0,0,0,0,33,0,0,19,0,0,6,4
"516",6,0,0,0,0,0,0,0,0,0,0,0,0,27,0,0,8,0,0,9,2
"517",7,0,0,0,0,0,0,0,0,0,0,0,0,24,0,0,5,0,6,8,13
"518",7,0,0,0,0,0,0,0,0,0,0,0,0,42,0,0,14,0,0,13,2
"519",10,0,0,0,0,0,0,0,0,0,0,0,0,25,0,0,14,0,6,0,10
"52",10,0,0,0,0,0,0,0,0,0,0,0,0,31,0,0,21,0,0,0,3
"520",5,0,0,0,0,0,0,0,0,0,0,0,0,24,0,0,8,0,0,8,2
"521",9,0,0,0,0,0,0,0,0,0,0,0,0,26,0,0,14,0,8,6,13
"522",5,0,0,0,0,0,0,0,0,0,0,0,0,40,0,0,21,0,0,9,15
"523",9,0,0,0,0,0,0,0,0,0,0,0,0,35,0,0,15,0,5,11,13
"524",10,0,0,0,0,0,0,0,0,0,0,0,0,37,0,0,27,0,0,0,3
"525",6,0,0,0,0,0,0,0,0,0,0,0,0,37,0,0,34,0,0,0,3
"526",8,0,0,0,0,0,0,0,0,0,0,0,0,25,0,0,12,0,0,5,15
"527",8,0,0,0,0,0,0,0,0,0,0,0,0,34,0,0,18,0,0,5,1
"528",0,0,0,0,0,0,0,0,0,0,0,0,0,36,0,0,13,0,0,10,33
"529",12,0,0,0,0,0,0,0,0,0,0,0,0,26,0,0,13,0,5,5,13
"53",10,0,0,0,0,0,0,0,0,0,0,0,0,33,0,0,19,0,0,6,1
"530",5,0,0,0,0,0,0,0,0,0,0,0,0,32,0,0,21,0,5,0,3
"531",9,0,0,0,0,0,0,0,0,0,0,0,0,26,0,0,13,0,0,0,3
"532",10,0,0,0,0,0,0,0,0,0,0,0,0,38,0,0,26,0,0,0,3
"533",11,0,0,0,0,0,0,0,0,0,0,0,0,31,0,0,11,0,0,10,2
"534",9,0,0,0,0,0,0,0,0,0,0,0,0,26,0,0,8,0,0,7,15
"535",14,0,0,0,0,0,0,0,0,0,0,0,0,24,0,0,5,0,0,11,37
"536",0,0,0,0,0,0,0,0,0,0,0,0,0,33,0,0,26,0,5,0,4
"537",11,0,0,0,0,0,0,0,0,0,0,0,0,45,0,0,33,0,0,0,3
"538",16,0,0,0,0,0,0,0,0,0,0,0,0,28,0,0,17,0,0,6,15
"539",8,0,0,0,0,0,0,0,0,0,0,0,0,25,0,0,8,0,6,7,13
"54",13,0,0,0,0,0,0,0,0,0,0,0,0,21,0,0,9,0,0,6,15
"540",8,0,0,0,0,0,0,0,0,0,0,0,0,29,0,0,24,0,0,0,3
"541",9,0,0,0,0,0,0,0,0,0,0,0,0,38,0,0,9,0,0,12,2
"542",5,0,0,0,0,0,0,0,0,0,0,0,0,41,0,0,27,0,0,5,1
"543",8,0,0,0,0,0,0,0,0,0,0,0,0,36,0,0,18,0,0,6,15
"544",0,0,0,0,0,0,0,0,0,0,0,0,0,31,0,0,16,0,13,6,38
"545",10,0,0,0,0,0,0,0,0,0,0,0,0,32,0,0,21,0,0,0,3
"546",11,0,0,0,0,0,0,0,0,0,0,0,0,36,0,0,22,0,0,5,1
"547",11,0,0,0,0,0,0,0,0,0,0,0,0,32,0,0,17,0,7,5,13
"548",13,0,0,0,0,0,0,0,0,0,0,0,0,38,0,0,8,0,0,17,2
"549",10,0,0,0,0,0,0,0,0,0,0,0,0,25,0,0,18,0,0,0,3
"55",9,0,0,0,0,0,0,0,0,0,0,0,0,27,0,0,8,0,0,10,2
"550",0,0,0,0,0,0,0,0,0,0,0,0,0,29,0,0,21,0,0,0,4
"551",10,0,0,0,0,0,0,0,0,0,0,0,0,34,0,0,22,0,0,0,3
"552",5,0,0,0,0,0,0,0,0,0,0,0,0,25,0,0,8,0,0,8,2
"553",9,0,0,0,0,0,0,0,0,0,0,0,0,31,0,0,27,0,0,0,3
"554",8,0,0,0,0,0,0,0,0,0,0,0,0,35,0,0,23,0,0,0,3
"555",7,0,0,0,0,0,0,0,0,0,0,0,0,43,0,0,31,0,0,0,3
"556",0,0,0,0,0,0,0,0,0,0,0,0,0,31,0,0,10,0,6,12,27
"557",6,0,0,0,0,0,0,0,0,0,0,0,0,16,0,0,10,0,0,0,3
"558",12,0,0,0,0,0,0,0,0,0,0,0,0,31,0,0,10,0,7,12,13
"559",10,0,0,0,0,0,0,0,0,0,0,0,0,30,0,0,6,0,5,11,13
"56",5,0,0,0,0,0,0,0,0,0,0,0,0,31,0,0,21,0,0,0,3
"560",0,0,0,0,0,0,0,0,0,0,0,0,0,36,0,0,15,0,7,13,27
"561",10,0,0,0,0,0,0,0,0,0,0,0,0,33,0,0,24,0,0,0,3
"562",6,0,0,0,0,0,0,0,0,0,0,0,0,39,0,0,32,0,5,0,3
"563",7,0,0,0,0,0,0,0,0,0,0,0,0,33,0,0,17,0,0,0,3
"564",8,0,0,0,0,0,0,0,0,0,0,0,0,39,0,0,26,0,0,0,3
"565",9,0,0,0,0,0,0,0,0,0,0,0,0,37,0,0,12,0,9,7,13
"566",6,0,0,0,0,0,0,0,0,0,0,0,0,36,0,0,10,0,6,9,13
"567",9,0,0,0,0,0,0,0,0,0,0,0,0,31,0,0,13,0,0,5,15
"568",9,0,0,0,0,0,0,0,0,0,0,0,0,27,0,0,11,0,5,5,13
"569",10,0,0,0,0,0,0,0,0,0,0,0,0,25,0,0,17,0,0,0,3
"57",10,0,0,0,0,0,0,0,0,0,0,0,0,30,0,0,12,0,6,9,13
"570",6,0,0,0,0,0,0,0,0,0,0,0,0,35,0,0,21,0,6,5,1
"571",0,0,0,0,0,0,0,0,0,0,0,0,0,35,0,0,22,0,0,0,4
"572",10,0,0,0,0,0,0,0,0,0,0,0,0,26,0,0,21,0,0,0,3
"573",5,0,0,0,0,0,0,0,0,0,0,0,0,34,0,0,24,0,0,0,3
"574",11,0,0,0,0,0,0,0,0,0,0,0,0,27,0,0,11,0,8,10,13
"575",8,0,0,0,0,0,0,0,0,0,0,0,0,41,0,0,28,0,0,0,3
"576",5,0,0,0,0,0,0,0,0,0,0,0,0,37,0,0,18,0,0,13,15
"577",10,0,0,0,0,0,0,0,0,0,0,0,0,31,0,0,9,0,0,14,2
"578",12,0,0,0,0,0,0,0,0,0,0,0,0,24,0,0,17,0,0,0,3
"579",8,0,0,0,0,0,0,0,0,0,0,0,0,35,0,0,29,0,0,0,3
"58",12,0,0,0,0,0,0,0,0,0,0,0,0,32,0,0,5,0,0,11,2
"580",10,0,0,0,0,0,0,0,0,0,0,0,0,31,0,0,19,0,0,6,1
"581",6,0,0,0,0,0,0,0,0,0,0,0,0,38,0,0,28,0,0,0,3
"582",11,0,0,0,0,0,0,0,0,0,0,0,0,31,0,0,18,0,0,7,15
"583",12,0,0,0,0,0,0,0,0,0,0,0,0,42,0,0,16,0,0,9,15
"584",7,0,0,0,0,0,0,0,0,0,0,0,0,37,0,0,22,0,0,8,1
"585",7,0,0,0,0,0,0,0,0,0,0,0,0,31,0,0,26,0,0,0,3
"586",5,0,0,0,0,0,0,0,0,0,0,0,0,32,0,0,25,0,0,0,3
"587",8,0,0,0,0,0,0,0,0,0,0,0,0,38,0,0,9,0,6,12,13
"588",9,0,0,0,0,0,0,0,0,0,0,0,0,46,6,0,19,0,0,11,15
"589",0,0,0,0,0,0,0,0,0,0,0,0,0,29,0,0,25,0,0,0,4
"59",11,0,0,0,0,0,0,0,0,0,0,0,0,36,0,0,11,0,0,11,2
"590",8,0,0,0,0,0,0,0,0,0,0,0,0,39,0,0,25,0,0,5,1
"591",9,0,0,0,0,0,0,0,0,0,0,0,0,31,0,0,19,0,0,0,3
"592",6,0,0,0,0,0,0,0,0,0,0,0,0,24,0,0,16,0,0,0,3
"593",7,0,0,0,0,0,0,0,0,0,0,0,0,39,0,0,33,0,0,0,3
"594",6,0,0,0,0,0,0,0,0,0,0,0,0,34,0,0,22,0,0,0,3
"595",10,0,0,0,0,0,0,0,0,0,0,0,0,25,0,0,7,0,0,8,2
"596",8,0,0,0,0,0,0,0,0,0,0,0,0,34,0,0,23,0,0,0,3
"597",12,0,0,0,0,0,0,0,0,0,0,0,0,45,0,0,20,0,5,13,13
"598",6,0,0,0,0,0,0,0,0,0,0,0,0,28,0,0,14,0,5,7,13
"599",6,0,0,0,0,0,0,0,0,0,0,0,0,39,0,0,26,0,0,5,1
"6",5,0,0,0,0,0,0,0,0,0,0,0,0,32,0,0,13,0,6,5,13
"60",6,0,0,0,0,0,0,0,0,0,0,0,0,32,0,0,20,0,0,5,1
"600",12,0,0,0,0,0,0,0,0,0,0,0,0,39,0,0,24,0,0,0,3
"601",13,0,0,0,0,0,0,0,0,0,0,0,0,28,0,0,12,0,0,5,15
"602",11,0,0,0,0,0,0,0,0,0,0,0,0,45,0,0,28,0,0,0,3
"603",0,0,0,0,0,0,0,0,0,0,0,0,0,28,0,0,12,0,0,6,33
"604",7,0,0,0,0,0,0,0,0,0,0,0,0,34,0,0,25,0,0,5,1
"605",8,0,0,0,0,0,0,0,0,0,0,0,0,34,0,0,22,0,0,0,3
"606",8,0,0,0,0,0,0,0,0,0,0,0,0,34,0,0,13,0,0,8,15
"607",6,0,0,0,0,0,0,0,0,0,0,0,0,35,0,0,24,0,0,0,3
"608",6,0,0,0,0,0,0,0,0,0,0,0,0,38,0,0,27,0,0,5,1
"609",8,0,0,0,0,0,0,0,0,0,0,0,0,37,0,0,15,0,5,9,13
"61",11,0,0,0,0,0,0,0,0,0,0,0,0,25,0,0,6,0,0,11,2
"610",0,0,0,0,0,0,0,0,0,0,0,0,0,28,0,0,15,0,0,0,4
"611",7,0,0,0,0,0,0,0,0,0,0,0,0,32,0,0,15,0,0,12,15
"612",9,0,0,0,0,0,0,0,0,0,0,0,0,29,0,0,10,0,0,10,2
"613",7,0,0,0,0,0,0,0,0,0,0,0,0,32,0,0,11,0,0,11,2
"614",12,0,0,0,0,0,0,0,0,0,0,0,0,35,0,0,10,0,5,10,13
"615",7,0,0,0,0,0,0,0,0,0,0,0,0,40,0,0,22,0,0,0,3
"616",10,0,0,0,0,0,0,0,0,0,0,0,0,36,0,0,15,0,0,10,15
"617",7,0,0,0,0,0,0,0,0,0,0,0,0,32,0,0,26,0,0,0,3
"618",7,0,0,0,0,0,0,0,0,0,0,0,0,32,0,0,14,0,0,8,15
"619",10,0,0,0,0,0,0,0,0,0,0,0,0,25,0,0,6,0,0,6,2
"62",8,0,0,0,0,0,0,0,0,0,0,0,0,19,0,0,7,0,0,5,2
"620",8,0,0,0,0,0,0,0,0,0,0,0,0,37,0,0,20,0,0,5,1
"621",14,0,0,0,0,0,0,0,0,0,0,0,0,42,0,0,22,0,0,10,15
"622",9,0,0,0,0,0,0,0,0,0,0,0,0,28,0,0,14,0,0,0,3
"623",0,0,0,0,0,0,0,0,0,0,0,0,0,38,0,0,15,0,7,10,27
"624",0,0,0,0,0,0,0,0,0,0,0,0,0,40,0,0,33,0,0,0,4
"625",7,0,0,0,0,0,0,0,0,0,0,0,0,26,0,0,11,0,0,0,3
"626",0,0,0,0,0,0,0,0,0,0,0,0,0,28,0,0,7,0,7,9,27
"627",12,0,0,0,0,0,0,0,0,0,0,0,0,28,0,0,26,0,0,0,3
"628",6,0,0,0,0,0,0,0,0,0,0,0,0,42,0,0,35,0,0,0,3
"629",8,0,0,0,0,0,0,0,0,0,0,0,0,40,0,0,30,0,0,0,3
"63",12,0,0,0,0,0,0,0,0,0,0,0,0,31,0,0,14,0,0,6,15
"630",0,0,0,0,0,0,0,0,0,0,0,0,0,32,0,0,11,0,0,10,33
"631",8,0,0,0,0,0,0,0,0,0,0,0,0,29,0,0,15,0,8,0,10
"632",8,0,0,0,0,0,0,0,0,0,0,0,0,30,0,0,8,0,0,11,2
"633",7,0,0,0,0,0,0,0,0,0,0,0,0,33,0,0,24,0,0,5,1
"634",7,0,0,0,0,0,0,0,0,0,0,0,0,27,0,0,20,0,0,0,3
"635",6,0,0,0,0,0,0,0,0,0,0,0,0,35,0,0,8,0,0,14,2
"636",5,0,0,0,0,0,0,0,0,0,0,0,0,36,0,0,7,0,0,15,2
"637",9,0,0,0,0,0,0,0,0,0,0,0,0,32,0,0,26,0,8,0,3
"638",9,0,0,0,0,0,0,0,0,0,0,0,0,33,0,0,9,0,0,7,15
"639",5,0,0,0,0,0,0,0,0,0,0,0,0,28,0,0,10,0,0,7,15
"64",9,0,0,0,0,0,0,0,0,0,0,0,0,30,0,0,11,0,5,8,13
"640",6,0,0,0,0,0,0,0,0,0,0,0,0,18,0,0,8,0,5,7,13
"641",5,0,0,0,0,0,0,0,0,0,0,0,0,36,0,0,23,0,0,0,3
"642",11,0,0,0,0,0,0,0,0,0,0,0,0,37,0,0,29,0,0,0,3
"643",7,0,0,0,0,0,0,0,0,0,0,0,0,31,0,0,16,0,9,7,13
"644",9,0,0,0,0,0,0,0,0,0,0,0,0,44,0,0,46,0,0,0,3
"645",8,0,0,0,0,0,0,0,0,0,0,0,0,29,0,0,9,0,0,7,15
"646",7,0,0,0,0,0,0,0,0,0,0,0,0,26,0,0,6,0,0,6,15
"647",12,0,0,0,0,0,0,0,0,0,0,0,0,25,0,0,12,0,0,0,16
"648",6,0,0,0,0,0,0,0,0,0,0,0,0,31,0,0,22,0,0,0,3
"649",13,0,0,0,0,0,0,0,0,0,0,0,0,45,0,0,30,0,0,7,1
"65",10,0,0,0,0,0,0,0,0,0,0,0,0,24,0,0,8,0,0,7,2
"650",0,0,0,0,0,0,0,0,0,0,0,0,0,32,0,0,29,0,0,0,4
"651",7,0,0,0,0,0,0,0,0,0,0,0,0,20,0,0,6,0,0,5,15
"652",10,0,0,0,0,0,0,0,0,0,0,0,0,26,0,0,19,0,0,0,3
"653",10,0,0,0,0,0,0,0,0,0,0,0,0,35,5,0,21,0,7,0,10
"654",7,0,0,0,0,0,0,0,0,0,0,0,0,35,0,0,14,0,9,5,13
"655",7,0,0,0,0,0,0,0,0,0,0,0,0,22,0,0,7,0,0,7,2
"656",14,0,0,0,0,0,0,0,0,0,0,0,0,28,0,0,22,0,0,0,3
"657",7,0,0,0,0,0,0,0,0,0,0,0,0,31,0,0,18,0,5,0,10
"658",8,0,0,0,0,0,0,0,0,0,0,0,0,27,0,0,14,0,0,0,3
"659",9,0,0,0,0,0,0,0,0,0,0,0,0,29,0,0,23,0,0,0,3
"66",7,0,0,0,0,0,0,0,0,0,0,0,0,27,0,0,12,0,11,6,13
"660",8,0,0,0,0,0,0,0,0,0,0,0,0,29,0,0,27,0,0,0,3
"661",0,0,0,0,0,0,0,0,0,0,0,0,0,26,0,0,20,0,0,0,4
"662",11,0,0,0,0,0,0,0,0,0,0,0,0,24,0,0,6,0,6,9,32
"663",8,0,0,0,0,0,0,0,0,0,0,0,0,28,0,0,7,0,0,11,2
"664",5,0,0,0,0,0,0,0,0,0,0,0,0,32,0,0,24,0,0,0,3
"665",8,0,0,0,0,0,0,0,0,0,0,0,0,40,0,0,24,0,0,5,1
"666",7,0,0,0,0,0,0,0,0,0,0,0,0,29,0,0,27,0,0,0,3
"667",8,0,0,0,0,0,0,0,0,0,0,0,0,41,0,0,16,0,7,13,13
"668",6,0,0,0,0,0,0,0,0,0,0,0,0,42,0,0,11,0,0,15,2
"669",12,0,0,0,0,0,0,0,0,0,0,0,0,35,0,0,27,0,0,0,3
"67",15,0,0,0,0,0,0,0,0,0,0,0,0,22,0,0,7,0,7,6,32
"670",9,0,0,0,0,0,0,0,0,0,0,0,0,21,0,0,11,0,6,6,13
"671",15,0,0,0,0,0,0,0,0,0,0,0,0,34,0,0,19,0,0,5,15
"672",6,0,0,0,0,0,0,0,0,0,0,0,0,33,0,0,30,0,0,0,3
"673",9,0,0,0,0,0,0,0,0,0,0,0,0,36,0,0,13,0,6,12,13
"674",6,0,0,0,0,0,0,0,0,0,0,0,0,24,0,0,13,0,6,0,10
"675",9,0,0,0,0,0,0,0,0,0,0,0,0,26,0,0,8,0,7,7,13
"676",8,0,0,0,0,0,0,0,0,0,0,0,0,27,0,0,13,0,5,5,13
"677",0,0,0,0,0,0,0,0,0,0,0,0,0,31,0,0,24,0,0,0,4
"678",6,0,0,0,0,0,0,0,0,0,0,0,0,36,0,0,16,0,6,7,13
"679",8,0,0,0,0,0,0,0,0,0,0,0,0,20,0,0,7,0,5,5,13
"68",8,0,0,0,0,0,0,0,0,0,0,0,0,33,0,0,14,0,0,5,15
"680",7,0,0,0,0,0,0,0,0,0,0,0,0,32,0,0,21,0,0,0,3
"681",7,0,0,0,0,0,0,0,0,0,0,0,0,20,0,0,6,0,6,5,13
"682",9,0,0,0,0,0,0,0,0,0,0,0,0,32,0,0,24,0,0,0,3
"683",6,0,0,0,0,0,0,0,0,0,0,0,0,40,0,0,22,0,7,6,1
"684",7,0,0,0,0,0,0,0,0,0,0,0,0,20,0,0,10,0,5,5,13
"685",5,0,0,0,0,0,0,0,0,0,0,0,0,38,0,0,13,0,7,10,13
"686",9,0,0,0,0,0,0,0,0,0,0,0,0,18,0,0,7,0,5,5,32
"687",0,0,0,0,0,0,0,0,0,0,0,0,0,28,0,0,22,0,0,0,4
"688",13,0,0,0,0,0,0,0,0,0,0,0,0,30,0,0,12,0,0,9,2
"689",9,0,0,0,0,0,0,0,0,0,0,0,0,20,0,0,16,0,0,0,3
"69",0,0,0,0,0,0,0,0,0,0,0,0,0,25,0,0,15,0,5,0,4
"690",6,0,0,0,0,0,0,0,0,0,0,0,0,33,0,0,18,0,0,0,3
"691",0,0,0,0,0,0,0,0,0,0,0,0,0,31,0,0,17,0,5,0,4
"692",10,0,0,0,0,0,0,0,0,0,0,0,0,23,0,0,12,0,0,0,16
"693",6,0,0,0,0,0,0,0,0,0,0,0,0,26,6,5,23,0,0,0,29
"694",10,0,0,0,0,0,0,0,0,0,0,0,0,29,0,0,21,0,0,0,3
"695",0,0,0,0,0,0,0,0,0,0,0,0,0,32,0,0,10,0,0,11,33
"696",5,0,0,0,0,0,0,0,0,0,0,0,0,22,0,0,7,0,5,0,39
"697",0,0,0,0,0,0,0,0,0,0,0,0,0,31,0,0,15,0,0,6,4
"698",8,0,0,0,0,0,0,0,0,0,0,0,0,31,0,0,11,0,5,9,13
"699",8,0,0,0,0,0,0,0,0,0,0,0,0,31,0,0,14,0,0,5,15
"7",12,0,0,0,0,0,0,0,0,0,0,0,0,44,0,0,22,0,0,9,15
"70",7,0,0,0,0,0,0,0,0,0,0,0,0,26,0,0,18,0,0,0,3
"700",8,0,0,0,0,0,0,0,0,0,0,0,0,29,0,0,9,0,6,10,13
"701",8,0,0,0,0,0,0,0,0,0,0,0,0,34,0,0,13,0,5,9,13
"702",9,0,0,0,0,0,0,0,0,0,0,0,0,26,0,0,12,0,8,5,13
"703",5,0,0,0,0,0,0,0,0,0,0,0,0,32,0,0,23,0,0,0,3
"704",7,0,0,0,0,0,0,0,0,0,0,0,0,29,0,0,12,0,0,9,15
"705",11,0,0,0,0,0,0,0,0,0,0,0,0,35,0,0,13,0,0,10,15
"706",11,0,0,0,0,0,0,0,0,0,0,0,0,36,0,0,26,0,0,0,3
"707",10,0,0,0,0,0,0,0,0,0,0,0,0,33,0,0,25,0,0,0,3
"708",6,0,0,0,0,0,0,0,0,0,0,0,0,33,0,0,8,0,0,14,2
"709",10,0,0,0,0,0,0,0,0,0,0,0,0,27,0,0,21,0,0,0,3
"71",6,0,0,0,0,0,0,0,0,0,0,0,0,31,0,0,18,0,0,0,3
"710",8,0,0,0,0,0,0,0,0,0,0,0,0,29,0,0,13,0,5,10,13
"711",6,0,0,0,0,0,0,0,0,0,0,0,0,23,0,0,14,0,0,0,3
"712",11,0,0,0,0,0,0,0,0,0,0,0,0,25,0,0,20,0,8,0,10
"713",0,0,0,0,0,0,0,0,0,0,0,0,0,27,0,0,11,0,0,7,33
"714",8,0,0,0,0,0,0,0,0,0,0,0,0,24,0,0,14,0,6,0,10
"715",6,0,0,0,0,0,0,0,0,0,0,0,0,37,0,0,23,0,0,0,3
"716",13,0,0,0,0,0,0,0,0,0,0,0,0,29,0,0,18,0,0,0,3
"717",6,0,0,0,0,0,0,0,0,0,0,0,0,33,0,0,21,0,0,0,3
"718",5,0,0,0,0,0,0,0,0,0,0,0,0,25,0,0,12,0,7,7,13
"719",8,0,0,0,0,0,0,0,0,0,0,0,0,35,0,0,9,0,0,12,2
"72",7,0,0,0,0,0,0,0,0,0,0,0,0,34,0,0,13,0,7,10,13
"720",5,0,0,0,0,0,0,0,0,0,0,0,0,38,0,0,23,0,0,6,1
"721",6,0,0,0,0,0,0,0,0,0,0,0,0,24,0,0,6,0,7,8,13
"722",6,0,0,0,0,0,0,0,0,0,0,0,0,24,0,0,15,0,0,0,3
"723",8,0,0,0,0,0,0,0,0,0,0,0,0,35,0,0,18,0,0,9,15
"724",15,0,0,0,0,0,0,0,0,0,0,0,0,35,6,0,27,0,0,0,3
"725",19,0,0,0,0,0,0,0,0,0,0,0,0,34,0,0,17,0,0,7,15
"726",13,0,0,0,0,0,0,0,0,0,0,0,0,39,0,0,18,0,6,10,13
"727",8,0,0,0,0,0,0,0,0,0,0,0,0,35,0,0,30,0,0,0,3
"728",9,0,0,0,0,0,0,0,0,0,0,0,0,33,0,0,22,0,0,5,1
"729",6,0,0,0,0,0,0,0,0,0,0,0,0,35,0,0,25,0,5,0,3
"73",0,0,0,0,0,0,0,0,0,0,0,0,0,39,0,0,12,0,5,12,27
"730",10,0,0,0,0,0,0,0,0,0,0,0,0,20,0,0,8,0,5,0,35
"731",10,0,0,0,0,0,0,0,0,0,0,0,0,38,0,0,22,0,0,7,1
"732",15,0,0,0,0,0,0,0,0,0,0,0,0,24,0,0,8,0,5,7,32
"733",0,0,0,0,0,0,0,0,0,0,0,0,0,35,0,0,21,0,0,5,4
"734",7,0,0,0,0,0,0,0,0,0,0,0,0,32,0,0,17,0,5,7,1
"735",7,0,0,0,0,0,0,0,0,0,0,0,0,28,0,0,9,0,0,5,15
"736",7,0,0,0,0,0,0,0,0,0,0,0,0,32,0,0,10,0,0,10,2
"737",6,0,0,0,0,0,0,0,0,0,0,0,0,29,0,0,23,0,0,0,3
"738",0,0,0,0,0,0,0,0,0,0,0,0,0,35,0,0,23,0,0,5,4
"739",12,0,0,0,0,0,0,0,0,0,0,0,0,33,0,0,11,0,6,10,13
"74",10,0,0,0,0,0,0,0,0,0,0,0,0,16,0,0,9,0,5,0,35
"740",7,0,0,0,0,0,0,0,0,0,0,0,0,30,0,0,15,0,5,0,10
"741",10,0,0,0,0,0,0,0,0,0,0,0,0,32,0,0,27,0,0,0,3
"742",10,0,0,0,0,0,0,0,0,0,0,0,0,22,0,0,13,0,0,5,15
"743",8,0,0,0,0,0,0,0,0,0,0,0,0,31,0,0,24,0,0,0,3
"744",6,0,0,0,0,0,0,0,0,0,0,0,0,38,0,0,22,0,0,6,1
"745",8,0,0,0,0,0,0,0,0,0,0,0,0,29,0,0,21,0,0,0,3
"746",7,0,0,0,0,0,0,0,0,0,0,0,0,33,0,0,11,0,9,8,13
"747",0,0,0,0,0,0,0,0,0,0,0,0,0,28,0,0,12,0,0,7,33
"748",9,0,0,0,0,0,0,0,0,0,0,0,0,28,0,0,18,0,0,0,3
"749",12,0,0,0,0,0,0,0,0,0,0,0,0,32,0,0,25,0,0,0,3
"75",10,0,0,0,0,0,0,0,0,0,0,0,0,40,0,0,22,0,0,5,1
"750",6,0,0,0,0,0,0,0,0,0,0,0,0,37,0,0,12,0,0,13,2
"751",11,0,0,0,0,0,0,0,0,0,0,0,0,30,0,0,12,0,5,8,13
"752",7,0,0,0,0,0,0,0,0,0,0,0,0,36,0,0,27,0,0,0,3
"753",6,0,0,0,0,0,0,0,0,0,0,0,0,26,0,0,10,0,0,7,15
"754",7,0,0,0,0,0,0,0,0,0,0,0,0,25,0,0,11,0,7,0,10
"755",5,0,0,0,0,0,0,0,0,0,0,0,0,36,0,0,21,0,0,5,1
"756",0,0,0,0,0,0,0,0,0,0,0,0,0,43,0,0,31,0,0,0,4
"757",12,0,0,0,0,0,0,0,0,0,0,0,0,36,0,0,8,0,6,11,13
"758",8,0,0,0,0,0,0,0,0,0,0,0,0,28,0,0,18,0,0,0,3
"759",11,0,0,0,0,0,0,0,0,0,0,0,0,40,0,0,19,0,6,7,13
"76",7,0,0,0,0,0,0,0,0,0,0,0,0,35,0,0,28,0,0,0,3
"760",12,0,0,0,0,0,0,0,0,0,0,0,0,36,0,0,28,0,0,0,3
"761",11,0,0,0,0,0,0,0,0,0,0,0,0,23,0,0,7,0,7,5,32
"762",13,0,0,0,0,0,0,0,0,0,0,0,0,42,0,0,19,0,0,9,15
"763",12,0,0,0,0,0,0,0,0,0,0,0,0,37,0,0,17,0,0,9,15
"764",11,0,0,0,0,0,0,0,0,0,0,0,0,21,0,0,8,0,6,0,35
"765",5,0,0,0,0,0,0,0,0,0,0,0,0,24,0,0,15,0,0,5,1
"766",11,0,0,0,0,0,0,0,0,0,0,0,0,27,0,0,13,0,5,5,13
"767",8,0,0,0,0,0,0,0,0,0,0,0,0,38,0,0,24,0,8,5,1
"768",8,0,0,0,0,0,0,0,0,0,0,0,0,35,0,0,23,0,0,0,3
"769",9,0,0,0,0,0,0,0,0,0,0,0,0,32,0,0,23,0,0,0,3
"77",9,0,0,0,0,0,0,0,0,0,0,0,0,31,0,0,9,0,6,9,13
"770",6,0,0,0,0,0,0,0,0,0,0,0,0,34,0,0,22,0,0,0,3
"771",7,0,0,0,0,0,0,0,0,0,0,0,0,36,5,0,26,0,0,0,3
"772",15,0,0,0,0,0,0,0,0,0,0,0,0,39,0,0,27,0,5,0,10
"773",11,0,0,0,0,0,0,0,0,0,0,0,0,28,0,0,7,0,0,13,2
"774",6,0,0,0,0,0,0,0,0,0,0,0,0,28,0,0,12,0,0,6,15
"775",6,0,0,0,0,0,0,0,0,0,0,0,0,34,0,0,27,0,0,0,3
"776",9,0,0,0,0,0,0,0,0,0,0,0,0,37,0,0,13,0,0,13,2
"777",0,0,0,0,0,0,0,0,0,0,0,0,0,35,0,0,24,0,0,0,4
"778",0,0,0,0,0,0,0,0,0,0,0,0,0,32,0,0,8,0,8,11,27
"779",6,0,0,0,0,0,0,0,0,0,0,0,0,25,0,0,11,0,0,6,15
"78",5,0,0,0,0,0,0,0,0,0,0,0,0,31,0,0,21,0,0,0,3
"780",6,0,0,0,0,0,0,0,0,0,0,0,0,24,0,0,23,0,0,0,3
"781",7,0,0,0,0,0,0,0,0,0,0,0,0,38,0,0,18,0,5,6,1
"782",12,0,0,0,0,0,0,0,0,0,0,0,0,28,0,0,15,0,5,6,13
"783",5,0,0,0,0,0,0,0,0,0,0,0,0,30,0,0,11,0,0,8,15
"784",8,0,0,0,0,0,0,0,0,0,0,0,0,24,0,0,8,0,0,10,2
"785",7,0,0,0,0,0,0,0,0,0,0,0,0,42,0,0,32,0,0,0,3
"786",9,0,0,0,0,0,0,0,0,0,0,0,0,35,0,0,21,0,0,6,1
"787",5,0,0,0,0,0,0,0,0,0,0,0,0,34,0,0,14,0,7,6,13
"788",5,0,0,0,0,0,0,0,0,0,0,0,0,37,0,0,24,0,5,5,1
"789",9,0,0,0,0,0,0,0,0,0,0,0,0,28,0,0,13,0,6,8,13
"79",12,0,0,0,0,0,0,0,0,0,0,0,0,24,0,0,9,0,5,5,32
"790",13,0,0,0,0,0,0,0,0,0,0,0,0,27,0,0,19,0,0,0,3
"791",9,0,0,0,0,0,0,0,0,0,0,0,0,32,0,0,13,0,0,9,15
"792",13,0,0,0,0,0,0,0,0,0,0,0,0,34,0,0,33,0,0,0,3
"793",6,0,0,0,0,0,0,0,0,0,0,0,0,25,0,0,7,0,0,9,2
"794",11,0,0,0,0,0,0,0,0,0,0,0,0,32,0,0,9,0,5,10,13
"795",10,0,0,0,0,0,0,0,0,0,0,0,0,26,0,0,16,0,6,0,10
"796",9,0,0,0,0,0,0,0,0,0,0,0,0,36,0,0,14,0,0,11,15
"797",7,0,0,0,0,0,0,0,0,0,0,0,0,33,0,0,8,0,0,13,2
"798",10,0,0,0,0,0,0,0,0,0,0,0,0,18,0,0,9,0,0,5,15
"799",9,0,0,0,0,0,0,0,0,0,0,0,0,30,0,0,21,0,5,0,10
"8",8,0,0,0,0,0,0,0,0,0,0,0,0,27,0,0,22,0,6,0,3
"80",6,0,0,0,0,0,0,0,0,0,0,0,0,32,0,0,21,0,0,7,1
"800",10,0,0,0,0,0,0,0,0,0,0,0,0,27,6,0,22,0,0,0,3
"801",13,0,0,0,0,0,0,0,0,0,0,0,0,27,0,0,16,0,0,0,3
"802",8,0,0,0,0,0,0,0,0,0,0,0,0,30,0,0,6,0,6,12,13
"803",11,0,0,0,0,0,0,0,0,0,0,0,0,36,0,0,22,0,5,0,10
"804",5,0,0,0,0,0,0,0,0,0,0,0,0,23,0,0,19,0,0,0,3
"805",10,0,0,0,0,0,0,0,0,0,0,0,0,28,0,0,12,0,0,8,15
"806",6,0,0,0,0,0,0,0,0,0,0,0,0,27,0,0,13,0,5,5,13
"807",6,0,0,0,0,0,0,0,0,0,0,0,0,32,0,0,23,0,0,0,3
"808",10,0,0,0,0,0,0,0,0,0,0,0,0,29,0,0,7,0,5,9,13
"809",9,0,0,0,0,0,0,0,0,0,0,0,0,31,0,0,21,0,5,0,10
"81",5,0,0,0,0,0,0,0,0,0,0,0,0,22,0,0,13,0,7,0,10
"810",0,0,0,0,0,0,0,0,0,0,0,0,0,30,0,0,19,0,0,0,4
"811",7,0,0,0,0,0,0,0,0,0,0,0,0,24,0,0,9,0,8,6,13
"812",7,0,0,0,0,0,0,0,0,0,0,0,0,40,0,0,19,0,6,12,1
"813",0,0,0,0,0,0,0,0,0,0,0,0,0,27,0,0,14,0,0,6,4
"814",7,0,0,0,0,0,0,0,0,0,0,0,0,18,0,0,12,0,0,0,3
"815",5,0,0,0,0,0,0,0,0,0,0,0,0,28,0,0,10,0,9,7,13
"816",7,0,0,0,0,0,0,0,0,0,0,0,0,27,0,0,11,0,0,8,15
"817",8,0,0,0,0,0,0,0,0,0,0,0,0,22,0,0,9,0,0,7,15
"818",7,0,0,0,0,0,0,0,0,0,0,0,0,31,0,0,7,0,8,12,13
"819",10,0,0,0,0,0,0,0,0,0,0,0,0,31,0,0,9,0,0,7,15
"82",9,0,0,0,0,0,0,0,0,0,0,0,0,29,5,0,25,0,0,0,3
"820",5,0,0,0,0,0,0,0,0,0,0,0,0,32,0,0,19,0,5,7,1
"821",6,0,0,0,0,0,0,0,0,0,0,0,0,22,0,0,13,0,0,0,3
"822",8,0,0,0,0,0,0,0,0,0,0,0,0,39,0,0,19,0,0,6,15
"823",10,0,0,0,0,0,0,0,0,0,0,0,0,29,0,0,9,0,0,10,2
"824",12,0,0,0,0,0,0,0,0,0,0,0,0,42,0,0,31,0,0,0,3
"825",10,0,0,0,0,0,0,0,0,0,0,0,0,32,0,0,26,0,0,0,3
"826",6,0,0,0,0,0,0,0,0,0,0,0,0,24,0,0,11,0,9,5,13
"827",8,0,0,0,0,0,0,0,0,0,0,0,0,27,0,0,24,0,0,0,3
"828",10,0,0,0,0,0,0,0,0,0,0,0,0,31,0,0,23,0,0,0,3
"829",0,0,0,0,0,0,0,0,0,0,0,0,0,22,0,0,9,0,0,0,4
"83",8,0,0,0,0,0,0,0,0,0,0,0,0,20,0,0,6,0,5,0,35
"830",8,0,0,0,0,0,0,0,0,0,0,0,0,34,0,0,25,0,0,0,3
"831",9,0,0,0,0,0,0,0,0,0,0,0,0,42,0,0,23,0,0,0,3
"832",10,0,0,0,0,0,0,0,0,0,0,0,0,32,0,0,9,0,7,13,13
"833",9,0,0,0,0,0,0,0,0,0,0,0,0,38,5,0,28,0,0,0,3
"834",9,0,0,0,0,0,0,0,0,0,0,0,0,46,0,0,31,0,0,7,1
"835",0,0,0,0,0,0,0,0,0,0,0,0,0,36,0,0,21,0,0,0,4
"836",9,0,0,0,0,0,0,0,0,0,0,0,0,30,0,0,8,0,0,11,2
"837",7,0,0,0,0,0,0,0,0,0,0,0,0,30,0,0,11,0,7,10,13
"838",9,0,0,0,0,0,0,0,0,0,0,0,0,31,0,0,27,0,0,0,3
"839",9,0,0,0,0,0,0,0,0,0,0,0,0,48,0,0,10,0,6,19,13
"84",9,0,0,0,0,0,0,0,0,0,0,0,0,29,0,0,20,0,0,0,3
"840",7,0,0,0,0,0,0,0,0,0,0,0,0,37,0,0,14,0,0,12,15
"841",0,0,0,0,0,0,0,0,0,0,0,0,0,26,0,0,13,0,6,6,27
"842",11,0,0,0,0,0,0,0,0,0,0,0,0,16,0,0,6,0,0,0,16
"843",11,0,0,0,0,0,0,0,0,0,0,0,0,39,0,0,22,0,6,7,13
"844",7,0,0,0,0,0,0,0,0,0,0,0,0,44,5,0,33,0,0,0,3
"845",11,0,0,0,0,0,0,0,0,0,0,0,0,28,0,0,7,0,0,8,2
"846",0,0,0,0,0,0,0,0,0,0,0,0,0,25,0,0,16,0,0,0,4
"847",12,0,0,0,0,0,0,0,0,0,0,0,0,40,0,0,24,0,0,5,1
"848",8,0,0,0,0,0,0,0,0,0,0,0,0,35,0,0,26,0,0,0,3
"849",10,0,0,0,0,0,0,0,0,0,0,0,0,42,5,0,29,0,0,0,3
"85",14,0,0,0,0,0,0,0,0,0,0,0,0,30,0,0,21,0,0,0,3
"850",12,0,0,0,0,0,0,0,0,0,0,0,0,20,0,0,15,0,6,0,35
"851",7,0,0,0,0,0,0,0,0,0,0,0,0,32,0,0,21,0,0,0,3
"852",9,0,0,0,0,0,0,0,0,0,0,0,0,28,0,0,7,0,8,11,13
"853",8,0,0,0,0,0,0,0,0,0,0,0,0,43,0,0,15,0,0,12,15
"854",5,0,0,0,0,0,0,0,0,0,0,0,0,31,0,0,13,0,5,6,13
"855",0,0,0,0,0,0,0,0,0,0,0,0,0,39,5,0,26,0,0,0,4
"856",8,0,0,0,0,0,0,0,0,0,0,0,0,38,0,0,24,0,0,0,3
"857",10,0,0,0,0,0,0,0,0,0,0,0,0,36,0,0,23,0,0,6,1
"858",9,0,0,0,0,0,0,0,0,0,0,0,0,33,0,0,20,0,0,0,3
"859",7,0,0,0,0,0,0,0,0,0,0,0,0,35,0,0,9,0,6,16,13
"86",8,0,0,0,0,0,0,0,0,0,0,0,0,31,0,0,19,0,0,0,3
"860",10,0,0,0,0,0,0,0,0,0,0,0,0,32,0,0,13,0,6,7,13
"861",7,0,0,0,0,0,0,0,0,0,0,0,0,31,0,0,26,0,0,0,3
"862",9,0,0,0,0,0,0,0,0,0,0,0,0,28,0,0,9,0,5,5,13
"863",9,0,0,0,0,0,0,0,0,0,0,0,0,34,0,0,13,0,6,7,13
"864",5,0,0,0,0,0,0,0,0,0,0,0,0,26,0,0,15,0,5,5,1
"865",0,0,0,0,0,0,0,0,0,0,0,0,0,33,0,0,14,0,8,0,38
"866",6,0,0,0,0,0,0,0,0,0,0,0,0,26,0,0,15,0,0,0,3
"867",10,0,0,0,0,0,0,0,0,0,0,0,0,47,0,0,28,0,0,6,1
"868",6,0,0,0,0,0,0,0,0,0,0,0,0,45,0,0,27,0,0,7,1
"869",8,0,0,0,0,0,0,0,0,0,0,0,0,33,0,0,22,0,0,5,1
"87",12,0,0,0,0,0,0,0,0,0,0,0,0,26,0,0,11,0,6,8,13
"870",5,0,0,0,0,0,0,0,0,0,0,0,0,31,0,0,8,0,6,9,13
"871",6,0,0,0,0,0,0,0,0,0,0,0,0,28,0,0,7,0,6,10,13
"872",8,0,0,0,0,0,0,0,0,0,0,0,0,33,0,0,8,0,5,12,13
"873",18,0,0,0,0,0,0,0,0,0,0,0,0,41,5,0,37,0,0,0,3
"874",9,0,0,0,0,0,0,0,0,0,0,0,0,36,0,0,24,0,0,0,3
"875",11,0,0,0,0,0,0,0,0,0,0,0,0,25,0,0,13,0,5,8,13
"876",7,0,0,0,0,0,0,0,0,0,0,0,0,38,0,0,29,0,0,0,3
"877",10,0,0,0,0,0,0,0,0,0,0,0,0,26,0,0,12,0,5,8,13
"878",10,0,0,0,0,0,0,0,0,0,0,0,0,34,0,0,17,0,5,0,10
"879",10,0,0,0,0,0,0,0,0,0,0,0,0,35,0,0,32,0,0,0,3
"88",5,0,0,0,0,0,0,0,0,0,0,0,0,32,0,0,20,0,0,0,3
"880",5,0,0,0,0,0,0,0,0,0,0,0,0,16,0,0,5,0,0,5,2
"881",5,0,0,0,0,0,0,0,0,0,0,0,0,32,0,0,9,0,0,11,2
"882",9,0,0,0,0,0,0,0,0,0,0,0,0,34,0,0,22,0,0,0,3
"883",6,0,0,0,0,0,0,0,0,0,0,0,0,21,0,0,10,0,6,7,13
"884",7,0,0,0,0,0,0,0,0,0,0,0,0,35,0,0,32,0,0,0,3
"885",7,0,0,0,0,0,0,0,0,0,0,0,0,32,0,0,18,0,0,7,15
"886",8,0,0,0,0,0,0,0,0,0,0,0,0,36,6,0,28,0,0,0,3
"887",6,0,0,0,0,0,0,0,0,0,0,0,0,32,0,0,19,0,6,8,1
"888",5,0,0,0,0,0,0,0,0,0,0,0,0,29,0,0,16,0,0,0,3
"889",0,0,0,0,0,0,0,0,0,0,0,0,0,29,0,0,12,0,6,6,27
"89",8,0,0,0,0,0,0,0,0,0,0,0,0,30,0,0,19,0,0,0,3
"890",11,0,0,0,0,0,0,0,0,0,0,0,0,36,0,0,14,0,6,8,13
"891",5,0,0,0,0,0,0,0,0,0,0,0,0,41,0,0,31,0,0,0,3
"892",6,0,0,0,0,0,0,0,0,0,0,0,0,35,0,0,22,0,0,5,1
"893",0,0,0,0,0,0,0,0,0,0,0,0,0,34,0,0,10,0,0,14,33
"894",8,0,0,0,0,0,0,0,0,0,0,0,0,34,0,0,16,0,7,8,13
"895",5,0,0,0,0,0,0,0,0,0,0,0,0,34,0,0,30,0,0,0,3
"896",8,0,0,0,0,0,0,0,0,0,0,0,0,22,0,0,5,0,0,8,2
"897",11,0,0,0,0,0,0,0,0,0,0,0,0,35,0,0,11,0,6,16,13
"898",5,0,0,0,0,0,0,0,0,0,0,0,0,34,0,0,32,0,0,0,3
"899",8,0,0,0,0,0,0,0,0,0,0,0,0,28,0,0,6,0,0,9,2
"9",0,0,0,0,0,0,0,0,0,0,0,0,0,35,0,0,8,0,0,14,33
"90",9,0,0,0,0,0,0,0,0,0,0,0,0,33,0,0,22,0,0,0,3
"900",10,0,0,0,0,0,0,0,0,0,0,0,0,34,0,0,10,0,6,11,13
"901",8,0,0,0,0,0,0,0,0,0,0,0,0,36,0,0,15,0,11,11,13
"902",10,0,0,0,0,0,0,0,0,0,0,0,0,32,0,0,9,0,5,11,13
"903",5,0,0,0,0,0,0,0,0,0,0,0,0,31,0,0,13,0,8,6,13
"904",5,0,0,0,0,0,0,0,0,0,0,0,0,32,0,0,14,0,10,9,13
"905",5,0,0,0,0,0,0,0,0,0,0,0,0,28,0,0,7,0,0,8,2
"906",9,0,0,0,0,0,0,0,0,0,0,0,0,33,0,0,24,0,0,0,3
"907",10,0,0,0,0,0,0,0,0,0,0,0,0,40,0,0,34,0,0,0,3
"908",6,0,0,0,0,0,0,0,0,0,0,0,0,29,0,0,10,0,0,7,15
"909",9,0,0,0,0,0,0,0,0,0,0,0,0,30,0,0,31,0,0,0,3
"91",6,0,0,0,0,0,0,0,0,0,0,0,0,28,0,0,17,0,0,0,3
"910",9,0,0,0,0,0,0,0,0,0,0,0,0,34,0,0,16,0,8,10,13
"911",5,0,0,0,0,0,0,0,0,0,0,0,0,22,0,0,9,0,5,5,13
"912",10,0,0,0,0,0,0,0,0,0,0,0,0,31,0,0,24,0,0,0,3
"913",12,0,0,0,0,0,0,0,0,0,0,0,0,32,0,0,30,0,0,0,3
"914",10,0,0,0,0,0,0,0,0,0,0,0,0,28,0,0,9,0,0,9,2
"915",0,0,0,0,0,0,0,0,0,0,0,0,0,32,0,0,13,0,0,5,33
"916",6,0,0,0,0,0,0,0,0,0,0,0,0,35,0,0,24,0,0,0,3
"917",0,0,0,0,0,0,0,0,0,0,0,0,0,29,0,0,14,0,5,6,27
"918",9,0,0,0,0,0,0,0,0,0,0,0,0,19,0,0,8,0,6,6,13
"919",10,0,0,0,0,0,0,0,0,0,0,0,0,32,0,0,19,0,5,0,10
"92",8,0,0,0,0,0,0,0,0,0,0,0,0,31,0,0,21,0,7,5,1
"920",6,0,0,0,0,0,0,0,0,0,0,0,0,29,0,0,10,0,0,7,15
"921",0,0,0,0,0,0,0,0,0,0,0,0,0,36,0,0,22,0,0,0,4
"922",5,0,0,0,0,0,0,0,0,0,0,0,0,37,0,0,11,0,6,13,13
"923",10,0,0,0,0,0,0,0,0,0,0,0,0,32,0,0,10,0,5,12,13
"924",6,0,0,0,0,0,0,0,0,0,0,0,0,30,0,0,26,0,0,0,3
"925",6,0,0,0,0,0,0,0,0,0,0,0,0,31,0,0,15,0,0,9,15
"926",11,0,0,0,0,0,0,0,0,0,0,0,0,26,0,0,11,0,9,8,13
"927",15,0,0,0,0,0,0,0,0,0,0,0,0,41,0,0,33,0,0,0,3
"928",9,0,0,0,0,0,0,0,0,0,0,0,0,34,0,0,28,0,0,0,3
"929",10,0,0,0,0,0,0,0,0,0,0,0,0,33,0,0,14,0,0,7,15
"93",0,0,0,0,0,0,0,0,0,0,0,0,0,28,0,0,10,0,0,12,33
"930",11,0,0,0,0,0,0,0,0,0,0,0,0,22,0,0,10,0,0,0,16
"931",5,0,0,0,0,0,0,0,0,0,0,0,0,31,0,0,27,0,0,0,3
"932",8,0,0,0,0,0,0,0,0,0,0,0,0,29,0,0,8,0,6,10,13
"933",6,0,0,0,0,0,0,0,0,0,0,0,0,31,0,0,15,0,8,7,13
"934",6,0,0,0,0,0,0,0,0,0,0,0,0,35,0,0,9,0,6,9,13
"935",10,0,0,0,0,0,0,0,0,0,0,0,0,27,0,0,15,0,0,8,15
"936",10,0,0,0,0,0,0,0,0,0,0,0,0,34,0,0,28,0,0,0,3
"937",14,0,0,0,0,0,0,0,0,0,0,0,0,41,0,0,31,0,0,0,3
"938",9,0,0,0,0,0,0,0,0,0,0,0,0,33,0,0,29,0,0,0,3
"939",8,0,0,0,0,0,0,0,0,0,0,0,0,27,0,0,5,0,0,12,2
"94",12,0,0,0,0,0,0,0,0,0,0,0,0,30,0,0,23,0,0,0,3
"940",6,0,0,0,0,0,0,0,0,0,0,0,0,29,0,0,22,0,0,0,3
"941",9,0,0,0,0,0,0,0,0,0,0,0,0,28,0,0,19,0,0,0,3
"942",8,0,0,0,0,0,0,0,0,0,0,0,0,38,0,0,14,0,5,11,13
"943",7,0,0,0,0,0,0,0,0,0,0,0,0,30,0,0,24,0,0,0,3
"944",9,0,0,0,0,0,0,0,0,0,0,0,0,27,0,0,26,0,0,0,3
"945",10,0,0,0,0,0,0,0,0,0,0,0,0,26,0,0,21,0,0,0,3
"946",12,0,0,0,0,0,0,0,0,0,0,0,0,27,0,0,7,0,5,9,32
"947",12,0,0,0,0,0,0,0,0,0,0,0,0,38,0,0,24,0,0,5,1
"948",9,0,0,0,0,0,0,0,0,0,0,0,0,38,0,0,17,0,0,9,15
"949",10,0,0,0,0,0,0,0,0,0,0,0,0,29,0,0,9,0,5,10,13
"95",6,0,0,0,0,0,0,0,0,0,0,0,0,34,0,0,15,0,0,8,15
"950",7,0,0,0,0,0,0,0,0,0,0,0,0,31,0,0,10,0,5,9,13
"951",8,0,0,0,0,0,0,0,0,0,0,0,0,33,0,0,21,0,6,5,1
"952",9,0,0,0,0,0,0,0,0,0,0,0,0,28,0,0,21,0,0,0,3
"953",6,0,0,0,0,0,0,0,0,0,0,0,0,33,0,0,20,0,7,0,10
"954",10,0,0,0,0,0,0,0,0,0,0,0,0,46,0,0,22,0,0,11,15
"955",8,0,0,0,0,0,0,0,0,0,0,0,0,29,0,0,23,0,0,0,3
"956",11,0,0,0,0,0,0,0,0,0,0,0,0,34,0,0,13,0,5,11,13
"957",5,0,0,0,0,0,0,0,0,0,0,0,0,28,0,0,18,0,0,0,3
"958",0,0,0,0,0,0,0,0,0,0,0,0,0,30,0,0,13,0,0,8,33
"959",10,0,0,0,0,0,0,0,0,0,0,0,0,36,5,0,19,0,0,6,15
"96",0,0,0,0,0,0,0,0,0,0,0,0,0,33,0,0,12,0,7,8,27
"960",13,0,0,0,0,0,0,0,0,0,0,0,0,30,0,0,10,0,0,9,2
"961",11,0,0,0,0,0,0,0,0,0,0,0,0,29,0,0,8,0,6,7,13
"962",10,0,0,0,0,0,0,0,0,0,0,0,0,30,0,0,12,0,7,6,13
"963",7,0,0,0,0,0,0,0,0,0,0,0,0,29,0,0,8,0,6,10,13
"964",6,0,0,0,0,0,0,0,0,0,0,0,0,34,0,0,22,0,0,0,3
"965",11,0,0,0,0,0,0,0,0,0,0,0,0,25,0,0,9,0,0,5,15
"966",5,0,0,0,0,0,0,0,0,0,0,0,0,22,0,0,10,0,5,7,13
"967",6,0,0,0,0,0,0,0,0,0,0,0,0,30,0,0,16,0,0,8,15
"968",13,0,0,0,0,0,0,0,0,0,0,0,0,27,0,0,20,0,0,0,3
"969",5,0,0,0,0,0,0,0,0,0,0,0,0,33,0,0,9,0,0,9,2
"97",0,0,0,0,0,0,0,0,0,0,0,0,0,26,0,0,16,0,0,0,4
"970",8,0,0,0,0,0,0,0,0,0,0,0,0,36,0,0,21,0,5,5,1
"971",5,0,0,0,0,0,0,0,0,0,0,0,0,27,0,0,11,0,6,6,13
"972",13,0,0,0,0,0,0,0,0,0,0,0,0,41,5,0,31,0,0,0,3
"973",6,0,0,0,0,0,0,0,0,0,0,0,0,30,0,0,21,0,0,0,3
"974",8,0,0,0,0,0,0,0,0,0,0,0,0,32,0,0,22,0,0,0,3
"975",0,0,0,0,0,0,0,0,0,0,0,0,0,29,0,0,8,0,5,7,27
"976",8,0,0,0,0,0,0,0,0,0,0,0,0,25,0,0,21,0,0,0,3
"977",0,0,0,0,0,0,0,0,0,0,0,0,0,30,0,0,12,0,6,7,27
"978",11,0,0,0,0,0,0,0,0,0,0,0,0,27,0,0,18,0,0,0,3
"979",7,0,0,0,0,0,0,0,0,0,0,0,0,30,0,0,15,0,5,8,13
"98",7,0,0,0,0,0,0,0,0,0,0,0,0,35,0,0,28,0,0,0,3
"980",5,0,0,0,0,0,0,0,0,0,0,0,0,43,0,0,19,0,0,9,15
"981",13,0,0,0,0,0,0,0,0,0,0,0,0,37,0,0,25,0,0,0,3
"982",6,0,0,0,0,0,0,0,0,0,0,0,0,31,0,0,6,0,0,9,2
"983",9,0,0,0,0,0,0,0,0,0,0,0,0,27,0,0,10,0,0,6,15
"984",13,0,0,0,0,0,0,0,0,0,0,0,0,32,0,0,19,0,8,6,13
"985",8,0,0,0,0,0,0,0,0,0,0,0,0,26,0,0,22,0,0,0,3
"986",7,0,0,0,0,0,0,0,0,0,0,0,0,28,0,0,6,0,0,8,2
"987",9,0,0,0,0,0,0,0,0,0,0,0,0,47,0,0,38,0,0,0,3
"988",8,0,0,0,0,0,0,0,0,0,0,0,0,35,0,0,21,0,5,0,10
"989",8,0,0,0,0,0,0,0,0,0,0,0,0,25,0,0,11,0,0,0,3
"99",6,0,0,0,0,0,0,0,0,0,0,0,0,33,0,0,20,0,0,0,3
"990",8,0,0,0,0,0,0,0,0,0,0,0,0,28,0,0,10,0,5,7,13
"991",6,0,0,0,0,0,0,0,0,0,0,0,0,26,0,0,12,0,0,9,15
"992",12,0,0,0,0,0,0,0,0,0,0,0,0,38,0,0,23,0,0,0,3
"993",13,0,0,0,0,0,0,0,0,0,0,0,0,31,0,0,21,0,0,0,3
"994",10,0,0,0,0,0,0,0,0,0,0,0,0,40,0,0,19,0,0,9,15
"995",9,0,0,0,0,0,0,0,0,0,0,0,0,32,0,0,7,0,0,10,2
"996",7,0,0,0,0,0,0,0,0,0,0,0,0,39,0,0,15,0,10,14,13
"997",7,0,0,0,0,0,0,0,0,0,0,0,0,23,0,0,7,0,5,7,13
"998",5,0,0,0,0,0,0,0,0,0,0,0,0,39,0,0,19,0,0,10,15
"999",11,0,0,0,0,0,0,0,0,0,0,0,0,38,0,0,26,0,0,0,3
