,r1,r10,r2,r3,r4,r5,r6,r7,r8,r9,s1,s2,s3,s4,s5,s6
1,12,0,0,0,0,0,0,0,0,0,35,3,33,3,2,0
10,10,0,0,0,0,0,0,0,0,0,38,1,33,1,0,0
100,11,0,0,0,0,0,0,0,0,0,32,3,29,2,1,1
1000,2,0,18,0,0,0,0,0,0,0,34,2,31,2,2,2
1001,4,0,6,0,0,20,0,0,0,0,0,0,0,0,0,0
1002,0,0,0,0,0,18,0,0,0,0,0,0,0,0,0,0
1003,6,0,16,0,0,0,0,0,0,0,0,0,0,0,0,0
1004,4,0,14,0,0,0,0,0,0,0,0,0,0,0,0,0
1005,0,0,0,2,0,16,0,0,0,0,0,0,0,0,0,0
1006,2,0,0,6,0,8,0,0,0,0,0,0,0,0,0,0
1007,4,0,4,0,0,0,8,0,0,0,0,0,0,0,0,0
1008,4,0,0,0,0,2,14,0,0,0,0,0,0,0,0,0
1009,0,22,0,0,0,0,0,0,0,0,0,0,0,0,0,0
101,6,0,0,0,0,0,0,0,0,0,50,2,44,2,2,2
1010,2,0,0,0,0,10,0,0,0,0,0,0,0,0,0,0
1011,2,0,0,0,0,0,14,0,0,0,0,0,0,0,0,0
1012,2,0,24,0,0,0,0,0,0,0,0,0,0,0,0,0
1013,0,0,14,0,0,0,0,0,0,0,0,0,0,0,0,0
1014,2,0,24,0,0,0,0,0,0,0,0,0,0,0,0,0
1015,4,0,14,0,0,0,0,0,0,0,0,0,0,0,0,0
1016,4,0,12,0,0,0,0,0,0,0,0,0,0,0,0,0
1017,6,0,0,0,0,10,0,0,0,0,0,0,0,0,0,0
1018,6,0,0,20,0,0,0,0,0,0,0,0,0,0,0,0
1019,2,0,10,0,0,0,0,0,0,0,0,0,0,0,0,0
102,10,0,0,0,0,0,0,0,0,0,32,0,29,0,0,0
1020,4,0,0,0,0,4,12,0,0,0,0,0,0,0,0,0
1021,0,0,12,0,0,0,0,0,0,0,0,0,0,0,0,0
1022,0,0,0,0,0,0,0,12,0,0,0,0,0,0,0,0
1023,4,0,0,0,0,10,0,0,0,0,0,0,0,0,0,0
1024,6,0,6,0,0,0,2,0,0,0,0,0,0,0,0,0
1025,6,0,0,0,0,14,0,0,0,0,0,0,0,0,0,0
1026,8,0,22,0,0,0,0,0,0,0,0,0,0,0,0,0
1027,0,10,0,0,0,0,0,0,0,0,0,0,0,0,0,0
1028,0,0,0,0,0,0,16,0,0,0,0,0,0,0,0,0
1029,0,0,0,0,0,16,0,0,0,0,0,0,0,0,0,0
103,8,0,0,0,0,0,0,0,0,0,33,1,30,0,0,0
1030,4,0,14,0,0,0,0,0,0,0,0,0,0,0,0,0
1031,0,0,0,0,0,8,0,0,0,0,0,0,0,0,0,0
1032,2,0,16,0,0,4,0,0,0,0,0,0,0,0,0,0
1033,0,0,0,12,0,0,0,0,0,0,0,0,0,0,0,0
1034,6,0,24,0,0,0,0,0,0,0,0,0,0,0,0,0
1035,2,0,0,0,0,14,0,0,0,0,0,0,0,0,0,0
1036,6,0,0,0,0,6,0,0,0,0,0,0,0,0,0,0
1037,0,0,16,0,0,0,0,0,0,0,0,0,0,0,0,0
1038,2,0,16,0,0,2,0,0,0,0,0,0,0,0,0,0
1039,12,0,0,0,0,22,0,0,0,0,0,0,0,0,0,0
104,12,0,0,0,0,0,0,0,0,0,23,3,21,1,1,1
1040,0,0,16,0,0,0,0,0,0,0,0,0,0,0,0,0
1041,8,0,14,0,0,0,0,0,0,0,0,0,0,0,0,0
1042,2,0,6,0,0,18,0,0,0,0,0,0,0,0,0,0
1043,2,0,16,0,0,0,0,0,0,0,0,0,0,0,0,0
1044,4,0,10,0,0,16,0,0,0,0,0,0,0,0,0,0
1045,4,0,0,0,0,18,0,0,0,0,0,0,0,0,0,0
1046,6,0,12,0,0,0,0,0,0,0,0,0,0,0,0,0
1047,2,0,0,0,0,18,0,0,0,0,0,0,0,0,0,0
1048,2,0,0,0,0,20,0,0,0,0,0,0,0,0,0,0
1049,2,0,0,0,0,0,16,0,0,0,0,0,0,0,0,0
105,10,0,0,0,0,0,0,0,0,0,25,0,21,0,0,0
1050,2,0,18,0,0,0,0,0,0,0,0,0,0,0,0,0
1051,0,0,0,0,8,0,0,0,0,0,0,0,0,0,0,0
1052,2,0,14,0,0,0,0,0,0,0,0,0,0,0,0,0
1053,0,0,4,0,0,18,0,0,0,0,0,0,0,0,0,0
1054,2,0,0,0,0,22,0,0,0,0,0,0,0,0,0,0
1055,4,0,0,0,0,24,0,0,0,0,0,0,0,0,0,0
1056,2,0,8,0,0,0,0,0,0,0,0,0,0,0,0,0
1057,6,0,12,0,0,0,0,0,0,0,0,0,0,0,0,0
1058,2,0,14,0,0,0,0,0,0,0,0,0,0,0,0,0
1059,0,0,14,0,0,0,0,0,0,0,0,0,0,0,0,0
106,6,0,0,0,0,0,0,0,0,0,34,3,27,1,0,0
1060,2,0,0,0,0,0,18,0,0,0,0,0,0,0,0,0
1061,4,0,6,0,0,0,0,0,0,0,0,0,0,0,0,0
1062,8,0,18,0,0,0,0,0,0,0,0,0,0,0,0,0
1063,0,0,0,4,0,12,0,0,0,0,0,0,0,0,0,0
1064,0,0,0,10,0,0,0,0,0,0,0,0,0,0,0,0
1065,2,0,4,0,0,14,0,0,0,0,0,0,0,0,0,0
1066,0,0,0,0,0,14,0,0,0,0,0,0,0,0,0,0
1067,4,0,0,22,0,0,0,0,0,0,0,0,0,0,0,0
1068,0,0,14,0,0,2,0,0,0,0,0,0,0,0,0,0
1069,4,0,0,10,0,0,0,0,0,0,0,0,0,0,0,0
107,17,0,0,0,0,0,0,0,0,0,29,2,25,2,0,0
1070,0,0,18,0,0,0,0,0,0,0,0,0,0,0,0,0
1071,4,0,0,0,0,16,0,0,0,0,0,0,0,0,0,0
1072,0,0,12,4,0,0,0,0,0,0,0,0,0,0,0,0
1073,0,0,0,0,0,12,0,0,0,0,0,0,0,0,0,0
1074,4,0,6,0,0,0,0,0,0,0,0,0,0,0,0,0
1075,8,0,14,0,0,0,0,0,0,0,0,0,0,0,0,0
1076,6,0,10,0,0,0,0,0,0,0,0,0,0,0,0,0
1077,12,0,12,0,0,2,0,0,0,0,0,0,0,0,0,0
1078,0,0,2,0,0,12,0,0,0,0,0,0,0,0,0,0
1079,4,0,0,0,0,20,0,0,0,0,0,0,0,0,0,0
108,6,0,0,0,0,0,0,0,0,0,38,3,36,2,2,2
1080,2,0,8,0,0,0,0,0,0,0,0,0,0,0,0,0
1081,0,0,4,0,0,4,0,0,0,0,0,0,0,0,0,0
1082,0,0,0,0,0,20,0,0,0,0,0,0,0,0,0,0
1083,2,0,10,0,0,0,0,0,0,0,0,0,0,0,0,0
1084,4,0,24,0,0,0,0,0,0,0,0,0,0,0,0,0
1085,4,0,6,0,0,10,0,0,0,0,0,0,0,0,0,0
1086,6,0,4,2,0,10,0,0,0,0,0,0,0,0,0,0
1087,4,0,10,8,0,0,0,0,0,0,0,0,0,0,0,0
1088,6,0,0,0,0,18,0,0,0,0,0,0,0,0,0,0
1089,0,0,0,0,0,18,0,0,0,0,0,0,0,0,0,0
109,13,0,0,0,0,0,0,0,0,0,37,3,32,2,0,0
1090,4,0,0,0,0,0,0,8,0,0,0,0,0,0,0,0
1091,2,0,0,0,0,18,0,0,0,0,0,0,0,0,0,0
1092,6,0,10,0,0,6,0,0,0,0,0,0,0,0,0,0
1093,4,0,14,0,0,0,0,0,0,0,0,0,0,0,0,0
1094,2,0,22,0,0,0,0,0,0,0,0,0,0,0,0,0
1095,4,0,16,0,0,0,0,0,0,0,0,0,0,0,0,0
1096,0,22,0,0,0,0,0,0,0,0,0,0,0,0,0,0
1097,2,0,20,0,0,2,0,0,0,0,0,0,0,0,0,0
1098,4,0,0,0,0,0,0,4,0,0,0,0,0,0,0,0
1099,4,0,0,0,0,32,0,0,0,0,0,0,0,0,0,0
11,11,0,0,0,0,0,0,0,0,0,33,3,29,2,0,0
110,14,0,0,0,0,0,0,0,0,0,34,0,29,0,0,0
1100,0,0,18,0,0,0,0,0,0,0,0,0,0,0,0,0
1101,8,0,12,0,0,0,0,0,0,0,0,0,0,0,0,0
1102,2,0,2,0,0,10,0,0,0,0,0,0,0,0,0,0
1103,2,0,0,0,0,12,0,0,0,0,0,0,0,0,0,0
1104,8,0,0,0,0,0,18,0,0,0,0,0,0,0,0,0
1105,4,0,0,0,0,16,0,0,0,0,0,0,0,0,0,0
1106,0,0,10,0,0,0,0,0,0,0,0,0,0,0,0,0
1107,2,0,18,0,0,0,0,0,0,0,0,0,0,0,0,0
1108,6,0,0,0,0,12,0,0,0,0,0,0,0,0,0,0
1109,2,0,14,0,0,0,0,0,0,0,0,0,0,0,0,0
111,14,0,0,0,0,0,0,0,0,0,39,0,37,0,0,0
1110,2,0,0,0,0,20,0,0,0,0,0,0,0,0,0,0
1111,2,0,0,0,0,24,0,0,0,0,0,0,0,0,0,0
1112,2,0,0,0,0,0,14,0,0,0,0,0,0,0,0,0
1113,2,0,0,0,0,0,0,0,14,0,0,0,0,0,0,0
1114,2,0,8,0,0,0,0,0,0,0,0,0,0,0,0,0
1115,6,0,0,0,0,20,0,0,0,0,0,0,0,0,0,0
1116,2,0,0,0,0,0,0,0,10,0,0,0,0,0,0,0
1117,8,0,8,0,0,4,0,0,0,0,0,0,0,0,0,0
1118,2,0,4,0,0,16,0,0,0,0,0,0,0,0,0,0
1119,6,6,14,0,0,0,0,0,0,0,0,0,0,0,0,0
112,9,0,0,0,0,0,0,0,0,0,31,2,27,1,1,1
1120,2,0,0,8,0,0,0,0,0,0,0,0,0,0,0,0
1121,4,0,0,22,0,0,0,0,0,0,0,0,0,0,0,0
1122,4,0,8,0,0,6,0,0,0,0,0,0,0,0,0,0
1123,0,0,28,0,0,0,0,0,0,0,0,0,0,0,0,0
1124,4,0,10,0,0,0,0,0,0,0,0,0,0,0,0,0
1125,0,0,0,10,0,0,0,0,0,0,0,0,0,0,0,0
1126,2,0,0,0,0,22,0,0,0,0,0,0,0,0,0,0
1127,2,0,0,0,0,4,14,0,0,0,0,0,0,0,0,0
1128,4,0,12,0,0,8,0,0,0,0,0,0,0,0,0,0
1129,4,0,10,0,0,12,0,0,0,0,0,0,0,0,0,0
113,6,0,0,0,0,0,0,0,0,0,31,2,26,2,0,0
1130,2,0,0,0,0,0,8,0,0,0,0,0,0,0,0,0
1131,4,0,18,0,0,0,0,0,0,0,0,0,0,0,0,0
1132,0,0,14,0,0,0,0,0,0,0,0,0,0,0,0,0
1133,4,0,0,0,0,14,0,0,0,0,0,0,0,0,0,0
1134,0,0,18,0,0,0,0,0,0,0,0,0,0,0,0,0
1135,0,0,0,0,0,0,18,0,0,0,0,0,0,0,0,0
1136,4,0,20,0,0,0,0,0,0,0,0,0,0,0,0,0
1137,0,0,14,0,0,0,0,0,0,0,0,0,0,0,0,0
1138,2,0,0,0,0,20,0,0,0,0,0,0,0,0,0,0
1139,0,0,0,0,0,8,0,0,0,0,0,0,0,0,0,0
114,9,0,0,0,0,0,0,0,0,0,38,3,29,3,1,0
1140,0,0,0,0,0,6,0,0,0,0,0,0,0,0,0,0
1141,4,0,12,0,0,0,0,0,0,0,0,0,0,0,0,0
1142,2,0,6,0,0,2,0,0,0,0,0,0,0,0,0,0
1143,8,0,0,0,0,0,6,0,0,0,0,0,0,0,0,0
1144,2,0,0,0,0,14,0,0,0,0,0,0,0,0,0,0
1145,4,0,16,0,0,0,0,0,0,0,0,0,0,0,0,0
1146,10,0,18,0,0,0,0,0,0,0,0,0,0,0,0,0
1147,0,0,16,0,0,0,0,0,0,0,0,0,0,0,0,0
1148,6,0,16,0,0,0,0,0,0,0,0,0,0,0,0,0
1149,4,0,20,0,0,0,0,0,0,0,0,0,0,0,0,0
115,8,0,0,0,0,0,0,0,0,0,31,3,26,2,1,1
1150,4,0,0,0,0,20,0,0,0,0,0,0,0,0,0,0
1151,0,0,12,0,0,0,0,0,0,0,0,0,0,0,0,0
1152,2,0,10,0,0,6,0,0,0,0,0,0,0,0,0,0
1153,2,0,0,4,0,30,0,0,0,0,0,0,0,0,0,0
1154,4,0,0,0,0,34,0,0,0,0,0,0,0,0,0,0
1155,4,0,20,0,0,0,0,0,0,0,0,0,0,0,0,0
1156,0,0,10,0,0,0,0,0,0,0,0,0,0,0,0,0
1157,0,0,12,0,0,0,0,0,0,0,0,0,0,0,0,0
1158,2,0,8,0,0,0,0,0,0,0,0,0,0,0,0,0
1159,4,0,10,0,0,10,0,0,0,0,0,0,0,0,0,0
116,7,0,0,0,0,0,0,0,0,0,38,4,34,4,2,2
1160,6,0,4,0,0,0,0,0,0,0,0,0,0,0,0,0
1161,6,0,0,0,0,14,0,0,0,0,0,0,0,0,0,0
1162,0,0,14,0,0,0,0,0,0,0,0,0,0,0,0,0
1163,2,0,16,0,0,2,0,0,0,0,0,0,0,0,0,0
1164,6,0,14,0,0,0,0,0,0,0,0,0,0,0,0,0
1165,4,0,4,0,0,16,0,0,0,0,0,0,0,0,0,0
1166,6,0,0,0,0,20,0,0,0,0,0,0,0,0,0,0
1167,6,0,0,0,0,22,0,0,0,0,0,0,0,0,0,0
1168,4,0,16,0,0,0,0,0,0,0,0,0,0,0,0,0
1169,4,0,10,0,0,0,0,0,0,0,0,0,0,0,0,0
117,11,0,0,0,0,0,0,0,0,0,43,3,38,3,3,2
1170,2,0,0,0,0,18,0,0,0,0,0,0,0,0,0,0
1171,4,0,20,0,0,0,0,0,0,2,0,0,0,0,0,0
1172,6,0,6,0,0,0,0,0,10,0,0,0,0,0,0,0
1173,2,0,8,0,0,0,0,0,0,0,0,0,0,0,0,0
1174,0,0,0,0,0,12,0,0,0,0,0,0,0,0,0,0
1175,4,0,10,0,0,0,0,0,0,0,0,0,0,0,0,0
1176,6,0,2,0,0,10,0,0,0,0,0,0,0,0,0,0
1177,2,0,0,0,0,14,0,0,0,0,0,0,0,0,0,0
1178,0,0,14,0,0,6,0,0,0,0,0,0,0,0,0,0
1179,6,0,0,0,0,0,0,12,0,0,0,0,0,0,0,0
118,11,0,0,0,0,0,0,0,0,0,44,1,41,1,1,1
1180,2,0,0,22,0,0,0,0,0,0,0,0,0,0,0,0
1181,4,0,2,22,0,0,0,0,0,0,0,0,0,0,0,0
1182,8,0,0,0,0,10,0,0,0,0,0,0,0,0,0,0
1183,10,0,0,0,0,20,0,0,0,0,0,0,0,0,0,0
1184,2,0,16,0,0,0,0,0,0,0,0,0,0,0,0,0
1185,2,0,6,0,0,4,0,0,0,0,0,0,0,0,0,0
1186,4,0,6,0,0,6,0,0,0,0,0,0,0,0,0,0
1187,2,0,0,6,0,14,0,0,0,0,0,0,0,0,0,0
1188,2,0,12,0,0,0,0,0,0,0,0,0,0,0,0,0
1189,4,0,12,0,0,0,0,0,0,0,0,0,0,0,0,0
119,12,0,0,0,0,0,0,0,0,0,45,1,36,1,1,1
1190,2,0,2,0,0,18,0,0,0,0,0,0,0,0,0,0
1191,2,0,8,0,0,8,0,0,0,0,0,0,0,0,0,0
1192,4,0,0,0,0,0,18,0,0,0,0,0,0,0,0,0
1193,2,0,0,8,0,0,0,0,0,0,0,0,0,0,0,0
1194,6,0,14,0,0,0,0,0,0,0,0,0,0,0,0,0
1195,4,0,14,0,0,0,0,0,0,0,0,0,0,0,0,0
1196,4,0,18,0,0,0,0,0,0,0,0,0,0,0,0,0
1197,8,0,0,0,0,6,0,0,0,0,0,0,0,0,0,0
1198,2,0,16,0,0,0,0,0,0,0,0,0,0,0,0,0
1199,2,0,0,0,0,16,0,0,0,0,0,0,0,0,0,0
12,8,0,0,0,0,0,0,0,0,0,34,2,31,2,2,2
120,5,0,0,0,0,0,0,0,0,0,22,3,21,1,0,0
1200,0,0,20,0,0,0,0,0,0,0,0,0,0,0,0,0
1201,2,0,20,0,0,0,0,0,0,0,0,0,0,0,0,0
1202,0,0,14,0,0,0,0,0,0,0,0,0,0,0,0,0
1203,0,0,16,0,0,0,0,0,0,0,0,0,0,0,0,0
1204,0,0,0,0,0,8,0,0,0,0,0,0,0,0,0,0
1205,6,0,0,0,0,16,0,0,0,0,0,0,0,0,0,0
1206,0,0,0,10,0,0,0,0,0,0,0,0,0,0,0,0
1207,2,0,0,6,0,0,0,0,0,0,0,0,0,0,0,0
1208,2,0,16,0,0,0,0,0,0,0,0,0,0,0,0,0
1209,0,0,14,0,0,0,0,0,0,0,0,0,0,0,0,0
121,6,0,0,0,0,0,0,0,0,0,27,0,22,0,0,0
1210,4,0,4,0,0,0,0,0,0,0,0,0,0,0,0,0
1211,2,0,10,0,0,0,0,0,0,0,0,0,0,0,0,0
1212,0,0,12,0,0,0,0,0,0,0,0,0,0,0,0,0
1213,2,0,0,0,0,12,0,0,0,0,0,0,0,0,0,0
1214,6,0,0,0,0,4,16,0,0,0,0,0,0,0,0,0
1215,2,0,10,0,0,6,0,0,0,0,0,0,0,0,0,0
1216,2,0,18,0,0,0,0,0,0,0,0,0,0,0,0,0
1217,8,0,18,0,0,0,0,0,0,0,0,0,0,0,0,0
1218,2,0,20,0,0,0,0,0,0,0,0,0,0,0,0,0
1219,4,0,18,0,0,0,0,0,0,0,0,0,0,0,0,0
122,11,0,0,0,0,0,0,0,0,0,32,0,32,0,0,0
1220,4,0,0,0,0,22,0,0,0,0,0,0,0,0,0,0
1221,4,0,6,0,0,0,16,0,0,0,0,0,0,0,0,0
1222,2,0,0,0,16,0,0,0,0,0,0,0,0,0,0,0
1223,2,0,18,0,0,0,0,0,0,0,0,0,0,0,0,0
1224,4,0,0,0,0,16,0,0,0,0,0,0,0,0,0,0
1225,6,0,2,0,0,14,0,0,0,0,0,0,0,0,0,0
1226,2,0,2,6,0,2,0,0,0,0,0,0,0,0,0,0
1227,2,0,0,22,0,0,0,0,0,0,0,0,0,0,0,0
1228,0,0,16,0,0,0,0,0,0,0,0,0,0,0,0,0
1229,10,0,0,0,0,24,0,0,0,0,0,0,0,0,0,0
123,7,0,0,0,0,0,0,0,0,0,40,2,33,2,0,0
1230,2,0,26,0,0,0,0,0,0,0,0,0,0,0,0,0
1231,2,0,12,0,0,0,0,0,0,0,0,0,0,0,0,0
1232,2,0,18,0,0,0,0,0,0,0,0,0,0,0,0,0
1233,2,0,0,0,0,16,0,0,0,0,0,0,0,0,0,0
1234,6,0,0,0,0,20,0,0,0,0,0,0,0,0,0,0
1235,0,0,0,0,0,0,8,0,0,0,0,0,0,0,0,0
1236,4,0,12,0,0,0,0,0,0,0,0,0,0,0,0,0
1237,0,0,2,0,0,12,0,0,0,0,0,0,0,0,0,0
1238,2,0,0,18,0,0,0,0,0,0,0,0,0,0,0,0
1239,2,0,14,0,0,10,0,0,0,0,0,0,0,0,0,0
124,12,0,0,0,0,0,0,0,0,0,41,3,37,1,0,0
1240,2,0,18,0,0,0,0,0,0,0,0,0,0,0,0,0
1241,0,0,30,0,0,0,0,0,0,0,0,0,0,0,0,0
1242,0,0,0,12,0,8,0,0,0,0,0,0,0,0,0,0
1243,2,0,8,0,0,0,0,0,0,0,0,0,0,0,0,0
1244,0,0,2,0,0,6,0,0,0,0,0,0,0,0,0,0
1245,0,0,20,0,0,0,0,0,0,0,0,0,0,0,0,0
1246,4,18,0,0,0,2,0,0,0,0,0,0,0,0,0,0
1247,0,0,14,0,0,0,0,0,0,0,0,0,0,0,0,0
1248,4,0,14,0,0,0,0,0,0,0,0,0,0,0,0,0
1249,4,0,10,0,0,0,0,0,0,0,0,0,0,0,0,0
125,9,0,0,0,0,0,0,0,0,0,32,2,30,2,0,0
1250,2,0,0,0,0,26,0,0,0,0,0,0,0,0,0,0
1251,0,0,0,0,0,18,0,0,0,0,0,0,0,0,0,0
1252,0,0,0,0,0,14,0,0,0,0,0,0,0,0,0,0
1253,0,0,0,0,0,22,0,0,0,0,0,0,0,0,0,0
1254,0,0,12,0,0,4,0,0,0,0,0,0,0,0,0,0
1255,4,0,0,0,0,24,0,0,0,0,0,0,0,0,0,0
1256,2,0,12,0,0,0,0,0,0,0,0,0,0,0,0,0
1257,4,0,0,0,0,18,0,0,0,0,0,0,0,0,0,0
1258,4,0,0,0,0,0,16,0,0,0,0,0,0,0,0,0
1259,0,0,0,0,0,16,0,0,0,0,0,0,0,0,0,0
126,10,0,0,0,0,0,0,0,0,0,33,1,30,1,0,0
1260,0,0,8,0,0,0,0,0,0,0,0,0,0,0,0,0
1261,2,0,14,0,0,0,0,0,0,0,0,0,0,0,0,0
1262,4,0,6,0,0,6,0,0,0,0,0,0,0,0,0,0
1263,2,0,0,18,0,0,0,0,0,0,0,0,0,0,0,0
1264,0,0,10,0,0,0,0,0,0,2,0,0,0,0,0,0
1265,0,0,26,0,0,0,0,0,0,0,0,0,0,0,0,0
1266,2,0,12,0,0,0,0,0,0,0,0,0,0,0,0,0
1267,4,0,0,0,0,12,0,0,0,0,0,0,0,0,0,0
1268,8,0,4,2,0,0,0,0,0,0,0,0,0,0,0,0
1269,4,0,0,0,0,14,0,0,0,0,0,0,0,0,0,0
127,7,0,0,0,0,0,0,0,0,0,54,1,50,1,1,1
1270,2,0,16,0,0,0,0,0,0,0,0,0,0,0,0,0
1271,0,0,0,0,0,0,12,0,0,0,0,0,0,0,0,0
1272,6,0,2,0,0,24,0,0,0,0,0,0,0,0,0,0
1273,2,0,22,0,0,0,0,0,0,0,0,0,0,0,0,0
1274,8,0,0,0,0,26,0,0,0,0,0,0,0,0,0,0
1275,0,0,0,0,0,0,12,0,0,0,0,0,0,0,0,0
1276,0,0,0,12,0,0,0,0,0,0,0,0,0,0,0,0
1277,0,0,14,0,0,0,0,0,0,0,0,0,0,0,0,0
1278,4,0,0,0,0,18,0,0,0,0,0,0,0,0,0,0
1279,2,0,14,8,0,0,0,0,0,0,0,0,0,0,0,0
128,6,0,0,0,0,0,0,0,0,0,36,1,35,1,1,0
1280,4,0,0,0,0,24,0,0,0,0,0,0,0,0,0,0
1281,4,0,0,0,0,22,0,0,0,0,0,0,0,0,0,0
1282,4,0,10,0,0,0,0,0,0,0,0,0,0,0,0,0
1283,6,0,0,0,0,8,0,0,0,0,0,0,0,0,0,0
1284,4,0,0,14,0,0,0,0,0,0,0,0,0,0,0,0
1285,2,0,2,0,0,8,0,0,0,0,0,0,0,0,0,0
1286,2,0,0,0,0,18,0,0,0,0,0,0,0,0,0,0
1287,0,0,0,0,0,6,0,0,0,0,0,0,0,0,0,0
1288,2,0,10,0,0,0,0,0,0,0,0,0,0,0,0,0
1289,8,0,14,0,0,0,0,0,0,0,0,0,0,0,0,0
129,7,0,0,0,0,0,0,0,0,0,35,2,28,1,0,0
1290,2,0,24,0,0,0,0,0,0,0,0,0,0,0,0,0
1291,2,0,22,0,0,0,0,0,0,0,0,0,0,0,0,0
1292,2,0,0,0,0,12,0,0,0,0,0,0,0,0,0,0
1293,0,0,18,0,0,0,0,0,0,0,0,0,0,0,0,0
1294,6,0,26,0,0,0,0,0,0,0,0,0,0,0,0,0
1295,4,0,2,6,0,8,0,0,0,0,0,0,0,0,0,0
1296,6,0,10,0,0,0,0,0,0,0,0,0,0,0,0,0
1297,4,0,18,0,0,0,0,0,0,0,0,0,0,0,0,0
1298,4,0,12,0,0,0,0,0,0,0,0,0,0,0,0,0
1299,2,0,18,0,0,0,0,0,0,0,0,0,0,0,0,0
13,13,0,0,0,0,0,0,0,0,0,39,1,37,0,0,0
130,6,0,0,0,0,0,0,0,0,0,35,2,31,2,1,1
1300,0,0,14,0,0,0,0,0,0,0,0,0,0,0,0,0
1301,6,0,0,0,0,0,0,0,0,10,0,0,0,0,0,0
1302,2,0,0,0,0,14,0,0,0,0,0,0,0,0,0,0
1303,2,0,10,0,0,0,0,0,0,0,0,0,0,0,0,0
1304,0,0,0,0,0,8,0,0,0,14,0,0,0,0,0,0
1305,2,0,8,0,0,0,0,0,0,0,0,0,0,0,0,0
1306,0,0,4,0,0,0,0,12,0,0,0,0,0,0,0,0
1307,0,0,0,0,0,18,0,0,0,0,0,0,0,0,0,0
1308,0,0,6,0,0,22,0,0,0,0,0,0,0,0,0,0
1309,10,0,0,2,0,6,0,0,0,0,0,0,0,0,0,0
131,7,0,0,0,0,0,0,0,0,0,31,1,27,1,1,1
1310,4,0,10,0,0,0,0,0,0,0,0,0,0,0,0,0
1311,2,0,12,0,0,0,0,0,0,0,0,0,0,0,0,0
1312,8,0,0,0,0,4,0,12,0,0,0,0,0,0,0,0
1313,6,0,0,0,0,18,0,0,0,0,0,0,0,0,0,0
1314,2,0,20,0,0,2,0,0,0,0,0,0,0,0,0,0
1315,2,0,0,0,0,18,0,0,0,0,0,0,0,0,0,0
1316,0,0,0,0,0,12,0,0,0,0,0,0,0,0,0,0
1317,0,0,12,0,0,0,0,0,0,0,0,0,0,0,0,0
1318,0,0,16,0,0,0,0,0,0,0,0,0,0,0,0,0
1319,2,0,0,0,0,16,0,0,0,0,0,0,0,0,0,0
132,12,0,0,0,0,0,0,0,0,0,32,2,26,1,1,1
1320,4,0,0,0,0,30,0,0,0,0,0,0,0,0,0,0
1321,0,0,10,0,0,0,0,0,0,0,0,0,0,0,0,0
1322,0,0,8,0,0,0,6,0,0,0,0,0,0,0,0,0
1323,4,0,0,14,0,0,0,0,0,0,0,0,0,0,0,0
1324,4,0,0,0,0,14,0,0,0,0,0,0,0,0,0,0
1325,2,0,8,0,0,0,0,0,0,0,0,0,0,0,0,0
1326,2,0,18,0,0,0,0,0,0,0,0,0,0,0,0,0
1327,4,0,20,0,0,0,0,0,0,0,0,0,0,0,0,0
1328,2,0,0,14,0,0,0,0,0,0,0,0,0,0,0,0
1329,2,0,0,0,0,20,0,0,0,0,0,0,0,0,0,0
133,10,0,0,0,0,0,0,0,0,0,36,3,32,2,1,0
1330,6,0,0,0,0,0,24,0,0,0,0,0,0,0,0,0
1331,4,0,8,0,0,0,0,0,0,0,0,0,0,0,0,0
1332,12,0,18,0,0,0,0,0,0,0,0,0,0,0,0,0
1333,4,0,0,0,0,0,14,0,0,0,0,0,0,0,0,0
1334,2,0,0,0,0,0,22,0,0,0,0,0,0,0,0,0
1335,6,0,0,0,0,14,0,0,0,0,0,0,0,0,0,0
1336,2,0,18,0,0,0,0,0,0,0,0,0,0,0,0,0
1337,2,0,0,0,0,14,0,0,0,0,0,0,0,0,0,0
1338,0,0,14,0,0,0,0,0,0,0,0,0,0,0,0,0
1339,0,0,8,0,0,6,0,0,0,0,0,0,0,0,0,0
134,8,0,0,0,0,0,0,0,0,0,31,3,26,3,2,2
1340,6,0,6,8,0,0,0,0,0,0,0,0,0,0,0,0
1341,2,0,14,0,0,0,0,0,0,0,0,0,0,0,0,0
1342,0,0,12,0,0,0,0,0,0,0,0,0,0,0,0,0
1343,2,0,22,0,0,0,0,0,0,0,0,0,0,0,0,0
1344,8,0,0,0,0,18,0,0,0,0,0,0,0,0,0,0
1345,0,0,18,0,0,0,0,0,0,0,0,0,0,0,0,0
1346,8,0,0,12,0,0,0,0,0,0,0,0,0,0,0,0
1347,4,0,0,0,0,8,0,0,0,0,0,0,0,0,0,0
1348,4,0,8,0,0,0,0,0,0,0,0,0,0,0,0,0
1349,4,0,18,0,0,0,0,0,0,0,0,0,0,0,0,0
135,13,0,0,0,0,0,0,0,0,0,36,3,31,2,2,2
1350,2,0,22,0,0,0,0,0,0,0,0,0,0,0,0,0
1351,4,0,0,0,0,6,0,0,0,0,0,0,0,0,0,0
1352,2,0,14,0,0,6,0,0,0,0,0,0,0,0,0,0
1353,2,0,12,4,0,0,0,0,0,0,0,0,0,0,0,0
1354,0,0,0,0,0,18,0,0,0,0,0,0,0,0,0,0
1355,4,0,0,20,0,0,0,0,0,0,0,0,0,0,0,0
1356,4,0,26,0,0,0,0,0,0,0,0,0,0,0,0,0
1357,4,0,18,0,0,0,0,0,0,0,0,0,0,0,0,0
1358,6,0,0,0,0,26,0,0,0,0,0,0,0,0,0,0
1359,6,0,0,4,0,14,0,0,0,0,0,0,0,0,0,0
136,13,0,0,0,0,0,0,0,0,0,45,2,35,2,0,0
1360,4,0,16,0,0,0,0,0,0,0,0,0,0,0,0,0
1361,4,0,18,0,0,0,0,0,0,0,0,0,0,0,0,0
1362,2,0,16,0,0,0,0,0,0,0,0,0,0,0,0,0
1363,2,0,0,0,0,10,0,0,0,0,0,0,0,0,0,0
1364,2,0,10,0,0,0,0,0,0,0,0,0,0,0,0,0
1365,4,0,0,0,0,12,0,0,0,0,0,0,0,0,0,0
1366,4,0,0,0,0,0,0,0,0,24,0,0,0,0,0,0
1367,2,0,0,20,0,0,0,0,0,0,0,0,0,0,0,0
1368,2,0,12,0,0,0,0,0,0,0,0,0,0,0,0,0
1369,2,0,0,0,0,0,20,0,0,0,0,0,0,0,0,0
137,4,0,0,0,0,0,0,0,0,0,36,1,28,0,0,0
1370,10,0,0,0,0,14,0,0,0,0,0,0,0,0,0,0
1371,2,0,0,0,0,0,16,0,0,0,0,0,0,0,0,0
1372,0,0,0,0,0,14,0,0,0,0,0,0,0,0,0,0
1373,2,0,16,0,0,0,0,0,0,0,0,0,0,0,0,0
1374,8,0,0,14,0,0,0,0,0,0,0,0,0,0,0,0
1375,2,0,2,0,0,6,0,0,0,0,0,0,0,0,0,0
1376,0,0,0,0,0,8,0,0,0,0,0,0,0,0,0,0
1377,0,0,0,0,0,8,0,0,0,0,0,0,0,0,0,0
1378,2,0,8,2,0,0,0,0,0,0,0,0,0,0,0,0
1379,4,0,10,0,0,0,0,0,0,0,0,0,0,0,0,0
138,9,0,0,0,0,0,0,0,0,0,40,2,37,2,1,1
1380,8,0,10,0,0,0,0,0,0,0,0,0,0,0,0,0
1381,0,0,24,0,0,0,0,0,0,0,0,0,0,0,0,0
1382,0,0,0,8,0,0,0,0,0,0,0,0,0,0,0,0
1383,0,0,0,0,0,14,0,0,0,0,0,0,0,0,0,0
1384,2,0,20,0,0,0,0,0,0,0,0,0,0,0,0,0
1385,6,0,16,0,0,0,0,0,0,0,0,0,0,0,0,0
1386,2,0,0,0,0,18,0,0,0,0,0,0,0,0,0,0
1387,2,0,12,0,0,10,0,0,0,0,0,0,0,0,0,0
1388,2,0,10,0,0,0,0,0,0,0,0,0,0,0,0,0
1389,6,0,20,0,0,0,0,0,0,0,0,0,0,0,0,0
139,11,0,0,0,0,0,0,0,0,0,48,6,45,4,3,2
1390,0,0,0,0,0,14,0,0,0,6,0,0,0,0,0,0
1391,2,16,0,0,0,0,0,0,0,0,0,0,0,0,0,0
1392,2,0,12,0,0,0,0,0,0,0,0,0,0,0,0,0
1393,4,0,8,0,0,0,0,0,0,0,0,0,0,0,0,0
1394,4,0,2,0,0,8,0,0,0,0,0,0,0,0,0,0
1395,0,0,6,0,0,8,0,0,0,0,0,0,0,0,0,0
1396,4,0,0,16,0,0,0,0,0,0,0,0,0,0,0,0
1397,2,0,0,0,0,14,0,0,0,0,0,0,0,0,0,0
1398,4,0,0,0,0,14,0,0,0,0,0,0,0,0,0,0
1399,0,0,0,0,0,0,18,0,0,0,0,0,0,0,0,0
14,12,0,0,0,0,0,0,0,0,0,20,4,17,4,2,2
140,10,0,0,0,0,0,0,0,0,0,22,0,15,0,0,0
1400,4,0,0,0,0,10,0,0,0,0,0,0,0,0,0,0
1401,0,0,24,0,0,0,0,0,0,0,0,0,0,0,0,0
1402,2,0,0,6,0,0,0,0,0,0,0,0,0,0,0,0
1403,4,0,0,0,0,20,0,0,0,0,0,0,0,0,0,0
1404,0,0,0,18,0,0,0,0,0,0,0,0,0,0,0,0
1405,4,0,4,0,0,0,12,0,0,0,0,0,0,0,0,0
1406,0,0,6,0,0,14,0,0,0,0,0,0,0,0,0,0
1407,0,0,0,0,0,0,12,0,0,0,0,0,0,0,0,0
1408,2,0,22,0,0,0,0,0,0,0,0,0,0,0,0,0
1409,2,0,0,0,0,0,0,0,16,0,0,0,0,0,0,0
141,8,0,0,0,0,0,0,0,0,0,32,0,28,0,0,0
1410,0,0,0,0,0,18,0,0,0,0,0,0,0,0,0,0
1411,6,0,4,0,0,8,0,0,0,0,0,0,0,0,0,0
1412,4,0,14,0,0,0,0,0,0,0,0,0,0,0,0,0
1413,4,0,8,0,0,0,0,0,0,0,0,0,0,0,0,0
1414,4,0,16,0,0,0,0,0,0,0,0,0,0,0,0,0
1415,2,0,20,0,0,0,0,0,0,0,0,0,0,0,0,0
1416,4,0,4,0,0,2,0,0,0,0,0,0,0,0,0,0
1417,4,0,10,0,0,4,0,0,0,0,0,0,0,0,0,0
1418,4,0,0,0,0,0,8,0,0,0,0,0,0,0,0,0
1419,4,0,6,4,0,0,0,0,0,0,0,0,0,0,0,0
142,10,0,0,0,0,0,0,0,0,0,40,4,33,3,1,1
1420,2,0,0,0,0,14,0,0,0,0,0,0,0,0,0,0
1421,4,0,0,0,0,14,0,0,0,0,0,0,0,0,0,0
1422,2,0,0,0,0,0,16,0,0,0,0,0,0,0,0,0
1423,0,0,10,0,0,4,0,0,0,0,0,0,0,0,0,0
1424,4,0,14,0,0,0,0,0,0,0,0,0,0,0,0,0
1425,2,0,0,0,0,14,0,0,0,0,0,0,0,0,0,0
1426,2,0,0,0,0,12,0,0,0,0,0,0,0,0,0,0
1427,0,0,0,0,0,18,0,0,0,0,0,0,0,0,0,0
1428,0,0,0,0,0,18,0,0,0,0,0,0,0,0,0,0
1429,2,0,0,0,0,0,18,0,0,0,0,0,0,0,0,0
143,4,0,0,0,0,0,0,0,0,0,44,1,41,1,1,0
1430,6,0,0,0,0,20,0,0,0,0,0,0,0,0,0,0
1431,0,0,0,0,0,12,0,0,0,0,0,0,0,0,0,0
1432,4,0,8,0,0,0,0,0,0,10,0,0,0,0,0,0
1433,0,0,0,16,0,0,0,0,0,0,0,0,0,0,0,0
1434,4,0,0,12,0,0,0,0,0,0,0,0,0,0,0,0
1435,8,0,10,0,0,0,0,0,0,0,0,0,0,0,0,0
1436,6,0,12,0,0,0,0,0,0,0,0,0,0,0,0,0
1437,2,0,0,0,0,16,0,0,0,0,0,0,0,0,0,0
1438,6,0,0,0,0,0,12,0,0,0,0,0,0,0,0,0
1439,0,0,0,24,0,0,0,0,0,0,0,0,0,0,0,0
144,6,0,0,0,0,0,0,0,0,0,38,0,28,0,0,0
1440,6,0,12,0,0,0,0,0,0,0,0,0,0,0,0,0
1441,0,0,6,2,0,0,0,0,0,0,0,0,0,0,0,0
1442,8,0,0,0,0,18,0,0,0,0,0,0,0,0,0,0
1443,4,0,0,0,0,10,0,0,0,0,0,0,0,0,0,0
1444,2,20,0,0,0,0,0,0,0,0,0,0,0,0,0,0
1445,4,0,0,0,0,0,0,0,6,0,0,0,0,0,0,0
1446,0,0,22,0,0,0,0,0,0,0,0,0,0,0,0,0
1447,8,0,0,0,0,32,0,0,0,0,0,0,0,0,0,0
1448,2,0,8,0,0,0,0,0,0,0,0,0,0,0,0,0
1449,2,0,18,0,0,0,0,0,0,0,0,0,0,0,0,0
145,10,0,0,0,0,0,0,0,0,0,38,4,32,3,1,0
1450,4,0,0,12,0,0,0,0,0,0,0,0,0,0,0,0
1451,0,0,0,0,0,0,14,0,0,0,0,0,0,0,0,0
1452,2,0,0,0,0,18,0,0,0,0,0,0,0,0,0,0
1453,4,0,16,0,0,0,0,0,0,0,0,0,0,0,0,0
1454,0,0,14,0,0,6,0,0,0,0,0,0,0,0,0,0
1455,2,0,4,0,0,0,0,0,0,10,0,0,0,0,0,0
1456,4,0,6,0,0,12,0,0,0,0,0,0,0,0,0,0
1457,4,0,14,0,0,8,0,0,0,0,0,0,0,0,0,0
1458,0,0,12,0,0,0,0,0,0,0,0,0,0,0,0,0
1459,2,0,16,0,0,0,0,0,0,0,0,0,0,0,0,0
146,10,0,0,0,0,0,0,0,0,0,55,1,45,1,0,0
1460,2,0,16,0,0,4,0,0,0,0,0,0,0,0,0,0
1461,2,0,20,0,0,0,0,0,0,0,0,0,0,0,0,0
1462,2,0,22,0,0,0,0,0,0,0,0,0,0,0,0,0
1463,0,0,0,0,0,28,0,0,0,0,0,0,0,0,0,0
1464,6,0,0,20,0,0,0,0,0,0,0,0,0,0,0,0
1465,0,0,0,0,0,0,18,0,0,0,0,0,0,0,0,0
1466,0,0,12,0,0,0,0,0,0,0,0,0,0,0,0,0
1467,0,0,0,16,0,0,0,0,0,0,0,0,0,0,0,0
1468,6,0,0,0,0,8,10,0,0,0,0,0,0,0,0,0
1469,2,0,8,0,0,12,0,0,0,0,0,0,0,0,0,0
147,13,0,0,0,0,0,0,0,0,0,41,3,34,1,1,1
1470,4,0,4,0,0,4,4,0,0,0,0,0,0,0,0,0
1471,0,0,10,10,0,0,0,0,0,0,0,0,0,0,0,0
1472,0,0,0,12,0,0,0,0,0,0,0,0,0,0,0,0
1473,2,0,0,20,0,0,0,0,0,0,0,0,0,0,0,0
1474,8,0,16,0,0,0,0,0,0,0,0,0,0,0,0,0
1475,4,0,0,0,0,2,0,0,0,16,0,0,0,0,0,0
1476,0,0,16,0,0,0,0,0,0,0,0,0,0,0,0,0
1477,4,0,0,12,0,2,0,0,0,0,0,0,0,0,0,0
1478,8,0,8,0,0,0,12,0,0,0,0,0,0,0,0,0
1479,0,0,0,0,0,22,0,0,0,0,0,0,0,0,0,0
148,3,0,0,0,0,0,0,0,0,0,33,3,30,3,2,2
1480,6,0,0,12,0,0,0,0,0,0,0,0,0,0,0,0
1481,2,0,24,0,0,0,0,0,0,0,0,0,0,0,0,0
1482,4,0,14,0,0,0,0,0,0,0,0,0,0,0,0,0
1483,6,0,18,0,0,0,0,0,0,0,0,0,0,0,0,0
1484,6,0,26,0,0,0,0,0,0,0,0,0,0,0,0,0
1485,2,0,18,0,0,0,0,0,0,0,0,0,0,0,0,0
1486,4,0,0,0,0,20,0,0,0,0,0,0,0,0,0,0
1487,4,0,10,0,0,0,0,0,0,0,0,0,0,0,0,0
1488,6,0,0,0,0,18,0,0,0,0,0,0,0,0,0,0
1489,4,0,0,2,0,6,0,0,0,0,0,0,0,0,0,0
149,6,0,0,0,0,0,0,0,0,0,39,8,37,7,5,4
1490,10,0,0,20,0,0,0,0,0,0,0,0,0,0,0,0
1491,2,0,12,0,0,0,0,0,0,0,0,0,0,0,0,0
1492,6,0,0,0,0,10,0,0,0,0,0,0,0,0,0,0
1493,4,0,0,0,0,16,0,0,0,0,0,0,0,0,0,0
1494,0,0,24,0,0,0,0,0,0,0,0,0,0,0,0,0
1495,0,0,12,0,0,0,0,0,0,0,0,0,0,0,0,0
1496,0,0,14,0,0,0,0,0,0,0,0,0,0,0,0,0
1497,0,0,0,0,0,0,8,0,0,2,0,0,0,0,0,0
1498,8,0,0,0,0,20,0,0,0,0,0,0,0,0,0,0
1499,0,0,0,0,0,0,0,0,18,0,0,0,0,0,0,0
15,9,0,0,0,0,0,0,0,0,0,39,3,36,0,0,0
150,14,0,0,0,0,0,0,0,0,0,35,4,31,3,1,1
1500,4,0,10,0,0,0,0,0,0,0,0,0,0,0,0,0
1501,2,0,12,0,0,6,0,0,0,0,0,0,0,0,0,0
1502,2,0,12,0,0,0,0,0,0,0,0,0,0,0,0,0
1503,2,0,16,0,0,0,0,0,0,0,0,0,0,0,0,0
1504,2,0,0,0,0,12,0,0,0,0,0,0,0,0,0,0
1505,4,0,32,0,0,0,0,0,0,0,0,0,0,0,0,0
1506,0,0,0,0,0,12,0,0,0,0,0,0,0,0,0,0
1507,4,0,0,12,0,0,0,0,0,0,0,0,0,0,0,0
1508,2,0,0,12,0,0,0,0,0,0,0,0,0,0,0,0
1509,2,0,0,18,0,0,0,0,0,0,0,0,0,0,0,0
151,11,0,0,0,0,0,0,0,0,0,35,3,31,3,0,0
1510,2,0,14,0,0,0,0,0,0,0,0,0,0,0,0,0
1511,0,0,0,0,0,0,20,0,0,0,0,0,0,0,0,0
1512,0,0,0,0,0,4,0,0,0,8,0,0,0,0,0,0
1513,2,0,0,0,0,14,0,0,0,0,0,0,0,0,0,0
1514,2,0,16,0,0,4,0,0,0,0,0,0,0,0,0,0
1515,0,0,14,0,0,0,0,0,0,0,0,0,0,0,0,0
1516,2,0,8,0,0,0,0,0,0,0,0,0,0,0,0,0
1517,0,0,24,0,0,2,0,0,0,0,0,0,0,0,0,0
1518,2,0,2,0,0,10,0,0,0,0,0,0,0,0,0,0
1519,6,0,0,14,0,0,0,0,0,0,0,0,0,0,0,0
152,8,0,0,0,0,0,0,0,0,0,42,1,33,1,0,0
1520,2,0,0,0,0,0,18,0,0,0,0,0,0,0,0,0
1521,2,0,14,0,0,0,0,0,0,0,0,0,0,0,0,0
1522,2,0,0,0,0,0,6,18,0,0,0,0,0,0,0,0
1523,2,0,0,0,0,0,12,0,0,0,0,0,0,0,0,0
1524,0,0,0,8,0,0,0,0,0,0,0,0,0,0,0,0
1525,0,0,10,0,0,0,0,0,0,0,0,0,0,0,0,0
1526,6,0,22,0,0,0,0,0,0,0,0,0,0,0,0,0
1527,2,0,0,0,0,14,0,0,0,0,0,0,0,0,0,0
1528,2,0,0,0,0,18,0,0,0,0,0,0,0,0,0,0
1529,2,0,0,0,0,0,0,0,0,18,0,0,0,0,0,0
153,4,0,0,0,0,0,0,0,0,0,42,4,40,4,3,2
1530,6,18,0,0,0,0,0,0,0,0,0,0,0,0,0,0
1531,2,0,12,0,0,0,0,0,0,0,0,0,0,0,0,0
1532,2,0,16,0,0,0,0,0,0,0,0,0,0,0,0,0
1533,0,0,0,0,0,12,0,0,0,0,0,0,0,0,0,0
1534,4,0,16,0,0,0,0,0,4,0,0,0,0,0,0,0
1535,2,0,0,0,0,16,0,0,0,0,0,0,0,0,0,0
1536,2,0,12,0,0,12,0,0,0,0,0,0,0,0,0,0
1537,2,0,0,0,0,22,0,0,0,0,0,0,0,0,0,0
1538,2,0,8,0,0,0,0,0,0,0,0,0,0,0,0,0
1539,0,0,2,0,0,10,0,0,0,0,0,0,0,0,0,0
154,15,0,0,0,0,0,0,0,0,0,44,2,41,1,0,0
1540,4,0,20,0,0,0,0,0,0,0,0,0,0,0,0,0
1541,2,0,0,18,0,0,0,0,0,0,0,0,0,0,0,0
1542,6,0,0,0,0,14,0,0,0,0,0,0,0,0,0,0
1543,2,0,0,0,0,14,0,0,0,0,0,0,0,0,0,0
1544,0,0,0,0,0,18,0,0,0,0,0,0,0,0,0,0
1545,2,0,0,0,0,20,0,0,0,0,0,0,0,0,0,0
1546,4,0,18,0,0,0,0,0,0,0,0,0,0,0,0,0
1547,6,0,10,0,0,0,0,0,0,0,0,0,0,0,0,0
1548,2,0,16,0,0,0,0,0,0,0,0,0,0,0,0,0
1549,2,0,0,0,0,10,0,0,0,0,0,0,0,0,0,0
155,8,0,0,0,0,0,0,0,0,0,41,0,37,0,0,0
1550,2,0,0,0,0,0,12,0,0,0,0,0,0,0,0,0
1551,0,0,2,0,0,8,0,0,0,0,0,0,0,0,0,0
1552,2,0,0,14,0,0,0,0,0,0,0,0,0,0,0,0
1553,2,0,12,0,0,0,0,0,0,0,0,0,0,0,0,0
1554,4,0,12,0,0,0,0,0,0,0,0,0,0,0,0,0
1555,2,0,0,0,0,20,0,0,0,0,0,0,0,0,0,0
1556,4,0,24,0,0,0,0,0,0,0,0,0,0,0,0,0
1557,0,0,14,0,0,0,0,0,0,0,0,0,0,0,0,0
1558,0,0,0,0,0,18,0,0,0,0,0,0,0,0,0,0
1559,2,0,0,18,0,0,0,0,0,0,0,0,0,0,0,0
156,5,0,0,0,0,0,0,0,0,0,40,1,34,1,0,0
1560,2,0,0,0,0,24,0,0,0,0,0,0,0,0,0,0
1561,4,0,12,0,0,0,0,0,0,0,0,0,0,0,0,0
1562,0,0,20,0,0,0,0,0,0,0,0,0,0,0,0,0
1563,2,0,16,0,0,0,0,0,0,0,0,0,0,0,0,0
1564,4,0,8,8,0,0,0,0,0,0,0,0,0,0,0,0
1565,2,0,14,0,0,0,0,0,0,0,0,0,0,0,0,0
1566,6,0,16,0,0,0,0,0,0,0,0,0,0,0,0,0
1567,4,0,16,0,0,0,0,0,0,0,0,0,0,0,0,0
1568,4,0,10,0,0,0,0,0,0,0,0,0,0,0,0,0
1569,2,0,0,0,0,14,0,0,0,0,0,0,0,0,0,0
157,3,0,0,0,0,0,0,0,0,0,42,5,39,3,2,2
1570,2,0,0,22,0,0,0,0,0,0,0,0,0,0,0,0
1571,2,0,0,0,0,20,0,0,0,0,0,0,0,0,0,0
1572,4,0,0,0,0,16,0,0,0,0,0,0,0,0,0,0
1573,8,0,10,0,0,8,0,0,0,0,0,0,0,0,0,0
1574,0,0,4,10,0,0,0,0,0,0,0,0,0,0,0,0
1575,2,0,0,0,0,18,0,0,0,0,0,0,0,0,0,0
1576,2,0,14,0,0,0,0,0,0,0,0,0,0,0,0,0
1577,6,0,4,0,0,0,8,0,0,0,0,0,0,0,0,0
1578,2,0,18,0,0,0,0,0,0,0,0,0,0,0,0,0
1579,2,0,18,0,0,0,0,0,0,0,0,0,0,0,0,0
158,6,0,0,0,0,0,0,0,0,0,40,4,38,3,0,0
1580,6,0,0,0,0,0,12,0,0,0,0,0,0,0,0,0
1581,4,0,16,0,0,0,0,0,0,0,0,0,0,0,0,0
1582,2,0,2,16,0,0,0,0,0,0,0,0,0,0,0,0
1583,6,0,8,0,0,0,0,0,0,0,0,0,0,0,0,0
1584,4,0,0,14,0,0,0,0,0,0,0,0,0,0,0,0
1585,0,0,0,0,0,0,12,0,0,0,0,0,0,0,0,0
1586,2,0,12,0,0,0,0,0,0,0,0,0,0,0,0,0
1587,2,0,0,18,0,0,0,0,0,0,0,0,0,0,0,0
1588,4,0,18,0,0,0,0,0,0,0,0,0,0,0,0,0
1589,2,0,20,0,0,0,0,0,0,0,0,0,0,0,0,0
159,8,0,0,0,0,0,0,0,0,0,31,1,29,1,0,0
1590,8,0,0,0,0,26,0,0,0,0,0,0,0,0,0,0
1591,0,0,0,0,0,20,0,0,0,0,0,0,0,0,0,0
1592,0,0,0,0,0,26,0,0,0,0,0,0,0,0,0,0
1593,6,0,0,0,0,16,0,0,0,0,0,0,0,0,0,0
1594,6,0,4,0,0,2,0,0,0,0,0,0,0,0,0,0
1595,2,0,26,0,0,0,0,0,0,0,0,0,0,0,0,0
1596,6,0,8,0,0,0,0,0,0,0,0,0,0,0,0,0
1597,6,0,0,20,0,0,0,0,0,0,0,0,0,0,0,0
1598,0,0,14,0,0,0,0,0,0,0,0,0,0,0,0,0
1599,8,0,20,0,0,0,0,0,0,0,0,0,0,0,0,0
16,5,0,0,0,0,0,0,0,0,0,35,0,34,0,0,0
160,10,0,0,0,0,0,0,0,0,0,42,1,40,1,1,1
1600,4,0,18,0,0,0,0,0,0,0,0,0,0,0,0,0
1601,0,0,0,18,0,6,0,0,0,0,0,0,0,0,0,0
1602,2,0,18,0,0,0,0,0,0,0,0,0,0,0,0,0
1603,0,0,12,0,0,0,0,0,0,0,0,0,0,0,0,0
1604,6,0,18,0,0,0,0,0,0,0,0,0,0,0,0,0
1605,2,0,22,0,0,0,0,0,0,0,0,0,0,0,0,0
1606,0,0,26,0,0,0,0,0,0,0,0,0,0,0,0,0
1607,2,0,0,0,0,16,0,0,0,0,0,0,0,0,0,0
1608,2,0,0,20,0,4,0,0,0,0,0,0,0,0,0,0
1609,0,0,0,0,0,0,10,0,0,0,0,0,0,0,0,0
161,10,0,0,0,0,0,0,0,0,0,36,5,32,2,0,0
1610,6,0,14,0,0,0,0,0,0,0,0,0,0,0,0,0
1611,0,0,24,0,0,0,0,0,0,0,0,0,0,0,0,0
1612,2,0,0,0,0,22,0,0,0,0,0,0,0,0,0,0
1613,2,0,0,0,0,22,0,0,0,0,0,0,0,0,0,0
1614,6,0,18,0,0,0,0,0,0,0,0,0,0,0,0,0
1615,0,0,0,0,0,14,0,0,0,0,0,0,0,0,0,0
1616,4,0,20,0,0,0,0,0,0,0,0,0,0,0,0,0
1617,8,0,0,0,0,10,0,0,0,0,0,0,0,0,0,0
1618,0,0,12,4,0,0,0,0,0,0,0,0,0,0,0,0
1619,0,0,28,0,0,0,0,0,0,0,0,0,0,0,0,0
162,13,0,0,0,0,0,0,0,0,0,26,2,24,2,2,1
1620,2,0,0,0,0,18,0,0,0,0,0,0,0,0,0,0
1621,6,0,0,0,0,0,0,18,0,0,0,0,0,0,0,0
1622,0,0,0,0,0,20,0,0,0,0,0,0,0,0,0,0
1623,4,18,0,0,0,0,0,0,0,0,0,0,0,0,0,0
1624,2,0,18,0,0,0,0,0,0,0,0,0,0,0,0,0
1625,2,0,0,4,0,0,0,0,0,0,0,0,0,0,0,0
1626,2,0,0,0,0,14,0,0,0,0,0,0,0,0,0,0
1627,12,0,6,0,0,0,0,0,0,0,0,0,0,0,0,0
1628,2,0,8,0,0,2,0,0,0,0,0,0,0,0,0,0
1629,0,0,0,0,0,16,0,0,0,0,0,0,0,0,0,0
163,6,0,0,0,0,0,0,0,0,0,41,4,40,3,1,1
1630,4,0,0,0,0,8,0,0,0,0,0,0,0,0,0,0
1631,0,0,12,0,0,0,0,0,0,0,0,0,0,0,0,0
1632,0,0,6,12,0,0,0,0,0,0,0,0,0,0,0,0
1633,2,0,6,0,0,0,0,0,0,6,0,0,0,0,0,0
1634,0,6,0,0,0,0,0,0,0,0,0,0,0,0,0,0
1635,6,0,0,0,0,14,0,0,0,0,0,0,0,0,0,0
1636,6,0,0,0,0,0,14,0,0,0,0,0,0,0,0,0
1637,0,0,0,0,0,14,0,0,0,0,0,0,0,0,0,0
1638,2,0,0,0,0,8,0,0,0,0,0,0,0,0,0,0
1639,4,0,0,0,0,10,0,0,0,0,0,0,0,0,0,0
164,9,0,0,0,0,0,0,0,0,0,35,4,32,3,2,2
1640,0,0,16,0,0,0,0,0,0,0,0,0,0,0,0,0
1641,2,0,30,0,0,0,0,0,0,0,0,0,0,0,0,0
1642,2,0,0,0,0,0,0,12,0,0,0,0,0,0,0,0
1643,6,0,6,0,0,16,0,0,0,0,0,0,0,0,0,0
1644,0,0,0,16,0,0,0,0,0,0,0,0,0,0,0,0
1645,2,0,4,0,0,0,0,0,0,4,0,0,0,0,0,0
1646,8,0,16,0,0,0,0,0,0,0,0,0,0,0,0,0
1647,6,0,28,0,0,0,0,0,0,0,0,0,0,0,0,0
1648,8,0,0,0,0,0,22,0,0,0,0,0,0,0,0,0
1649,0,0,10,0,0,0,0,0,0,0,0,0,0,0,0,0
165,10,0,0,0,0,0,0,0,0,0,52,6,43,5,3,3
1650,0,0,18,0,0,0,0,0,0,0,0,0,0,0,0,0
1651,4,0,4,0,0,10,0,0,0,0,0,0,0,0,0,0
1652,0,0,0,0,0,16,0,0,0,0,0,0,0,0,0,0
1653,8,0,10,0,0,0,0,0,0,0,0,0,0,0,0,0
1654,2,0,0,0,0,20,0,0,0,0,0,0,0,0,0,0
1655,4,0,0,0,0,6,0,0,0,0,0,0,0,0,0,0
1656,4,0,20,0,0,2,0,0,0,0,0,0,0,0,0,0
1657,6,0,14,0,0,0,0,0,0,0,0,0,0,0,0,0
1658,0,0,0,0,0,28,0,0,0,0,0,0,0,0,0,0
1659,4,0,0,0,0,18,0,0,0,0,0,0,0,0,0,0
166,6,0,0,0,0,0,0,0,0,0,38,1,31,1,1,0
1660,2,0,4,0,0,0,18,0,0,0,0,0,0,0,0,0
1661,2,0,8,0,0,14,0,0,0,0,0,0,0,0,0,0
1662,4,0,0,0,0,20,0,0,0,0,0,0,0,0,0,0
1663,2,0,18,0,0,0,0,0,0,0,0,0,0,0,0,0
1664,0,0,0,0,0,0,0,0,0,20,0,0,0,0,0,0
1665,6,0,0,0,0,14,0,0,0,0,0,0,0,0,0,0
1666,4,0,2,0,0,0,6,0,0,0,0,0,0,0,0,0
1667,4,0,0,0,0,0,16,0,0,0,0,0,0,0,0,0
1668,2,0,2,0,0,4,0,0,0,0,0,0,0,0,0,0
1669,2,0,10,0,0,0,0,0,0,0,0,0,0,0,0,0
167,7,0,0,0,0,0,0,0,0,0,40,6,36,3,1,1
1670,0,0,0,0,0,0,0,0,14,0,0,0,0,0,0,0
1671,4,0,0,14,0,0,0,0,0,0,0,0,0,0,0,0
1672,0,0,12,0,0,0,0,0,0,0,0,0,0,0,0,0
1673,10,0,0,0,0,0,24,0,0,0,0,0,0,0,0,0
1674,2,0,0,0,0,8,0,0,0,0,0,0,0,0,0,0
1675,0,0,0,0,0,26,0,0,0,0,0,0,0,0,0,0
1676,0,0,0,0,0,22,0,0,0,0,0,0,0,0,0,0
1677,8,0,6,0,0,2,0,0,0,0,0,0,0,0,0,0
1678,2,0,14,0,0,0,0,0,0,0,0,0,0,0,0,0
1679,2,0,0,0,0,0,18,0,0,0,0,0,0,0,0,0
168,7,0,0,0,0,0,0,0,0,0,30,0,27,0,0,0
1680,2,0,0,0,0,12,0,0,0,0,0,0,0,0,0,0
1681,0,0,0,0,0,18,0,0,0,0,0,0,0,0,0,0
1682,4,0,0,0,6,0,12,0,0,0,0,0,0,0,0,0
1683,0,0,0,0,0,24,0,0,0,0,0,0,0,0,0,0
1684,2,0,18,0,0,0,0,0,0,0,0,0,0,0,0,0
1685,6,0,16,0,0,0,0,0,0,0,0,0,0,0,0,0
1686,0,0,4,0,0,10,0,0,0,0,0,0,0,0,0,0
1687,0,0,0,0,0,10,0,0,0,0,0,0,0,0,0,0
1688,4,0,0,0,0,0,18,0,0,0,0,0,0,0,0,0
1689,2,0,16,0,0,0,0,0,0,0,0,0,0,0,0,0
169,6,0,0,0,0,0,0,0,0,0,40,3,33,3,1,0
1690,0,0,0,0,0,20,0,0,0,0,0,0,0,0,0,0
1691,4,0,24,0,0,0,0,0,0,0,0,0,0,0,0,0
1692,2,0,10,0,0,0,0,0,0,0,0,0,0,0,0,0
1693,4,0,0,0,18,0,0,0,0,0,0,0,0,0,0,0
1694,2,0,14,0,0,0,0,0,0,0,0,0,0,0,0,0
1695,2,0,12,0,0,0,0,0,0,0,0,0,0,0,0,0
1696,6,0,22,0,0,0,0,0,0,0,0,0,0,0,0,0
1697,2,0,0,18,0,0,0,0,0,0,0,0,0,0,0,0
1698,2,0,0,0,0,12,0,0,0,0,0,0,0,0,0,0
1699,0,0,14,0,0,0,0,0,0,0,0,0,0,0,0,0
17,11,0,0,0,0,0,0,0,0,0,38,1,33,1,0,0
170,9,0,0,0,0,0,0,0,0,0,36,1,29,0,0,0
1700,0,0,16,0,0,0,0,0,0,0,0,0,0,0,0,0
1701,12,0,26,0,0,0,0,0,0,0,0,0,0,0,0,0
1702,4,0,0,0,0,8,0,0,0,0,0,0,0,0,0,0
1703,0,0,2,0,0,6,0,0,0,0,0,0,0,0,0,0
1704,2,0,6,0,0,0,0,0,0,0,0,0,0,0,0,0
1705,0,0,2,0,12,0,0,0,0,0,0,0,0,0,0,0
1706,2,0,4,0,0,0,6,0,0,0,0,0,0,0,0,0
1707,6,0,4,0,0,0,0,0,0,0,0,0,0,0,0,0
1708,6,0,0,0,0,10,0,0,0,0,0,0,0,0,0,0
1709,4,8,6,0,0,0,0,0,0,0,0,0,0,0,0,0
171,9,0,0,0,0,0,0,0,0,0,42,2,39,1,1,1
1710,2,0,8,0,0,0,0,0,0,0,0,0,0,0,0,0
1711,2,0,12,0,0,8,0,0,0,0,0,0,0,0,0,0
1712,4,0,0,0,0,6,0,0,0,0,0,0,0,0,0,0
1713,6,0,0,0,0,20,0,0,0,0,0,0,0,0,0,0
1714,2,0,18,0,0,2,0,0,0,0,0,0,0,0,0,0
1715,6,0,14,0,0,0,8,0,0,0,0,0,0,0,0,0
1716,0,0,0,0,0,2,10,0,0,0,0,0,0,0,0,0
1717,4,0,0,0,0,16,0,0,0,0,0,0,0,0,0,0
1718,0,0,24,0,0,0,0,0,0,0,0,0,0,0,0,0
1719,2,0,12,0,0,0,0,0,0,0,0,0,0,0,0,0
172,5,0,0,0,0,0,0,0,0,0,46,1,39,1,0,0
1720,2,0,20,0,0,0,0,0,0,0,0,0,0,0,0,0
1721,2,0,6,0,0,0,8,0,0,0,0,0,0,0,0,0
1722,0,0,20,0,0,0,0,0,0,0,0,0,0,0,0,0
1723,0,0,16,0,0,0,0,0,0,0,0,0,0,0,0,0
1724,2,0,4,0,0,10,0,0,0,0,0,0,0,0,0,0
1725,0,0,0,18,0,0,0,0,0,0,0,0,0,0,0,0
1726,6,0,22,0,0,0,0,0,0,0,0,0,0,0,0,0
1727,0,0,0,24,0,0,0,0,0,0,0,0,0,0,0,0
1728,0,0,18,0,0,0,8,0,0,0,0,0,0,0,0,0
1729,0,0,0,10,0,0,0,0,0,0,0,0,0,0,0,0
173,16,0,0,0,0,0,0,0,0,0,29,1,24,1,1,1
1730,2,0,24,0,0,0,0,0,0,0,0,0,0,0,0,0
1731,4,0,10,12,0,0,0,0,0,0,0,0,0,0,0,0
1732,2,0,2,0,0,8,0,0,0,0,0,0,0,0,0,0
1733,2,0,6,6,0,0,0,0,0,0,0,0,0,0,0,0
1734,2,0,0,0,0,10,0,0,0,0,0,0,0,0,0,0
1735,6,0,14,0,0,0,0,0,0,0,0,0,0,0,0,0
1736,2,0,0,0,0,14,0,0,0,0,0,0,0,0,0,0
1737,2,0,0,8,0,0,0,0,0,0,0,0,0,0,0,0
1738,6,0,10,0,0,12,0,0,0,0,0,0,0,0,0,0
1739,8,0,8,20,0,0,0,0,0,0,0,0,0,0,0,0
174,9,0,0,0,0,0,0,0,0,0,35,1,29,0,0,0
1740,2,0,22,0,0,0,0,0,0,0,0,0,0,0,0,0
1741,0,0,10,0,0,0,0,0,0,0,0,0,0,0,0,0
1742,4,0,0,0,0,2,12,0,0,0,0,0,0,0,0,0
1743,2,0,2,0,0,24,0,0,0,0,0,0,0,0,0,0
1744,2,0,14,0,0,0,0,0,0,0,0,0,0,0,0,0
1745,2,0,10,0,0,8,0,0,0,0,0,0,0,0,0,0
1746,2,0,18,0,0,0,0,0,0,0,0,0,0,0,0,0
1747,4,0,22,0,0,0,0,0,0,0,0,0,0,0,0,0
1748,4,0,12,0,0,0,0,0,0,0,0,0,0,0,0,0
1749,8,0,16,0,0,0,0,0,0,0,0,0,0,0,0,0
175,8,0,0,0,0,0,0,0,0,0,35,4,33,2,1,1
1750,0,0,14,0,0,0,0,0,0,0,0,0,0,0,0,0
1751,0,0,8,0,0,0,4,0,0,0,0,0,0,0,0,0
1752,4,0,0,0,0,4,4,0,0,0,0,0,0,0,0,0
1753,2,0,8,0,0,2,0,0,0,0,0,0,0,0,0,0
1754,2,0,28,0,0,0,0,0,0,0,0,0,0,0,0,0
1755,0,0,0,14,0,0,0,0,0,0,0,0,0,0,0,0
1756,6,0,16,0,0,2,0,0,0,0,0,0,0,0,0,0
1757,0,0,24,0,0,0,8,0,0,0,0,0,0,0,0,0
1758,4,0,14,0,0,0,0,0,0,0,0,0,0,0,0,0
1759,4,0,14,0,0,4,0,0,0,0,0,0,0,0,0,0
176,10,0,0,0,0,0,0,0,0,0,24,0,21,0,0,0
1760,2,0,26,0,0,0,0,0,0,0,0,0,0,0,0,0
1761,0,0,6,0,0,18,0,0,0,0,0,0,0,0,0,0
1762,2,0,0,0,0,0,16,0,0,0,0,0,0,0,0,0
1763,2,0,12,0,0,0,0,0,0,0,0,0,0,0,0,0
1764,4,0,0,0,0,16,0,0,0,0,0,0,0,0,0,0
1765,0,0,28,0,0,0,0,0,0,0,0,0,0,0,0,0
1766,0,0,0,0,0,12,0,0,0,0,0,0,0,0,0,0
1767,2,0,26,0,0,0,0,0,0,0,0,0,0,0,0,0
1768,4,0,14,0,0,0,0,0,0,0,0,0,0,0,0,0
1769,6,0,12,0,0,0,0,0,0,0,0,0,0,0,0,0
177,10,0,0,0,0,0,0,0,0,0,24,5,24,4,2,2
1770,4,0,20,0,0,0,0,0,0,0,0,0,0,0,0,0
1771,2,0,12,0,0,0,0,0,0,0,0,0,0,0,0,0
1772,4,0,18,0,0,0,0,0,0,0,0,0,0,0,0,0
1773,0,0,0,0,0,18,0,0,0,0,0,0,0,0,0,0
1774,0,0,0,0,0,8,0,0,0,0,0,0,0,0,0,0
1775,0,0,6,0,0,0,0,0,0,0,0,0,0,0,0,0
1776,0,0,10,0,0,6,0,0,0,0,0,0,0,0,0,0
1777,2,0,0,0,0,28,0,0,0,0,0,0,0,0,0,0
1778,4,0,20,0,0,0,0,0,0,0,0,0,0,0,0,0
1779,0,0,18,0,0,0,0,0,0,0,0,0,0,0,0,0
178,9,0,0,0,0,0,0,0,0,0,45,4,41,3,3,2
1780,2,0,0,24,0,0,0,0,0,0,0,0,0,0,0,0
1781,4,0,10,0,0,0,0,0,0,0,0,0,0,0,0,0
1782,2,0,22,0,0,0,0,0,0,0,0,0,0,0,0,0
1783,4,0,0,16,0,0,0,0,0,0,0,0,0,0,0,0
1784,2,0,0,0,0,26,2,0,0,0,0,0,0,0,0,0
1785,2,0,8,0,0,2,0,0,0,0,0,0,0,0,0,0
1786,4,0,22,0,0,0,0,0,0,0,0,0,0,0,0,0
1787,0,0,0,0,0,16,0,0,0,0,0,0,0,0,0,0
1788,2,0,4,6,0,0,0,0,0,0,0,0,0,0,0,0
1789,4,0,16,0,0,0,0,0,0,0,0,0,0,0,0,0
179,5,0,0,0,0,0,0,0,0,0,42,2,38,1,1,1
1790,4,0,22,0,0,0,0,0,0,0,0,0,0,0,0,0
1791,4,0,0,0,0,12,0,0,0,0,0,0,0,0,0,0
1792,2,0,26,0,0,0,0,0,0,0,0,0,0,0,0,0
1793,2,0,0,28,0,0,0,0,0,0,0,0,0,0,0,0
1794,0,0,14,0,0,6,0,0,0,0,0,0,0,0,0,0
1795,0,0,0,0,0,0,20,0,0,0,0,0,0,0,0,0
1796,2,0,0,12,0,0,0,0,0,0,0,0,0,0,0,0
1797,0,0,16,0,0,0,0,0,0,0,0,0,0,0,0,0
1798,0,0,4,0,0,0,0,0,0,0,0,0,0,0,0,0
1799,2,0,0,0,0,20,0,0,0,0,0,0,0,0,0,0
18,9,0,0,0,0,0,0,0,0,0,32,3,31,2,2,2
180,4,0,0,0,0,0,0,0,0,0,35,3,35,3,1,1
1800,4,0,6,0,0,0,0,0,0,0,0,0,0,0,0,0
1801,2,0,0,0,0,26,0,0,0,0,0,0,0,0,0,0
1802,2,0,8,0,0,0,0,0,0,0,0,0,0,0,0,0
1803,4,0,28,0,0,0,0,0,0,0,0,0,0,0,0,0
1804,2,0,14,0,0,0,0,0,0,0,0,0,0,0,0,0
1805,2,0,12,0,0,0,0,0,0,0,0,0,0,0,0,0
1806,4,4,0,0,0,28,0,0,0,0,0,0,0,0,0,0
1807,0,0,0,22,0,0,0,0,0,0,0,0,0,0,0,0
1808,2,0,14,0,0,0,0,0,0,0,0,0,0,0,0,0
1809,0,0,6,0,0,0,12,0,0,0,0,0,0,0,0,0
181,12,0,0,0,0,0,0,0,0,0,27,2,24,1,1,0
1810,0,0,10,0,0,0,0,0,0,0,0,0,0,0,0,0
1811,2,0,0,0,0,18,0,0,0,0,0,0,0,0,0,0
1812,8,0,0,0,0,10,0,0,0,0,0,0,0,0,0,0
1813,6,0,0,16,0,0,0,0,0,0,0,0,0,0,0,0
1814,8,0,12,0,0,0,0,0,0,0,0,0,0,0,0,0
1815,8,0,0,0,0,6,0,0,0,0,0,0,0,0,0,0
1816,2,0,8,0,0,0,0,0,0,0,0,0,0,0,0,0
1817,2,0,10,0,0,2,0,0,0,0,0,0,0,0,0,0
1818,0,0,4,0,0,4,0,0,0,0,0,0,0,0,0,0
1819,0,0,16,0,0,0,0,0,0,0,0,0,0,0,0,0
182,13,0,0,0,0,0,0,0,0,0,36,2,31,2,1,1
1820,2,0,0,0,0,18,0,0,0,0,0,0,0,0,0,0
1821,6,0,14,0,0,0,0,0,0,0,0,0,0,0,0,0
1822,4,0,0,0,0,0,20,0,0,0,0,0,0,0,0,0
1823,2,0,0,0,0,0,0,0,16,0,0,0,0,0,0,0
1824,4,0,16,0,0,0,0,0,0,0,0,0,0,0,0,0
1825,4,0,0,0,0,0,0,0,0,16,0,0,0,0,0,0
1826,2,0,20,0,0,0,0,0,0,0,0,0,0,0,0,0
1827,6,0,16,0,0,8,0,0,0,0,0,0,0,0,0,0
1828,0,0,26,0,0,0,0,0,0,0,0,0,0,0,0,0
1829,4,0,0,0,0,0,10,0,0,0,0,0,0,0,0,0
183,3,0,0,0,0,0,0,0,0,0,39,1,33,1,0,0
1830,2,0,0,0,0,2,0,0,8,0,0,0,0,0,0,0
1831,4,0,2,0,0,10,0,0,0,0,0,0,0,0,0,0
1832,6,0,14,0,0,0,0,0,0,0,0,0,0,0,0,0
1833,8,0,0,0,0,22,0,0,0,0,0,0,0,0,0,0
1834,0,0,0,0,0,0,12,0,0,0,0,0,0,0,0,0
1835,2,0,0,0,0,10,0,0,0,0,0,0,0,0,0,0
1836,0,0,20,0,0,0,0,0,0,0,0,0,0,0,0,0
1837,0,0,2,0,0,18,0,0,0,0,0,0,0,0,0,0
1838,2,0,0,0,0,0,10,0,0,0,0,0,0,0,0,0
1839,0,0,18,0,0,0,0,0,0,0,0,0,0,0,0,0
184,10,0,0,0,0,0,0,0,0,0,43,2,37,1,0,0
1840,2,0,4,0,0,10,0,0,0,0,0,0,0,0,0,0
1841,4,0,0,0,0,0,0,14,0,0,0,0,0,0,0,0
1842,4,0,10,0,0,0,0,0,0,0,0,0,0,0,0,0
1843,6,0,16,0,0,0,0,0,0,0,0,0,0,0,0,0
1844,0,0,0,0,0,0,14,0,0,0,0,0,0,0,0,0
1845,2,0,0,20,0,0,0,0,0,0,0,0,0,0,0,0
1846,4,0,0,0,0,8,0,0,0,0,0,0,0,0,0,0
1847,4,0,10,0,0,2,0,0,0,0,0,0,0,0,0,0
1848,4,0,0,0,0,20,0,0,0,0,0,0,0,0,0,0
1849,6,0,6,0,0,0,0,0,0,0,0,0,0,0,0,0
185,8,0,0,0,0,0,0,0,0,0,34,1,31,1,1,1
1850,6,0,16,0,0,0,0,0,0,0,0,0,0,0,0,0
1851,0,0,0,0,0,16,0,0,0,0,0,0,0,0,0,0
1852,0,0,0,0,0,14,0,0,0,0,0,0,0,0,0,0
1853,0,0,0,0,0,16,0,0,0,0,0,0,0,0,0,0
1854,0,0,0,0,0,20,0,0,0,0,0,0,0,0,0,0
1855,6,0,12,0,0,0,0,0,0,0,0,0,0,0,0,0
1856,2,0,8,0,0,4,0,0,0,0,0,0,0,0,0,0
1857,0,0,0,0,0,0,20,0,0,0,0,0,0,0,0,0
1858,0,0,0,16,0,0,0,0,0,0,0,0,0,0,0,0
1859,0,0,18,0,0,0,0,0,0,0,0,0,0,0,0,0
186,8,0,0,0,0,0,0,0,0,0,31,2,28,1,0,0
1860,0,0,0,0,0,2,10,0,0,0,0,0,0,0,0,0
1861,2,0,14,0,0,0,0,0,0,0,0,0,0,0,0,0
1862,4,0,14,4,0,0,0,0,0,0,0,0,0,0,0,0
1863,0,0,28,0,0,0,0,0,0,0,0,0,0,0,0,0
1864,4,0,10,0,0,0,0,0,0,0,0,0,0,0,0,0
1865,0,0,12,0,0,0,0,0,0,0,0,0,0,0,0,0
1866,2,0,20,0,0,0,0,0,0,0,0,0,0,0,0,0
1867,0,0,0,0,0,22,0,0,0,0,0,0,0,0,0,0
1868,0,0,0,0,0,20,0,0,0,0,0,0,0,0,0,0
1869,2,0,0,0,0,0,18,0,0,0,0,0,0,0,0,0
187,6,0,0,0,0,0,0,0,0,0,44,3,39,2,0,0
1870,4,0,0,0,0,0,0,0,0,14,0,0,0,0,0,0
1871,4,0,0,0,0,24,0,0,0,0,0,0,0,0,0,0
1872,2,0,20,0,0,0,0,0,0,0,0,0,0,0,0,0
1873,6,0,2,12,0,0,0,0,0,0,0,0,0,0,0,0
1874,2,0,0,0,0,0,8,0,0,0,0,0,0,0,0,0
1875,4,0,0,0,0,12,0,0,0,0,0,0,0,0,0,0
1876,2,0,0,0,0,10,0,0,0,0,0,0,0,0,0,0
1877,4,0,12,0,0,0,0,0,0,6,0,0,0,0,0,0
1878,4,16,0,0,0,0,0,0,0,0,0,0,0,0,0,0
1879,4,0,16,0,0,0,0,0,0,0,0,0,0,0,0,0
188,13,0,0,0,0,0,0,0,0,0,43,3,40,2,1,0
1880,2,0,8,0,0,0,0,0,0,0,0,0,0,0,0,0
1881,2,0,0,0,0,0,28,0,0,0,0,0,0,0,0,0
1882,6,0,18,0,0,0,0,0,0,0,0,0,0,0,0,0
1883,2,0,12,0,0,0,0,0,0,0,0,0,0,0,0,0
1884,4,0,0,0,0,14,0,0,0,0,0,0,0,0,0,0
1885,0,0,10,0,0,0,0,0,0,0,0,0,0,0,0,0
1886,8,0,0,0,0,28,0,0,0,0,0,0,0,0,0,0
1887,2,0,18,0,0,0,0,0,0,0,0,0,0,0,0,0
1888,0,0,0,0,0,0,0,0,18,0,0,0,0,0,0,0
1889,0,0,10,0,0,0,0,0,0,0,0,0,0,0,0,0
189,11,0,0,0,0,0,0,0,0,0,31,3,26,3,2,2
1890,0,0,0,0,0,16,0,0,0,0,0,0,0,0,0,0
1891,6,0,22,0,0,0,0,0,0,0,0,0,0,0,0,0
1892,2,0,0,0,0,16,0,0,0,0,0,0,0,0,0,0
1893,0,0,0,20,0,0,0,0,0,0,0,0,0,0,0,0
1894,4,0,10,0,0,8,0,0,0,0,0,0,0,0,0,0
1895,0,0,16,0,0,0,0,0,0,0,0,0,0,0,0,0
1896,2,0,0,0,0,16,0,0,0,0,0,0,0,0,0,0
1897,4,0,28,0,0,0,0,0,0,0,0,0,0,0,0,0
1898,2,0,16,0,0,0,0,0,0,0,0,0,0,0,0,0
1899,2,0,20,0,0,0,0,0,0,0,0,0,0,0,0,0
19,7,0,0,0,0,0,0,0,0,0,34,2,30,1,1,1
190,12,0,0,0,0,0,0,0,0,0,36,3,32,3,2,2
1900,0,0,0,20,0,0,0,0,0,0,0,0,0,0,0,0
1901,2,0,0,0,0,24,0,0,0,0,0,0,0,0,0,0
1902,2,0,0,0,0,0,16,0,0,0,0,0,0,0,0,0
1903,2,0,24,0,0,0,2,0,0,0,0,0,0,0,0,0
1904,4,0,0,22,0,0,0,0,0,0,0,0,0,0,0,0
1905,0,0,0,20,0,0,0,0,0,0,0,0,0,0,0,0
1906,6,0,2,0,0,0,12,0,0,0,0,0,0,0,0,0
1907,2,0,14,0,0,0,0,0,0,0,0,0,0,0,0,0
1908,2,0,12,0,0,0,0,0,0,0,0,0,0,0,0,0
1909,0,0,12,0,0,0,0,0,0,0,0,0,0,0,0,0
191,10,0,0,0,0,0,0,0,0,0,34,1,30,1,1,1
1910,4,0,18,0,0,0,0,0,0,0,0,0,0,0,0,0
1911,2,0,26,0,0,0,0,0,0,0,0,0,0,0,0,0
1912,6,0,10,0,0,0,0,0,0,0,0,0,0,0,0,0
1913,0,0,24,0,0,0,0,0,0,0,0,0,0,0,0,0
1914,2,0,10,0,0,8,0,0,0,0,0,0,0,0,0,0
1915,4,0,20,0,0,0,0,0,0,0,0,0,0,0,0,0
1916,0,0,6,0,0,14,0,0,0,0,0,0,0,0,0,0
1917,0,0,20,6,0,0,0,0,0,0,0,0,0,0,0,0
1918,4,0,10,0,0,0,0,0,0,0,0,0,0,0,0,0
1919,0,0,0,0,0,8,0,0,0,0,0,0,0,0,0,0
192,12,0,0,0,0,0,0,0,0,0,41,6,35,5,2,2
1920,0,0,0,0,0,10,0,0,0,0,0,0,0,0,0,0
1921,0,0,16,0,0,0,0,0,0,0,0,0,0,0,0,0
1922,2,0,20,0,0,0,0,0,0,0,0,0,0,0,0,0
1923,6,0,12,0,0,0,0,0,0,0,0,0,0,0,0,0
1924,0,0,6,0,0,10,0,0,0,0,0,0,0,0,0,0
1925,6,0,12,0,0,0,0,0,0,0,0,0,0,0,0,0
1926,2,0,16,0,0,0,0,0,0,0,0,0,0,0,0,0
1927,6,0,4,0,0,16,0,0,0,0,0,0,0,0,0,0
1928,8,0,0,0,0,0,20,0,0,0,0,0,0,0,0,0
1929,0,0,4,0,0,4,0,0,0,0,0,0,0,0,0,0
193,9,0,0,0,0,0,0,0,0,0,38,1,32,1,1,1
1930,2,0,8,0,0,0,0,0,10,0,0,0,0,0,0,0
1931,8,0,22,0,0,2,0,0,0,0,0,0,0,0,0,0
1932,2,0,0,20,0,0,0,0,0,0,0,0,0,0,0,0
1933,0,0,16,0,0,0,0,0,0,0,0,0,0,0,0,0
1934,2,0,0,0,0,0,0,10,0,0,0,0,0,0,0,0
1935,0,0,4,0,0,0,0,0,0,0,0,0,0,0,0,0
1936,8,0,14,0,0,0,0,0,0,0,0,0,0,0,0,0
1937,0,0,14,0,0,0,0,0,0,0,0,0,0,0,0,0
1938,2,0,0,0,0,24,0,0,0,0,0,0,0,0,0,0
1939,6,0,0,10,0,0,0,0,0,0,0,0,0,0,0,0
194,10,0,0,0,0,0,0,0,0,0,37,1,35,0,0,0
1940,6,0,0,22,0,0,0,0,0,0,0,0,0,0,0,0
1941,2,4,0,0,0,0,0,0,0,0,0,0,0,0,0,0
1942,4,0,12,0,0,2,0,0,0,0,0,0,0,0,0,0
1943,0,0,6,0,0,0,2,0,0,0,0,0,0,0,0,0
1944,6,0,0,0,0,20,0,0,0,0,0,0,0,0,0,0
1945,0,0,24,0,0,0,0,0,0,0,0,0,0,0,0,0
1946,0,0,16,0,0,0,0,0,0,0,0,0,0,0,0,0
1947,8,0,0,4,0,0,0,0,0,0,0,0,0,0,0,0
1948,4,0,20,0,0,0,0,0,0,0,0,0,0,0,0,0
1949,0,0,14,0,0,8,0,0,0,0,0,0,0,0,0,0
195,12,0,0,0,0,0,0,0,0,0,32,1,28,1,0,0
1950,0,0,20,0,0,0,0,0,0,0,0,0,0,0,0,0
1951,0,0,16,0,0,0,0,0,0,0,0,0,0,0,0,0
1952,2,0,0,4,0,6,0,0,0,0,0,0,0,0,0,0
1953,0,0,0,0,0,0,24,0,0,0,0,0,0,0,0,0
1954,4,0,0,0,0,2,0,12,0,0,0,0,0,0,0,0
1955,2,0,0,0,0,0,0,0,0,12,0,0,0,0,0,0
1956,2,0,0,16,0,0,0,0,0,0,0,0,0,0,0,0
1957,2,0,10,0,0,0,0,0,0,0,0,0,0,0,0,0
1958,4,0,6,0,0,0,4,0,0,0,0,0,0,0,0,0
1959,2,0,28,0,0,0,0,0,0,0,0,0,0,0,0,0
196,12,0,0,0,0,0,0,0,0,0,25,1,22,1,0,0
1960,4,0,0,0,0,14,0,0,0,0,0,0,0,0,0,0
1961,4,0,0,0,0,14,0,0,0,0,0,0,0,0,0,0
1962,4,0,0,0,0,14,0,0,0,0,0,0,0,0,0,0
1963,6,0,6,0,0,10,0,0,0,0,0,0,0,0,0,0
1964,4,0,14,0,0,0,0,0,0,0,0,0,0,0,0,0
1965,6,0,0,16,0,6,0,0,0,0,0,0,0,0,0,0
1966,2,0,0,0,0,20,0,0,0,0,0,0,0,0,0,0
1967,2,0,16,0,0,0,0,0,0,0,0,0,0,0,0,0
1968,0,0,0,0,0,14,0,0,0,0,0,0,0,0,0,0
1969,4,0,8,0,0,0,0,0,0,0,0,0,0,0,0,0
197,6,0,0,0,0,0,0,0,0,0,42,5,33,3,2,1
1970,2,0,12,0,0,0,0,0,0,0,0,0,0,0,0,0
1971,4,0,14,0,0,0,0,0,0,0,0,0,0,0,0,0
1972,4,0,16,0,0,0,0,0,0,0,0,0,0,0,0,0
1973,2,0,0,16,0,0,0,0,0,0,0,0,0,0,0,0
1974,2,0,16,0,0,0,0,0,0,0,0,0,0,0,0,0
1975,6,0,10,0,0,0,0,0,0,0,0,0,0,0,0,0
1976,4,0,0,0,0,0,0,0,16,0,0,0,0,0,0,0
1977,4,0,0,0,0,14,0,0,0,0,0,0,0,0,0,0
1978,2,0,4,0,0,14,0,0,0,0,0,0,0,0,0,0
1979,0,0,6,0,0,6,0,0,0,0,0,0,0,0,0,0
198,6,0,0,0,0,0,0,0,0,0,36,4,33,4,2,2
1980,6,0,8,0,0,6,0,0,0,0,0,0,0,0,0,0
1981,2,0,0,0,0,6,6,0,0,0,0,0,0,0,0,0
1982,0,0,0,0,0,12,0,0,0,0,0,0,0,0,0,0
1983,0,0,14,0,0,0,0,0,0,0,0,0,0,0,0,0
1984,0,0,2,0,0,4,0,0,0,0,0,0,0,0,0,0
1985,0,0,6,0,0,10,0,0,0,0,0,0,0,0,0,0
1986,8,0,22,0,0,0,0,0,0,0,0,0,0,0,0,0
1987,6,0,0,0,0,20,0,0,0,0,0,0,0,0,0,0
1988,8,0,20,0,0,0,0,0,0,0,0,0,0,0,0,0
1989,4,0,12,0,0,0,0,0,0,0,0,0,0,0,0,0
199,13,0,0,0,0,0,0,0,0,0,36,1,33,1,1,0
1990,2,0,0,0,0,16,0,0,0,0,0,0,0,0,0,0
1991,0,0,4,0,0,8,0,0,0,0,0,0,0,0,0,0
1992,6,0,32,0,0,0,0,0,0,0,0,0,0,0,0,0
1993,4,0,0,0,0,14,0,0,0,0,0,0,0,0,0,0
1994,2,0,0,0,0,0,0,0,12,0,0,0,0,0,0,0
1995,4,0,0,0,0,16,0,0,0,0,0,0,0,0,0,0
1996,0,0,6,0,0,0,0,6,0,0,0,0,0,0,0,0
1997,2,0,12,0,0,10,0,0,0,0,0,0,0,0,0,0
1998,0,0,0,0,0,14,0,0,0,0,0,0,0,0,0,0
1999,2,0,14,0,0,0,0,0,0,0,0,0,0,0,0,0
2,12,0,0,0,0,0,0,0,0,0,43,1,37,1,0,0
20,9,0,0,0,0,0,0,0,0,0,39,1,33,1,0,0
200,11,0,0,0,0,0,0,0,0,0,43,2,37,2,1,1
2000,2,0,8,0,0,8,0,0,0,0,0,0,0,0,0,0
201,9,0,0,0,0,0,0,0,0,0,34,3,30,2,1,1
202,6,0,0,0,0,0,0,0,0,0,35,1,32,1,0,0
203,7,0,0,0,0,0,0,0,0,0,27,2,24,0,0,0
204,14,0,0,0,0,0,0,0,0,0,30,2,24,2,1,1
205,8,0,0,0,0,0,0,0,0,0,44,1,38,1,0,0
206,10,0,0,0,0,0,0,0,0,0,31,0,30,0,0,0
207,9,0,0,0,0,0,0,0,0,0,34,4,30,4,2,1
208,7,0,0,0,0,0,0,0,0,0,52,3,43,1,0,0
209,4,0,0,0,0,0,0,0,0,0,46,1,42,0,0,0
21,9,0,0,0,0,0,0,0,0,0,52,2,45,1,1,1
210,14,0,0,0,0,0,0,0,0,0,46,3,43,0,0,0
211,7,0,0,0,0,0,0,0,0,0,39,4,33,2,1,0
212,11,0,0,0,0,0,0,0,0,0,47,2,37,1,1,0
213,11,0,0,0,0,0,0,0,0,0,38,3,33,3,0,0
214,7,0,0,0,0,0,0,0,0,0,43,4,34,3,2,1
215,15,0,0,0,0,0,0,0,0,0,42,0,35,0,0,0
216,6,0,0,0,0,0,0,0,0,0,39,3,35,2,1,1
217,6,0,0,0,0,0,0,0,0,0,35,2,30,1,1,0
218,4,0,0,0,0,0,0,0,0,0,35,4,33,3,2,2
219,11,0,0,0,0,0,0,0,0,0,43,5,41,4,1,1
22,10,0,0,0,0,0,0,0,0,0,38,1,34,0,0,0
220,8,0,0,0,0,0,0,0,0,0,33,4,32,4,2,2
221,16,0,0,0,0,0,0,0,0,0,41,4,37,2,1,0
222,13,0,0,0,0,0,0,0,0,0,50,4,45,3,2,2
223,4,0,0,0,0,0,0,0,0,0,40,3,35,3,1,1
224,7,0,0,0,0,0,0,0,0,0,38,1,34,0,0,0
225,8,0,0,0,0,0,0,0,0,0,35,0,32,0,0,0
226,7,0,0,0,0,0,0,0,0,0,38,2,32,2,2,1
227,6,0,0,0,0,0,0,0,0,0,40,2,34,2,1,0
228,8,0,0,0,0,0,0,0,0,0,37,2,35,1,1,1
229,13,0,0,0,0,0,0,0,0,0,34,2,25,2,2,2
23,11,0,0,0,0,0,0,0,0,0,38,1,37,0,0,0
230,6,0,0,0,0,0,0,0,0,0,41,1,35,1,1,1
231,10,0,0,0,0,0,0,0,0,0,33,2,28,2,1,1
232,9,0,0,0,0,0,0,0,0,0,38,3,34,2,2,2
233,5,0,0,0,0,0,0,0,0,0,37,0,30,0,0,0
234,16,0,0,0,0,0,0,0,0,0,37,1,33,1,0,0
235,8,0,0,0,0,0,0,0,0,0,43,5,39,5,1,1
236,11,0,0,0,0,0,0,0,0,0,41,1,35,1,0,0
237,9,0,0,0,0,0,0,0,0,0,39,3,37,1,0,0
238,13,0,0,0,0,0,0,0,0,0,50,3,43,3,2,2
239,7,0,0,0,0,0,0,0,0,0,39,2,33,1,1,1
24,10,0,0,0,0,0,0,0,0,0,22,3,20,1,0,0
240,11,0,0,0,0,0,0,0,0,0,36,1,31,1,1,0
241,5,0,0,0,0,0,0,0,0,0,33,4,30,4,2,1
242,11,0,0,0,0,0,0,0,0,0,37,2,35,1,0,0
243,11,0,0,0,0,0,0,0,0,0,36,5,35,4,3,3
244,7,0,0,0,0,0,0,0,0,0,40,3,35,1,0,0
245,7,0,0,0,0,0,0,0,0,0,39,2,34,1,0,0
246,7,0,0,0,0,0,0,0,0,0,45,1,40,1,1,1
247,11,0,0,0,0,0,0,0,0,0,41,2,38,2,1,1
248,4,0,0,0,0,0,0,0,0,0,40,2,37,2,1,1
249,7,0,0,0,0,0,0,0,0,0,35,1,33,1,1,1
25,8,0,0,0,0,0,0,0,0,0,25,1,22,1,0,0
250,8,0,0,0,0,0,0,0,0,0,35,0,33,0,0,0
251,14,0,0,0,0,0,0,0,0,0,38,1,28,0,0,0
252,11,0,0,0,0,0,0,0,0,0,48,4,42,4,2,1
253,9,0,0,0,0,0,0,0,0,0,32,1,30,1,0,0
254,5,0,0,0,0,0,0,0,0,0,35,4,32,3,2,1
255,9,0,0,0,0,0,0,0,0,0,34,0,31,0,0,0
256,6,0,0,0,0,0,0,0,0,0,36,3,31,1,0,0
257,11,0,0,0,0,0,0,0,0,0,33,5,31,3,3,2
258,10,0,0,0,0,0,0,0,0,0,37,1,31,0,0,0
259,9,0,0,0,0,0,0,0,0,0,41,3,36,1,0,0
26,9,0,0,0,0,0,0,0,0,0,44,3,37,2,1,1
260,8,0,0,0,0,0,0,0,0,0,37,4,30,4,1,1
261,8,0,0,0,0,0,0,0,0,0,33,1,27,0,0,0
262,11,0,0,0,0,0,0,0,0,0,23,3,22,3,1,0
263,7,0,0,0,0,0,0,0,0,0,32,2,30,1,0,0
264,9,0,0,0,0,0,0,0,0,0,41,2,38,2,1,1
265,6,0,0,0,0,0,0,0,0,0,36,4,33,3,1,1
266,12,0,0,0,0,0,0,0,0,0,30,2,28,1,1,1
267,5,0,0,0,0,0,0,0,0,0,31,3,27,1,0,0
268,5,0,0,0,0,0,0,0,0,0,37,2,35,2,0,0
269,9,0,0,0,0,0,0,0,0,0,34,2,31,1,1,1
27,13,0,0,0,0,0,0,0,0,0,38,3,29,1,1,1
270,6,0,0,0,0,0,0,0,0,0,39,2,38,1,1,1
271,13,0,0,0,0,0,0,0,0,0,31,2,28,1,1,1
272,11,0,0,0,0,0,0,0,0,0,34,3,29,2,1,1
273,11,0,0,0,0,0,0,0,0,0,30,3,25,2,1,1
274,8,0,0,0,0,0,0,0,0,0,46,7,41,5,5,3
275,11,0,0,0,0,0,0,0,0,0,45,2,36,1,1,0
276,9,0,0,0,0,0,0,0,0,0,38,2,28,2,0,0
277,14,0,0,0,0,0,0,0,0,0,37,2,31,1,1,1
278,11,0,0,0,0,0,0,0,0,0,40,3,36,3,2,2
279,13,0,0,0,0,0,0,0,0,0,38,2,31,1,0,0
28,9,0,0,0,0,0,0,0,0,0,38,1,33,1,0,0
280,9,0,0,0,0,0,0,0,0,0,30,2,28,0,0,0
281,11,0,0,0,0,0,0,0,0,0,39,1,37,0,0,0
282,11,0,0,0,0,0,0,0,0,0,39,2,34,2,2,2
283,9,0,0,0,0,0,0,0,0,0,37,1,33,0,0,0
284,6,0,0,0,0,0,0,0,0,0,26,3,23,2,0,0
285,13,0,0,0,0,0,0,0,0,0,32,2,27,2,0,0
286,4,0,0,0,0,0,0,0,0,0,38,1,32,1,1,0
287,4,0,0,0,0,0,0,0,0,0,36,3,32,2,2,2
288,4,0,0,0,0,0,0,0,0,0,37,3,34,2,1,1
289,7,0,0,0,0,0,0,0,0,0,38,4,37,4,2,0
29,7,0,0,0,0,0,0,0,0,0,46,2,43,1,1,1
290,7,0,0,0,0,0,0,0,0,0,23,2,20,2,2,1
291,11,0,0,0,0,0,0,0,0,0,36,2,29,2,1,1
292,10,0,0,0,0,0,0,0,0,0,37,3,33,2,0,0
293,14,0,0,0,0,0,0,0,0,0,36,4,31,3,1,0
294,6,0,0,0,0,0,0,0,0,0,27,2,23,1,0,0
295,11,0,0,0,0,0,0,0,0,0,42,4,37,3,2,2
296,9,0,0,0,0,0,0,0,0,0,34,2,28,1,1,1
297,7,0,0,0,0,0,0,0,0,0,31,1,28,1,0,0
298,11,0,0,0,0,0,0,0,0,0,25,1,23,1,1,1
299,11,0,0,0,0,0,0,0,0,0,46,5,44,2,1,0
3,9,0,0,0,0,0,0,0,0,0,34,2,29,0,0,0
30,8,0,0,0,0,0,0,0,0,0,43,2,40,2,1,1
300,8,0,0,0,0,0,0,0,0,0,38,0,31,0,0,0
301,8,0,0,0,0,0,0,0,0,0,34,1,29,1,1,1
302,8,0,0,0,0,0,0,0,0,0,30,2,26,1,0,0
303,7,0,0,0,0,0,0,0,0,0,31,3,26,2,0,0
304,8,0,0,0,0,0,0,0,0,0,33,2,26,2,2,0
305,10,0,0,0,0,0,0,0,0,0,40,3,35,1,0,0
306,10,0,0,0,0,0,0,0,0,0,31,2,30,1,1,1
307,12,0,0,0,0,0,0,0,0,0,35,3,32,1,1,1
308,15,0,0,0,0,0,0,0,0,0,37,0,31,0,0,0
309,9,0,0,0,0,0,0,0,0,0,48,1,42,0,0,0
31,11,0,0,0,0,0,0,0,0,0,38,3,37,3,3,2
310,12,0,0,0,0,0,0,0,0,0,38,2,37,2,1,1
311,11,0,0,0,0,0,0,0,0,0,37,2,33,1,0,0
312,10,0,0,0,0,0,0,0,0,0,33,4,29,4,1,1
313,13,0,0,0,0,0,0,0,0,0,31,2,29,2,1,1
314,10,0,0,0,0,0,0,0,0,0,43,3,38,3,0,0
315,6,0,0,0,0,0,0,0,0,0,36,2,34,2,1,1
316,9,0,0,0,0,0,0,0,0,0,39,3,37,2,2,1
317,6,0,0,0,0,0,0,0,0,0,34,4,31,4,0,0
318,7,0,0,0,0,0,0,0,0,0,45,0,38,0,0,0
319,14,0,0,0,0,0,0,0,0,0,50,1,44,1,1,1
32,7,0,0,0,0,0,0,0,0,0,37,1,32,1,0,0
320,11,0,0,0,0,0,0,0,0,0,38,1,34,0,0,0
321,7,0,0,0,0,0,0,0,0,0,33,5,30,3,1,1
322,10,0,0,0,0,0,0,0,0,0,25,0,23,0,0,0
323,15,0,0,0,0,0,0,0,0,0,38,4,35,2,1,1
324,10,0,0,0,0,0,0,0,0,0,35,2,32,2,1,0
325,17,0,0,0,0,0,0,0,0,0,35,2,26,2,1,0
326,7,0,0,0,0,0,0,0,0,0,44,3,39,3,1,1
327,12,0,0,0,0,0,0,0,0,0,41,2,38,2,2,2
328,5,0,0,0,0,0,0,0,0,0,41,1,39,1,0,0
329,12,0,0,0,0,0,0,0,0,0,30,0,28,0,0,0
33,7,0,0,0,0,0,0,0,0,0,40,3,36,3,1,1
330,9,0,0,0,0,0,0,0,0,0,39,1,36,1,1,1
331,7,0,0,0,0,0,0,0,0,0,37,2,30,2,1,0
332,10,0,0,0,0,0,0,0,0,0,26,2,24,2,2,2
333,11,0,0,0,0,0,0,0,0,0,33,0,31,0,0,0
334,14,0,0,0,0,0,0,0,0,0,42,0,36,0,0,0
335,7,0,0,0,0,0,0,0,0,0,49,4,47,4,3,3
336,16,0,0,0,0,0,0,0,0,0,30,2,24,1,0,0
337,8,0,0,0,0,0,0,0,0,0,40,4,36,2,0,0
338,8,0,0,0,0,0,0,0,0,0,48,2,44,2,2,2
339,9,0,0,0,0,0,0,0,0,0,37,4,33,3,1,1
34,7,0,0,0,0,0,0,0,0,0,36,2,32,0,0,0
340,10,0,0,0,0,0,0,0,0,0,38,2,33,2,2,1
341,9,0,0,0,0,0,0,0,0,0,46,8,43,5,3,2
342,10,0,0,0,0,0,0,0,0,0,27,4,24,1,0,0
343,15,0,0,0,0,0,0,0,0,0,46,3,39,3,3,1
344,11,0,0,0,0,0,0,0,0,0,29,0,29,0,0,0
345,14,0,0,0,0,0,0,0,0,0,41,3,38,2,0,0
346,10,0,0,0,0,0,0,0,0,0,36,1,34,0,0,0
347,15,0,0,0,0,0,0,0,0,0,36,1,30,0,0,0
348,2,0,0,0,0,0,0,0,0,0,32,3,30,3,2,2
349,14,0,0,0,0,0,0,0,0,0,33,2,28,2,1,1
35,10,0,0,0,0,0,0,0,0,0,41,3,36,2,1,1
350,4,0,0,0,0,0,0,0,0,0,35,4,30,3,3,2
351,10,0,0,0,0,0,0,0,0,0,32,1,30,1,1,1
352,10,0,0,0,0,0,0,0,0,0,29,3,24,3,3,3
353,10,0,0,0,0,0,0,0,0,0,37,0,32,0,0,0
354,9,0,0,0,0,0,0,0,0,0,28,0,25,0,0,0
355,10,0,0,0,0,0,0,0,0,0,42,0,40,0,0,0
356,11,0,0,0,0,0,0,0,0,0,45,1,40,0,0,0
357,10,0,0,0,0,0,0,0,0,0,38,3,37,3,1,1
358,11,0,0,0,0,0,0,0,0,0,42,1,33,1,1,1
359,12,0,0,0,0,0,0,0,0,0,27,4,24,2,1,1
36,10,0,0,0,0,0,0,0,0,0,28,1,25,0,0,0
360,8,0,0,0,0,0,0,0,0,0,46,3,40,1,1,1
361,8,0,0,0,0,0,0,0,0,0,36,1,32,1,0,0
362,6,0,0,0,0,0,0,0,0,0,30,2,25,1,0,0
363,18,0,0,0,0,0,0,0,0,0,34,2,28,0,0,0
364,17,0,0,0,0,0,0,0,0,0,36,5,30,2,1,1
365,11,0,0,0,0,0,0,0,0,0,28,3,27,2,1,1
366,7,0,0,0,0,0,0,0,0,0,36,2,35,1,0,0
367,12,0,0,0,0,0,0,0,0,0,47,5,43,4,3,3
368,12,0,0,0,0,0,0,0,0,0,48,1,44,1,1,1
369,10,0,0,0,0,0,0,0,0,0,43,4,39,2,0,0
37,8,0,0,0,0,0,0,0,0,0,34,1,29,0,0,0
370,9,0,0,0,0,0,0,0,0,0,28,1,26,0,0,0
371,14,0,0,0,0,0,0,0,0,0,31,3,25,1,0,0
372,9,0,0,0,0,0,0,0,0,0,30,3,30,3,1,1
373,5,0,0,0,0,0,0,0,0,0,46,3,43,2,1,1
374,9,0,0,0,0,0,0,0,0,0,36,3,34,1,0,0
375,15,0,0,0,0,0,0,0,0,0,29,2,27,2,2,1
376,6,0,0,0,0,0,0,0,0,0,45,2,37,2,2,1
377,9,0,0,0,0,0,0,0,0,0,39,2,35,2,2,2
378,4,0,0,0,0,0,0,0,0,0,34,3,30,2,0,0
379,15,0,0,0,0,0,0,0,0,0,36,1,32,1,1,0
38,3,0,0,0,0,0,0,0,0,0,36,5,31,4,2,2
380,6,0,0,0,0,0,0,0,0,0,49,3,43,2,1,1
381,8,0,0,0,0,0,0,0,0,0,35,3,32,2,2,2
382,8,0,0,0,0,0,0,0,0,0,37,0,32,0,0,0
383,10,0,0,0,0,0,0,0,0,0,31,0,27,0,0,0
384,8,0,0,0,0,0,0,0,0,0,37,0,34,0,0,0
385,9,0,0,0,0,0,0,0,0,0,34,1,30,1,0,0
386,9,0,0,0,0,0,0,0,0,0,35,0,31,0,0,0
387,9,0,0,0,0,0,0,0,0,0,35,1,31,1,0,0
388,9,0,0,0,0,0,0,0,0,0,30,0,27,0,0,0
389,9,0,0,0,0,0,0,0,0,0,39,3,35,3,0,0
39,10,0,0,0,0,0,0,0,0,0,41,2,34,2,1,1
390,5,0,0,0,0,0,0,0,0,0,32,2,32,2,2,2
391,7,0,0,0,0,0,0,0,0,0,47,7,43,3,1,1
392,10,0,0,0,0,0,0,0,0,0,47,7,42,5,4,3
393,11,0,0,0,0,0,0,0,0,0,32,0,30,0,0,0
394,7,0,0,0,0,0,0,0,0,0,45,3,40,2,1,0
395,11,0,0,0,0,0,0,0,0,0,35,2,33,1,1,0
396,10,0,0,0,0,0,0,0,0,0,42,1,38,1,0,0
397,6,0,0,0,0,0,0,0,0,0,37,0,29,0,0,0
398,7,0,0,0,0,0,0,0,0,0,33,0,29,0,0,0
399,10,0,0,0,0,0,0,0,0,0,25,0,22,0,0,0
4,9,0,0,0,0,0,0,0,0,0,40,2,31,0,0,0
40,7,0,0,0,0,0,0,0,0,0,25,3,24,3,3,3
400,2,0,0,0,0,0,0,0,0,0,39,3,36,2,1,1
401,4,0,0,0,0,0,0,0,0,0,36,2,29,2,1,1
402,12,0,0,0,0,0,0,0,0,0,47,2,42,2,1,0
403,10,0,0,0,0,0,0,0,0,0,36,1,33,0,0,0
404,11,0,0,0,0,0,0,0,0,0,36,2,35,1,1,0
405,5,0,0,0,0,0,0,0,0,0,33,2,30,1,1,1
406,9,0,0,0,0,0,0,0,0,0,33,1,27,1,0,0
407,9,0,0,0,0,0,0,0,0,0,34,1,33,1,0,0
408,7,0,0,0,0,0,0,0,0,0,36,5,29,4,2,1
409,12,0,0,0,0,0,0,0,0,0,33,2,29,1,1,1
41,7,0,0,0,0,0,0,0,0,0,46,2,43,1,1,1
410,15,0,0,0,0,0,0,0,0,0,42,3,40,2,0,0
411,6,0,0,0,0,0,0,0,0,0,38,2,34,2,1,1
412,8,0,0,0,0,0,0,0,0,0,41,2,31,2,0,0
413,11,0,0,0,0,0,0,0,0,0,33,1,29,1,1,1
414,2,0,0,0,0,0,0,0,0,0,37,5,33,5,3,2
415,9,0,0,0,0,0,0,0,0,0,34,4,32,2,0,0
416,12,0,0,0,0,0,0,0,0,0,31,1,27,1,0,0
417,11,0,0,0,0,0,0,0,0,0,44,1,37,1,1,1
418,8,0,0,0,0,0,0,0,0,0,36,0,35,0,0,0
419,13,0,0,0,0,0,0,0,0,0,33,2,29,1,1,1
42,10,0,0,0,0,0,0,0,0,0,40,0,36,0,0,0
420,4,0,0,0,0,0,0,0,0,0,36,4,27,3,2,2
421,9,0,0,0,0,0,0,0,0,0,46,3,42,1,1,1
422,9,0,0,0,0,0,0,0,0,0,39,2,34,2,0,0
423,10,0,0,0,0,0,0,0,0,0,35,2,32,2,2,1
424,13,0,0,0,0,0,0,0,0,0,32,1,25,1,0,0
425,8,0,0,0,0,0,0,0,0,0,36,1,35,0,0,0
426,8,0,0,0,0,0,0,0,0,0,31,1,29,1,1,0
427,13,0,0,0,0,0,0,0,0,0,35,3,29,3,1,1
428,11,0,0,0,0,0,0,0,0,0,41,2,39,2,2,1
429,9,0,0,0,0,0,0,0,0,0,29,2,28,1,0,0
43,14,0,0,0,0,0,0,0,0,0,35,1,31,1,1,1
430,12,0,0,0,0,0,0,0,0,0,39,2,35,2,0,0
431,5,0,0,0,0,0,0,0,0,0,38,0,33,0,0,0
432,13,0,0,0,0,0,0,0,0,0,33,5,29,3,1,1
433,7,0,0,0,0,0,0,0,0,0,28,1,25,0,0,0
434,13,0,0,0,0,0,0,0,0,0,47,3,41,2,1,1
435,8,0,0,0,0,0,0,0,0,0,28,1,26,0,0,0
436,9,0,0,0,0,0,0,0,0,0,36,3,32,1,0,0
437,3,0,0,0,0,0,0,0,0,0,35,5,32,5,4,4
438,13,0,0,0,0,0,0,0,0,0,37,2,33,2,1,1
439,8,0,0,0,0,0,0,0,0,0,38,3,32,3,1,0
44,14,0,0,0,0,0,0,0,0,0,38,2,34,1,0,0
440,13,0,0,0,0,0,0,0,0,0,29,4,26,2,2,2
441,5,0,0,0,0,0,0,0,0,0,31,2,29,1,1,0
442,13,0,0,0,0,0,0,0,0,0,37,3,33,2,1,1
443,11,0,0,0,0,0,0,0,0,0,28,1,25,1,0,0
444,14,0,0,0,0,0,0,0,0,0,40,1,35,1,1,1
445,7,0,0,0,0,0,0,0,0,0,33,1,31,1,1,1
446,11,0,0,0,0,0,0,0,0,0,40,2,36,2,1,0
447,6,0,0,0,0,0,0,0,0,0,42,2,37,1,0,0
448,3,0,0,0,0,0,0,0,0,0,38,4,37,3,0,0
449,6,0,0,0,0,0,0,0,0,0,39,3,31,3,2,2
45,12,0,0,0,0,0,0,0,0,0,50,3,40,3,1,0
450,9,0,0,0,0,0,0,0,0,0,42,2,37,0,0,0
451,10,0,0,0,0,0,0,0,0,0,22,0,20,0,0,0
452,10,0,0,0,0,0,0,0,0,0,37,2,30,1,1,1
453,9,0,0,0,0,0,0,0,0,0,37,1,30,1,1,1
454,10,0,0,0,0,0,0,0,0,0,35,2,32,1,1,0
455,9,0,0,0,0,0,0,0,0,0,30,1,28,1,0,0
456,9,0,0,0,0,0,0,0,0,0,47,2,42,1,1,1
457,11,0,0,0,0,0,0,0,0,0,37,3,29,1,0,0
458,15,0,0,0,0,0,0,0,0,0,39,1,33,1,0,0
459,10,0,0,0,0,0,0,0,0,0,44,1,40,1,0,0
46,8,0,0,0,0,0,0,0,0,0,27,1,23,1,1,1
460,11,0,0,0,0,0,0,0,0,0,38,3,33,2,0,0
461,12,0,0,0,0,0,0,0,0,0,30,1,27,1,0,0
462,9,0,0,0,0,0,0,0,0,0,35,1,28,1,0,0
463,8,0,0,0,0,0,0,0,0,0,33,0,28,0,0,0
464,9,0,0,0,0,0,0,0,0,0,41,2,36,1,0,0
465,10,0,0,0,0,0,0,0,0,0,39,2,34,0,0,0
466,13,0,0,0,0,0,0,0,0,0,30,3,28,3,2,2
467,8,0,0,0,0,0,0,0,0,0,31,2,26,1,0,0
468,8,0,0,0,0,0,0,0,0,0,38,2,32,2,2,2
469,9,0,0,0,0,0,0,0,0,0,43,4,38,2,2,2
47,6,0,0,0,0,0,0,0,0,0,27,1,22,1,0,0
470,15,0,0,0,0,0,0,0,0,0,36,1,34,0,0,0
471,9,0,0,0,0,0,0,0,0,0,50,3,49,3,0,0
472,9,0,0,0,0,0,0,0,0,0,51,6,47,4,2,1
473,9,0,0,0,0,0,0,0,0,0,47,2,41,2,1,1
474,8,0,0,0,0,0,0,0,0,0,39,3,38,2,1,1
475,11,0,0,0,0,0,0,0,0,0,38,0,34,0,0,0
476,13,0,0,0,0,0,0,0,0,0,37,1,36,1,1,1
477,11,0,0,0,0,0,0,0,0,0,30,0,27,0,0,0
478,9,0,0,0,0,0,0,0,0,0,35,1,28,1,0,0
479,14,0,0,0,0,0,0,0,0,0,46,1,40,1,0,0
48,14,0,0,0,0,0,0,0,0,0,40,4,37,4,3,2
480,10,0,0,0,0,0,0,0,0,0,46,4,39,2,2,2
481,9,0,0,0,0,0,0,0,0,0,51,5,46,2,2,2
482,18,0,0,0,0,0,0,0,0,0,41,3,36,3,1,1
483,8,0,0,0,0,0,0,0,0,0,39,4,38,3,2,2
484,8,0,0,0,0,0,0,0,0,0,46,6,38,4,1,1
485,8,0,0,0,0,0,0,0,0,0,40,3,36,2,2,1
486,10,0,0,0,0,0,0,0,0,0,33,1,28,1,0,0
487,9,0,0,0,0,0,0,0,0,0,33,0,28,0,0,0
488,13,0,0,0,0,0,0,0,0,0,34,1,30,1,0,0
489,7,0,0,0,0,0,0,0,0,0,44,4,39,3,1,1
49,17,0,0,0,0,0,0,0,0,0,39,3,33,3,0,0
490,6,0,0,0,0,0,0,0,0,0,42,5,37,5,3,2
491,12,0,0,0,0,0,0,0,0,0,35,3,32,2,1,1
492,12,0,0,0,0,0,0,0,0,0,37,3,33,1,1,1
493,9,0,0,0,0,0,0,0,0,0,26,3,21,2,1,1
494,8,0,0,0,0,0,0,0,0,0,32,2,30,1,0,0
495,5,0,0,0,0,0,0,0,0,0,47,3,41,3,1,0
496,10,0,0,0,0,0,0,0,0,0,45,3,41,2,0,0
497,9,0,0,0,0,0,0,0,0,0,38,2,32,1,1,1
498,11,0,0,0,0,0,0,0,0,0,31,4,28,4,3,2
499,10,0,0,0,0,0,0,0,0,0,36,5,34,3,2,2
5,10,0,0,0,0,0,0,0,0,0,42,0,33,0,0,0
50,7,0,0,0,0,0,0,0,0,0,37,1,32,1,1,1
500,10,0,0,0,0,0,0,0,0,0,37,1,32,1,1,1
501,5,0,0,0,0,0,0,0,0,0,40,2,38,2,1,1
502,10,0,0,0,0,0,0,0,0,0,41,1,40,0,0,0
503,14,0,0,0,0,0,0,0,0,0,38,5,33,4,3,3
504,5,0,0,0,0,0,0,0,0,0,40,3,37,3,1,1
505,17,0,0,0,0,0,0,0,0,0,36,1,31,1,0,0
506,11,0,0,0,0,0,0,0,0,0,35,1,31,1,1,1
507,16,0,0,0,0,0,0,0,0,0,36,5,31,5,5,5
508,12,0,0,0,0,0,0,0,0,0,37,2,33,1,1,1
509,12,0,0,0,0,0,0,0,0,0,37,5,34,4,1,1
51,13,0,0,0,0,0,0,0,0,0,37,4,28,2,1,0
510,16,0,0,0,0,0,0,0,0,0,31,1,26,0,0,0
511,9,0,0,0,0,0,0,0,0,0,51,0,43,0,0,0
512,18,0,0,0,0,0,0,0,0,0,39,0,33,0,0,0
513,5,0,0,0,0,0,0,0,0,0,35,2,30,1,0,0
514,8,0,0,0,0,0,0,0,0,0,41,2,37,2,1,1
515,7,0,0,0,0,0,0,0,0,0,38,1,37,1,0,0
516,9,0,0,0,0,0,0,0,0,0,30,0,28,0,0,0
517,8,0,0,0,0,0,0,0,0,0,30,1,27,1,0,0
518,8,0,0,0,0,0,0,0,0,0,47,0,42,0,0,0
519,11,0,0,0,0,0,0,0,0,0,32,1,29,1,1,0
52,11,0,0,0,0,0,0,0,0,0,36,2,33,2,1,1
520,7,0,0,0,0,0,0,0,0,0,29,1,25,1,0,0
521,9,0,0,0,0,0,0,0,0,0,35,1,34,0,0,0
522,6,0,0,0,0,0,0,0,0,0,46,2,39,2,1,0
523,9,0,0,0,0,0,0,0,0,0,40,0,38,0,0,0
524,11,0,0,0,0,0,0,0,0,0,42,3,37,2,1,1
525,8,0,0,0,0,0,0,0,0,0,45,5,43,4,3,3
526,8,0,0,0,0,0,0,0,0,0,33,0,29,0,0,0
527,11,0,0,0,0,0,0,0,0,0,37,1,31,0,0,0
528,7,0,0,0,0,0,0,0,0,0,42,2,38,1,0,0
529,16,0,0,0,0,0,0,0,0,0,35,3,33,3,1,0
53,12,0,0,0,0,0,0,0,0,0,36,1,34,1,1,1
530,5,0,0,0,0,0,0,0,0,0,39,2,34,1,1,1
531,10,0,0,0,0,0,0,0,0,0,31,2,25,1,1,0
532,13,0,0,0,0,0,0,0,0,0,42,2,36,2,1,1
533,12,0,0,0,0,0,0,0,0,0,34,1,32,1,0,0
534,11,0,0,0,0,0,0,0,0,0,27,0,23,0,0,0
535,14,0,0,0,0,0,0,0,0,0,26,0,24,0,0,0
536,4,0,0,0,0,0,0,0,0,0,41,4,39,3,2,2
537,12,0,0,0,0,0,0,0,0,0,51,5,45,2,2,2
538,16,0,0,0,0,0,0,0,0,0,33,1,29,1,1,1
539,10,0,0,0,0,0,0,0,0,0,33,1,30,1,0,0
54,15,0,0,0,0,0,0,0,0,0,23,0,21,0,0,0
540,9,0,0,0,0,0,0,0,0,0,30,2,29,2,2,2
541,10,0,0,0,0,0,0,0,0,0,42,1,34,1,0,0
542,5,0,0,0,0,0,0,0,0,0,41,3,38,3,2,2
543,10,0,0,0,0,0,0,0,0,0,40,4,35,3,1,1
544,6,0,0,0,0,0,0,0,0,0,45,2,41,1,0,0
545,13,0,0,0,0,0,0,0,0,0,34,3,31,2,1,1
546,13,0,0,0,0,0,0,0,0,0,39,4,37,1,1,1
547,11,0,0,0,0,0,0,0,0,0,40,2,36,2,1,1
548,14,0,0,0,0,0,0,0,0,0,44,2,40,2,0,0
549,10,0,0,0,0,0,0,0,0,0,28,2,27,2,2,1
55,11,0,0,0,0,0,0,0,0,0,29,0,28,0,0,0
550,4,0,0,0,0,0,0,0,0,0,31,1,25,1,1,1
551,11,0,0,0,0,0,0,0,0,0,37,4,33,1,1,1
552,7,0,0,0,0,0,0,0,0,0,27,3,23,1,0,0
553,9,0,0,0,0,0,0,0,0,0,33,3,30,2,1,1
554,8,0,0,0,0,0,0,0,0,0,37,2,31,2,2,2
555,8,0,0,0,0,0,0,0,0,0,45,5,40,5,5,5
556,4,0,0,0,0,0,0,0,0,0,39,1,34,0,0,0
557,6,0,0,0,0,0,0,0,0,0,24,2,24,1,0,0
558,12,0,0,0,0,0,0,0,0,0,38,0,35,0,0,0
559,11,0,0,0,0,0,0,0,0,0,36,0,31,0,0,0
56,7,0,0,0,0,0,0,0,0,0,34,2,30,1,1,1
560,4,0,0,0,0,0,0,0,0,0,47,0,42,0,0,0
561,11,0,0,0,0,0,0,0,0,0,35,3,32,2,1,1
562,8,0,0,0,0,0,0,0,0,0,48,6,44,5,3,2
563,8,0,0,0,0,0,0,0,0,0,39,4,34,3,0,0
564,9,0,0,0,0,0,0,0,0,0,45,2,38,1,1,1
565,11,0,0,0,0,0,0,0,0,0,46,4,38,3,0,0
566,7,0,0,0,0,0,0,0,0,0,44,2,36,1,0,0
567,13,0,0,0,0,0,0,0,0,0,34,2,31,1,1,1
568,11,0,0,0,0,0,0,0,0,0,35,0,28,0,0,0
569,11,0,0,0,0,0,0,0,0,0,26,2,23,2,1,1
57,10,0,0,0,0,0,0,0,0,0,36,1,34,0,0,0
570,9,0,0,0,0,0,0,0,0,0,43,4,39,2,1,1
571,5,0,0,0,0,0,0,0,0,0,39,2,33,2,2,1
572,10,0,0,0,0,0,0,0,0,0,31,3,28,2,2,2
573,5,0,0,0,0,0,0,0,0,0,38,4,35,3,1,1
574,12,0,0,0,0,0,0,0,0,0,35,1,34,0,0,0
575,13,0,0,0,0,0,0,0,0,0,45,3,41,3,2,2
576,5,0,0,0,0,0,0,0,0,0,45,1,41,1,1,1
577,10,0,0,0,0,0,0,0,0,0,34,2,34,0,0,0
578,12,0,0,0,0,0,0,0,0,0,26,2,25,2,2,2
579,10,0,0,0,0,0,0,0,0,0,37,4,32,2,2,2
58,15,0,0,0,0,0,0,0,0,0,36,1,30,1,0,0
580,10,0,0,0,0,0,0,0,0,0,36,1,31,1,1,1
581,8,0,0,0,0,0,0,0,0,0,39,3,36,2,2,2
582,12,0,0,0,0,0,0,0,0,0,33,2,32,2,1,1
583,15,0,0,0,0,0,0,0,0,0,48,3,42,3,1,1
584,7,0,0,0,0,0,0,0,0,0,42,4,41,2,1,1
585,8,0,0,0,0,0,0,0,0,0,35,4,30,4,3,3
586,5,0,0,0,0,0,0,0,0,0,37,2,31,2,2,1
587,10,0,0,0,0,0,0,0,0,0,44,2,38,0,0,0
588,12,0,0,0,0,0,0,0,0,0,50,6,42,3,1,1
589,4,0,0,0,0,0,0,0,0,0,33,2,29,2,1,1
59,12,0,0,0,0,0,0,0,0,0,39,0,32,0,0,0
590,9,0,0,0,0,0,0,0,0,0,42,4,39,3,2,2
591,11,0,0,0,0,0,0,0,0,0,34,2,29,2,2,1
592,8,0,0,0,0,0,0,0,0,0,28,2,26,1,1,0
593,10,0,0,0,0,0,0,0,0,0,44,2,39,2,2,2
594,12,0,0,0,0,0,0,0,0,0,36,4,34,3,1,1
595,10,0,0,0,0,0,0,0,0,0,29,2,26,1,0,0
596,9,0,0,0,0,0,0,0,0,0,36,1,34,1,1,1
597,13,0,0,0,0,0,0,0,0,0,53,2,48,1,1,1
598,7,0,0,0,0,0,0,0,0,0,36,1,34,1,0,0
599,8,0,0,0,0,0,0,0,0,0,43,3,40,2,1,1
6,8,0,0,0,0,0,0,0,0,0,38,0,31,0,0,0
60,7,0,0,0,0,0,0,0,0,0,38,2,36,2,1,1
600,13,0,0,0,0,0,0,0,0,0,42,3,36,2,1,1
601,14,0,0,0,0,0,0,0,0,0,35,2,29,1,0,0
602,13,0,0,0,0,0,0,0,0,0,45,5,37,4,2,1
603,5,0,0,0,0,0,0,0,0,0,33,3,29,3,1,0
604,8,0,0,0,0,0,0,0,0,0,43,2,37,2,1,1
605,9,0,0,0,0,0,0,0,0,0,40,2,34,2,1,1
606,9,0,0,0,0,0,0,0,0,0,39,2,34,2,0,0
607,7,0,0,0,0,0,0,0,0,0,35,7,33,1,1,1
608,7,0,0,0,0,0,0,0,0,0,41,4,37,3,2,1
609,9,0,0,0,0,0,0,0,0,0,46,1,41,0,0,0
61,11,0,0,0,0,0,0,0,0,0,27,0,26,0,0,0
610,9,0,0,0,0,0,0,0,0,0,34,4,27,3,1,0
611,8,0,0,0,0,0,0,0,0,0,44,1,39,1,0,0
612,10,0,0,0,0,0,0,0,0,0,33,1,30,1,0,0
613,9,0,0,0,0,0,0,0,0,0,38,0,34,0,0,0
614,14,0,0,0,0,0,0,0,0,0,42,0,36,0,0,0
615,10,0,0,0,0,0,0,0,0,0,45,3,35,2,1,1
616,11,0,0,0,0,0,0,0,0,0,42,3,39,3,0,0
617,10,0,0,0,0,0,0,0,0,0,35,6,31,5,3,3
618,9,0,0,0,0,0,0,0,0,0,37,0,32,0,0,0
619,12,0,0,0,0,0,0,0,0,0,29,0,22,0,0,0
62,8,0,0,0,0,0,0,0,0,0,24,2,21,1,0,0
620,10,0,0,0,0,0,0,0,0,0,40,3,33,3,1,1
621,15,0,0,0,0,0,0,0,0,0,46,2,43,2,1,1
622,9,0,0,0,0,0,0,0,0,0,34,3,25,2,1,0
623,5,0,0,0,0,0,0,0,0,0,47,3,43,1,0,0
624,4,0,0,0,0,0,0,0,0,0,44,2,37,2,2,2
625,11,0,0,0,0,0,0,0,0,0,30,1,24,1,0,0
626,7,0,0,0,0,0,0,0,0,0,37,1,32,1,0,0
627,13,0,0,0,0,0,0,0,0,0,31,5,30,4,3,3
628,7,0,0,0,0,0,0,0,0,0,49,4,44,3,3,3
629,9,0,0,0,0,0,0,0,0,0,42,4,37,3,3,3
63,15,0,0,0,0,0,0,0,0,0,37,0,34,0,0,0
630,5,0,0,0,0,0,0,0,0,0,37,0,34,0,0,0
631,11,0,0,0,0,0,0,0,0,0,38,2,34,1,0,0
632,11,0,0,0,0,0,0,0,0,0,37,1,33,0,0,0
633,7,0,0,0,0,0,0,0,0,0,36,3,33,3,2,1
634,8,0,0,0,0,0,0,0,0,0,31,2,28,1,1,1
635,7,0,0,0,0,0,0,0,0,0,37,2,33,1,0,0
636,5,0,0,0,0,0,0,0,0,0,42,4,38,1,0,0
637,10,0,0,0,0,0,0,0,0,0,41,3,39,2,2,1
638,11,0,0,0,0,0,0,0,0,0,36,2,27,1,1,1
639,6,0,0,0,0,0,0,0,0,0,33,5,29,3,0,0
64,10,0,0,0,0,0,0,0,0,0,36,1,31,0,0,0
640,8,0,0,0,0,0,0,0,0,0,27,2,25,2,0,0
641,8,0,0,0,0,0,0,0,0,0,43,2,35,1,1,1
642,11,0,0,0,0,0,0,0,0,0,41,5,34,4,2,2
643,8,0,0,0,0,0,0,0,0,0,40,1,36,1,0,0
644,9,0,0,0,0,0,0,0,0,0,49,6,49,6,4,4
645,10,0,0,0,0,0,0,0,0,0,35,3,28,3,0,0
646,8,0,0,0,0,0,0,0,0,0,29,1,22,1,0,0
647,13,0,0,0,0,0,0,0,0,0,30,3,25,1,0,0
648,8,0,0,0,0,0,0,0,0,0,32,2,29,2,1,1
649,13,0,0,0,0,0,0,0,0,0,49,6,45,5,2,2
65,13,0,0,0,0,0,0,0,0,0,27,1,25,0,0,0
650,1,0,0,0,0,0,0,0,0,0,35,5,33,5,4,3
651,9,0,0,0,0,0,0,0,0,0,22,1,19,1,0,0
652,10,0,0,0,0,0,0,0,0,0,27,4,24,3,1,1
653,14,0,0,0,0,0,0,0,0,0,42,5,38,2,1,1
654,8,0,0,0,0,0,0,0,0,0,45,0,32,0,0,0
655,9,0,0,0,0,0,0,0,0,0,26,1,23,1,0,0
656,14,0,0,0,0,0,0,0,0,0,33,5,32,4,1,1
657,7,0,0,0,0,0,0,0,0,0,38,3,32,3,1,1
658,10,0,0,0,0,0,0,0,0,0,31,2,28,2,1,0
659,9,0,0,0,0,0,0,0,0,0,31,4,29,2,2,1
66,8,0,0,0,0,0,0,0,0,0,38,0,34,0,0,0
660,9,0,0,0,0,0,0,0,0,0,34,4,31,2,2,2
661,2,0,0,0,0,0,0,0,0,0,30,2,27,2,2,2
662,13,0,0,0,0,0,0,0,0,0,30,4,27,3,0,0
663,9,0,0,0,0,0,0,0,0,0,31,0,28,0,0,0
664,5,0,0,0,0,0,0,0,0,0,36,2,31,1,1,1
665,9,0,0,0,0,0,0,0,0,0,46,3,38,2,1,1
666,8,0,0,0,0,0,0,0,0,0,35,5,32,4,2,1
667,9,0,0,0,0,0,0,0,0,0,50,2,46,2,0,0
668,7,0,0,0,0,0,0,0,0,0,46,0,41,0,0,0
669,14,0,0,0,0,0,0,0,0,0,37,6,33,5,4,4
67,17,0,0,0,0,0,0,0,0,0,30,1,26,1,0,0
670,10,0,0,0,0,0,0,0,0,0,31,1,30,1,0,0
671,17,0,0,0,0,0,0,0,0,0,35,4,32,4,2,2
672,6,0,0,0,0,0,0,0,0,0,38,4,32,4,2,2
673,9,0,0,0,0,0,0,0,0,0,46,3,43,2,0,0
674,9,0,0,0,0,0,0,0,0,0,31,1,27,1,0,0
675,9,0,0,0,0,0,0,0,0,0,34,2,27,1,0,0
676,10,0,0,0,0,0,0,0,0,0,33,2,31,2,0,0
677,5,0,0,0,0,0,0,0,0,0,31,3,27,3,3,3
678,7,0,0,0,0,0,0,0,0,0,43,1,36,0,0,0
679,10,0,0,0,0,0,0,0,0,0,25,2,24,1,0,0
68,13,0,0,0,0,0,0,0,0,0,39,3,36,2,0,0
680,9,0,0,0,0,0,0,0,0,0,36,2,33,2,1,1
681,8,0,0,0,0,0,0,0,0,0,27,1,22,0,0,0
682,9,0,0,0,0,0,0,0,0,0,32,6,30,6,4,4
683,9,0,0,0,0,0,0,0,0,0,49,4,45,3,1,1
684,9,0,0,0,0,0,0,0,0,0,26,2,26,0,0,0
685,6,0,0,0,0,0,0,0,0,0,46,4,40,2,0,0
686,9,0,0,0,0,0,0,0,0,0,24,2,21,2,0,0
687,5,0,0,0,0,0,0,0,0,0,30,5,28,4,3,3
688,13,0,0,0,0,0,0,0,0,0,40,0,34,0,0,0
689,10,0,0,0,0,0,0,0,0,0,22,2,19,1,1,1
69,3,0,0,0,0,0,0,0,0,0,30,1,26,1,1,1
690,8,0,0,0,0,0,0,0,0,0,38,3,29,3,1,0
691,6,0,0,0,0,0,0,0,0,0,38,1,31,0,0,0
692,11,0,0,0,0,0,0,0,0,0,29,2,25,0,0,0
693,8,0,0,0,0,0,0,0,0,0,30,6,28,5,2,2
694,11,0,0,0,0,0,0,0,0,0,35,3,34,3,1,1
695,6,0,0,0,0,0,0,0,0,0,42,0,35,0,0,0
696,7,0,0,0,0,0,0,0,0,0,27,0,20,0,0,0
697,4,0,0,0,0,0,0,0,0,0,37,6,32,4,0,0
698,9,0,0,0,0,0,0,0,0,0,38,1,33,1,0,0
699,9,0,0,0,0,0,0,0,0,0,36,1,28,0,0,0
7,12,0,0,0,0,0,0,0,0,0,50,2,43,1,1,1
70,7,0,0,0,0,0,0,0,0,0,30,1,26,1,1,0
700,8,0,0,0,0,0,0,0,0,0,36,0,31,0,0,0
701,10,0,0,0,0,0,0,0,0,0,41,2,37,0,0,0
702,10,0,0,0,0,0,0,0,0,0,37,2,32,1,0,0
703,6,0,0,0,0,0,0,0,0,0,34,3,32,1,1,1
704,7,0,0,0,0,0,0,0,0,0,34,1,31,0,0,0
705,15,0,0,0,0,0,0,0,0,0,43,2,37,1,0,0
706,15,0,0,0,0,0,0,0,0,0,42,4,37,4,4,4
707,10,0,0,0,0,0,0,0,0,0,40,2,35,2,1,1
708,9,0,0,0,0,0,0,0,0,0,36,1,34,0,0,0
709,11,0,0,0,0,0,0,0,0,0,29,1,26,1,1,1
71,7,0,0,0,0,0,0,0,0,0,38,3,31,3,1,0
710,9,0,0,0,0,0,0,0,0,0,38,3,37,3,0,0
711,7,0,0,0,0,0,0,0,0,0,28,2,25,2,1,0
712,12,0,0,0,0,0,0,0,0,0,34,2,30,1,1,0
713,5,0,0,0,0,0,0,0,0,0,32,2,29,0,0,0
714,12,0,0,0,0,0,0,0,0,0,33,1,32,1,0,0
715,7,0,0,0,0,0,0,0,0,0,38,3,33,3,2,1
716,14,0,0,0,0,0,0,0,0,0,36,1,33,1,1,0
717,9,0,0,0,0,0,0,0,0,0,34,3,30,3,2,1
718,6,0,0,0,0,0,0,0,0,0,34,2,32,0,0,0
719,9,0,0,0,0,0,0,0,0,0,39,0,36,0,0,0
72,8,0,0,0,0,0,0,0,0,0,44,1,38,0,0,0
720,9,0,0,0,0,0,0,0,0,0,43,4,43,2,1,0
721,6,0,0,0,0,0,0,0,0,0,31,1,26,1,0,0
722,8,0,0,0,0,0,0,0,0,0,27,2,20,2,2,2
723,10,0,0,0,0,0,0,0,0,0,46,4,42,2,0,0
724,18,0,0,0,0,0,0,0,0,0,39,6,35,5,3,3
725,20,0,0,0,0,0,0,0,0,0,38,2,32,2,1,0
726,15,0,0,0,0,0,0,0,0,0,47,4,45,3,1,1
727,10,0,0,0,0,0,0,0,0,0,37,4,33,4,3,3
728,10,0,0,0,0,0,0,0,0,0,40,3,35,2,1,1
729,8,0,0,0,0,0,0,0,0,0,43,4,39,3,3,3
73,1,0,0,0,0,0,0,0,0,0,47,4,40,0,0,0
730,12,0,0,0,0,0,0,0,0,0,25,1,21,0,0,0
731,11,0,0,0,0,0,0,0,0,0,44,3,39,2,1,1
732,17,0,0,0,0,0,0,0,0,0,31,1,28,0,0,0
733,5,0,0,0,0,0,0,0,0,0,37,2,32,2,1,1
734,8,0,0,0,0,0,0,0,0,0,38,2,34,0,0,0
735,10,0,0,0,0,0,0,0,0,0,32,2,28,1,0,0
736,7,0,0,0,0,0,0,0,0,0,36,2,33,2,0,0
737,6,0,0,0,0,0,0,0,0,0,32,2,31,2,2,2
738,5,0,0,0,0,0,0,0,0,0,37,4,32,4,2,2
739,13,0,0,0,0,0,0,0,0,0,41,2,36,2,0,0
74,10,0,0,0,0,0,0,0,0,0,21,0,18,0,0,0
740,10,0,0,0,0,0,0,0,0,0,37,2,33,1,1,0
741,12,0,0,0,0,0,0,0,0,0,38,3,38,3,2,0
742,11,0,0,0,0,0,0,0,0,0,27,1,26,1,1,0
743,8,0,0,0,0,0,0,0,0,0,33,4,26,3,2,2
744,8,0,0,0,0,0,0,0,0,0,46,5,41,3,1,1
745,8,0,0,0,0,0,0,0,0,0,33,2,26,2,2,1
746,9,0,0,0,0,0,0,0,0,0,43,1,37,1,0,0
747,4,0,0,0,0,0,0,0,0,0,32,3,27,2,0,0
748,11,0,0,0,0,0,0,0,0,0,34,3,30,3,2,1
749,13,0,0,0,0,0,0,0,0,0,35,4,29,4,2,2
75,13,0,0,0,0,0,0,0,0,0,43,4,38,1,1,1
750,6,0,0,0,0,0,0,0,0,0,37,2,33,2,0,0
751,11,0,0,0,0,0,0,0,0,0,37,0,31,0,0,0
752,10,0,0,0,0,0,0,0,0,0,40,3,33,3,2,2
753,8,0,0,0,0,0,0,0,0,0,34,0,28,0,0,0
754,8,0,0,0,0,0,0,0,0,0,32,0,26,0,0,0
755,8,0,0,0,0,0,0,0,0,0,39,2,36,2,2,1
756,5,0,0,0,0,0,0,0,0,0,45,4,41,4,3,3
757,13,0,0,0,0,0,0,0,0,0,43,2,35,1,0,0
758,8,0,0,0,0,0,0,0,0,0,33,1,30,1,1,1
759,13,0,0,0,0,0,0,0,0,0,46,6,40,2,1,1
76,8,0,0,0,0,0,0,0,0,0,37,4,33,4,2,2
760,15,0,0,0,0,0,0,0,0,0,38,3,37,3,2,1
761,12,0,0,0,0,0,0,0,0,0,31,3,26,2,0,0
762,13,0,0,0,0,0,0,0,0,0,46,4,42,4,1,1
763,15,0,0,0,0,0,0,0,0,0,43,4,41,2,0,0
764,15,0,0,0,0,0,0,0,0,0,27,1,24,0,0,0
765,5,0,0,0,0,0,0,0,0,0,30,1,27,1,1,1
766,12,0,0,0,0,0,0,0,0,0,34,2,29,1,0,0
767,8,0,0,0,0,0,0,0,0,0,47,2,43,1,1,1
768,8,0,0,0,0,0,0,0,0,0,40,2,34,1,1,1
769,9,0,0,0,0,0,0,0,0,0,32,5,30,1,1,1
77,10,0,0,0,0,0,0,0,0,0,39,0,32,0,0,0
770,7,0,0,0,0,0,0,0,0,0,37,2,32,2,1,1
771,7,0,0,0,0,0,0,0,0,0,39,6,31,4,2,2
772,16,0,0,0,0,0,0,0,0,0,47,3,43,3,1,1
773,13,0,0,0,0,0,0,0,0,0,34,1,33,0,0,0
774,10,0,0,0,0,0,0,0,0,0,31,0,29,0,0,0
775,7,0,0,0,0,0,0,0,0,0,37,4,31,4,4,3
776,10,0,0,0,0,0,0,0,0,0,41,1,37,0,0,0
777,4,0,0,0,0,0,0,0,0,0,39,2,36,2,1,1
778,6,0,0,0,0,0,0,0,0,0,40,1,35,1,0,0
779,7,0,0,0,0,0,0,0,0,0,31,2,28,1,0,0
78,6,0,0,0,0,0,0,0,0,0,34,4,28,4,2,2
780,6,0,0,0,0,0,0,0,0,0,26,3,25,2,1,1
781,8,0,0,0,0,0,0,0,0,0,44,2,37,2,1,0
782,14,0,0,0,0,0,0,0,0,0,38,1,35,1,0,0
783,6,0,0,0,0,0,0,0,0,0,35,2,30,2,0,0
784,8,0,0,0,0,0,0,0,0,0,28,0,26,0,0,0
785,8,0,0,0,0,0,0,0,0,0,47,3,42,3,2,2
786,9,0,0,0,0,0,0,0,0,0,38,2,33,2,1,1
787,7,0,0,0,0,0,0,0,0,0,45,4,38,4,0,0
788,7,0,0,0,0,0,0,0,0,0,46,2,42,2,1,1
789,9,0,0,0,0,0,0,0,0,0,37,1,33,1,1,0
79,15,0,0,0,0,0,0,0,0,0,29,1,28,1,0,0
790,14,0,0,0,0,0,0,0,0,0,31,3,26,3,3,3
791,11,0,0,0,0,0,0,0,0,0,36,1,32,1,0,0
792,14,0,0,0,0,0,0,0,0,0,40,3,36,2,2,2
793,8,0,0,0,0,0,0,0,0,0,27,1,26,1,0,0
794,14,0,0,0,0,0,0,0,0,0,38,3,32,2,0,0
795,11,0,0,0,0,0,0,0,0,0,34,1,28,1,1,0
796,10,0,0,0,0,0,0,0,0,0,38,5,34,3,0,0
797,9,0,0,0,0,0,0,0,0,0,38,1,35,1,0,0
798,10,0,0,0,0,0,0,0,0,0,23,0,21,0,0,0
799,9,0,0,0,0,0,0,0,0,0,38,2,33,1,1,1
8,9,0,0,0,0,0,0,0,0,0,34,1,33,1,1,1
80,7,0,0,0,0,0,0,0,0,0,38,1,35,1,1,1
800,10,0,0,0,0,0,0,0,0,0,29,7,29,4,2,2
801,16,0,0,0,0,0,0,0,0,0,32,1,29,1,1,1
802,8,0,0,0,0,0,0,0,0,0,37,3,33,2,0,0
803,13,0,0,0,0,0,0,0,0,0,41,3,35,3,1,1
804,6,0,0,0,0,0,0,0,0,0,25,2,21,2,2,2
805,11,0,0,0,0,0,0,0,0,0,33,1,31,0,0,0
806,7,0,0,0,0,0,0,0,0,0,36,3,30,2,1,1
807,8,0,0,0,0,0,0,0,0,0,35,3,33,3,1,1
808,10,0,0,0,0,0,0,0,0,0,34,0,27,0,0,0
809,12,0,0,0,0,0,0,0,0,0,36,2,31,2,1,1
81,6,0,0,0,0,0,0,0,0,0,30,2,28,1,1,1
810,4,0,0,0,0,0,0,0,0,0,35,3,31,2,1,1
811,7,0,0,0,0,0,0,0,0,0,32,1,29,0,0,0
812,8,0,0,0,0,0,0,0,0,0,47,1,45,0,0,0
813,5,0,0,0,0,0,0,0,0,0,33,2,29,1,0,0
814,8,0,0,0,0,0,0,0,0,0,26,2,25,2,0,0
815,7,0,0,0,0,0,0,0,0,0,38,1,34,1,0,0
816,8,0,0,0,0,0,0,0,0,0,31,2,29,2,0,0
817,9,0,0,0,0,0,0,0,0,0,30,2,23,1,0,0
818,7,0,0,0,0,0,0,0,0,0,39,1,34,0,0,0
819,12,0,0,0,0,0,0,0,0,0,33,4,27,4,0,0
82,9,0,0,0,0,0,0,0,0,0,33,5,31,5,3,2
820,6,0,0,0,0,0,0,0,0,0,42,2,38,2,0,0
821,7,0,0,0,0,0,0,0,0,0,25,3,22,2,1,0
822,11,0,0,0,0,0,0,0,0,0,45,1,38,1,1,1
823,11,0,0,0,0,0,0,0,0,0,33,1,29,1,1,1
824,12,0,0,0,0,0,0,0,0,0,47,5,41,5,3,2
825,11,0,0,0,0,0,0,0,0,0,35,3,30,2,2,2
826,9,0,0,0,0,0,0,0,0,0,33,1,31,1,0,0
827,8,0,0,0,0,0,0,0,0,0,34,2,28,2,2,2
828,11,0,0,0,0,0,0,0,0,0,35,3,32,2,1,1
829,7,0,0,0,0,0,0,0,0,0,27,2,23,2,0,0
83,10,0,0,0,0,0,0,0,0,0,25,2,20,2,0,0
830,9,0,0,0,0,0,0,0,0,0,37,2,33,2,2,2
831,11,0,0,0,0,0,0,0,0,0,46,3,37,3,2,1
832,10,0,0,0,0,0,0,0,0,0,41,1,37,0,0,0
833,10,0,0,0,0,0,0,0,0,0,43,7,41,5,2,1
834,11,0,0,0,0,0,0,0,0,0,52,4,48,4,2,1
835,6,0,0,0,0,0,0,0,0,0,41,2,33,2,1,1
836,10,0,0,0,0,0,0,0,0,0,34,0,31,0,0,0
837,8,0,0,0,0,0,0,0,0,0,40,4,37,2,0,0
838,9,0,0,0,0,0,0,0,0,0,39,4,37,4,1,1
839,11,0,0,0,0,0,0,0,0,0,57,0,50,0,0,0
84,9,0,0,0,0,0,0,0,0,0,34,3,31,3,2,2
840,8,0,0,0,0,0,0,0,0,0,42,0,38,0,0,0
841,3,0,0,0,0,0,0,0,0,0,34,3,32,1,0,0
842,11,0,0,0,0,0,0,0,0,0,19,0,16,0,0,0
843,13,0,0,0,0,0,0,0,0,0,45,2,43,2,1,1
844,8,0,0,0,0,0,0,0,0,0,46,6,35,5,4,4
845,13,0,0,0,0,0,0,0,0,0,32,2,26,2,0,0
846,5,0,0,0,0,0,0,0,0,0,29,2,27,2,1,1
847,13,0,0,0,0,0,0,0,0,0,47,4,41,2,1,1
848,8,0,0,0,0,0,0,0,0,0,36,4,32,3,2,1
849,12,0,0,0,0,0,0,0,0,0,48,5,44,3,2,1
85,15,0,0,0,0,0,0,0,0,0,32,1,30,1,1,1
850,13,0,0,0,0,0,0,0,0,0,27,2,22,1,1,1
851,8,0,0,0,0,0,0,0,0,0,35,3,29,1,1,1
852,9,0,0,0,0,0,0,0,0,0,37,2,32,1,0,0
853,10,0,0,0,0,0,0,0,0,0,51,2,44,1,0,0
854,7,0,0,0,0,0,0,0,0,0,38,2,34,2,1,0
855,7,0,0,0,0,0,0,0,0,0,45,6,38,3,1,1
856,11,0,0,0,0,0,0,0,0,0,41,2,34,2,2,2
857,11,0,0,0,0,0,0,0,0,0,41,4,39,3,1,1
858,10,0,0,0,0,0,0,0,0,0,38,2,31,1,1,1
859,7,0,0,0,0,0,0,0,0,0,42,1,41,1,0,0
86,9,0,0,0,0,0,0,0,0,0,36,4,33,4,1,1
860,12,0,0,0,0,0,0,0,0,0,38,0,32,0,0,0
861,8,0,0,0,0,0,0,0,0,0,38,4,35,4,2,2
862,10,0,0,0,0,0,0,0,0,0,34,0,25,0,0,0
863,10,0,0,0,0,0,0,0,0,0,41,1,35,1,1,0
864,5,0,0,0,0,0,0,0,0,0,34,1,31,1,0,0
865,6,0,0,0,0,0,0,0,0,0,43,2,35,1,0,0
866,7,0,0,0,0,0,0,0,0,0,28,2,26,2,2,2
867,13,0,0,0,0,0,0,0,0,0,52,1,49,1,1,1
868,8,0,0,0,0,0,0,0,0,0,50,2,45,2,2,2
869,9,0,0,0,0,0,0,0,0,0,37,2,35,2,1,1
87,12,0,0,0,0,0,0,0,0,0,32,0,29,0,0,0
870,7,0,0,0,0,0,0,0,0,0,37,2,32,1,0,0
871,6,0,0,0,0,0,0,0,0,0,35,0,31,0,0,0
872,9,0,0,0,0,0,0,0,0,0,40,0,34,0,0,0
873,18,0,0,0,0,0,0,0,0,0,49,5,48,5,2,2
874,11,0,0,0,0,0,0,0,0,0,40,3,36,3,1,1
875,12,0,0,0,0,0,0,0,0,0,37,3,32,2,0,0
876,9,0,0,0,0,0,0,0,0,0,43,2,38,2,1,1
877,11,0,0,0,0,0,0,0,0,0,32,0,31,0,0,0
878,11,0,0,0,0,0,0,0,0,0,39,2,32,1,0,0
879,14,0,0,0,0,0,0,0,0,0,40,4,38,4,4,3
88,5,0,0,0,0,0,0,0,0,0,35,2,31,2,1,1
880,6,0,0,0,0,0,0,0,0,0,19,1,18,1,0,0
881,5,0,0,0,0,0,0,0,0,0,34,2,28,2,0,0
882,11,0,0,0,0,0,0,0,0,0,42,4,36,4,1,1
883,8,0,0,0,0,0,0,0,0,0,28,2,27,0,0,0
884,10,0,0,0,0,0,0,0,0,0,40,4,36,3,2,2
885,10,0,0,0,0,0,0,0,0,0,43,3,40,3,0,0
886,10,0,0,0,0,0,0,0,0,0,40,6,36,2,2,2
887,7,0,0,0,0,0,0,0,0,0,41,2,39,2,1,0
888,8,0,0,0,0,0,0,0,0,0,31,2,26,2,2,2
889,5,0,0,0,0,0,0,0,0,0,36,1,32,1,0,0
89,8,0,0,0,0,0,0,0,0,0,34,3,29,3,2,1
890,13,0,0,0,0,0,0,0,0,0,42,0,34,0,0,0
891,7,0,0,0,0,0,0,0,0,0,43,3,41,3,3,2
892,8,0,0,0,0,0,0,0,0,0,38,1,34,1,1,1
893,4,0,0,0,0,0,0,0,0,0,37,1,34,0,0,0
894,8,0,0,0,0,0,0,0,0,0,44,0,37,0,0,0
895,6,0,0,0,0,0,0,0,0,0,41,4,37,4,2,1
896,9,0,0,0,0,0,0,0,0,0,25,0,22,0,0,0
897,12,0,0,0,0,0,0,0,0,0,41,1,40,0,0,0
898,5,0,0,0,0,0,0,0,0,0,40,4,36,3,2,1
899,8,0,0,0,0,0,0,0,0,0,32,1,25,1,0,0
9,5,0,0,0,0,0,0,0,0,0,39,1,33,1,0,0
90,11,0,0,0,0,0,0,0,0,0,36,3,33,1,1,1
900,14,0,0,0,0,0,0,0,0,0,43,4,41,2,0,0
901,12,0,0,0,0,0,0,0,0,0,48,3,45,1,0,0
902,11,0,0,0,0,0,0,0,0,0,37,0,34,0,0,0
903,8,0,0,0,0,0,0,0,0,0,39,0,35,0,0,0
904,5,0,0,0,0,0,0,0,0,0,46,3,42,2,0,0
905,7,0,0,0,0,0,0,0,0,0,32,1,24,1,0,0
906,10,0,0,0,0,0,0,0,0,0,37,4,36,3,1,1
907,13,0,0,0,0,0,0,0,0,0,44,6,41,6,3,2
908,7,0,0,0,0,0,0,0,0,0,33,2,26,1,0,0
909,9,0,0,0,0,0,0,0,0,0,33,5,32,4,2,2
91,7,0,0,0,0,0,0,0,0,0,31,1,27,1,1,1
910,10,0,0,0,0,0,0,0,0,0,48,1,42,1,0,0
911,7,0,0,0,0,0,0,0,0,0,27,1,24,1,0,0
912,11,0,0,0,0,0,0,0,0,0,35,3,33,3,1,1
913,13,0,0,0,0,0,0,0,0,0,33,4,32,3,2,1
914,10,0,0,0,0,0,0,0,0,0,32,2,29,0,0,0
915,4,0,0,0,0,0,0,0,0,0,34,1,25,1,1,1
916,8,0,0,0,0,0,0,0,0,0,40,3,36,2,1,0
917,4,0,0,0,0,0,0,0,0,0,35,2,32,2,0,0
918,9,0,0,0,0,0,0,0,0,0,26,0,24,0,0,0
919,11,0,0,0,0,0,0,0,0,0,38,2,33,2,1,1
92,10,0,0,0,0,0,0,0,0,0,42,3,38,3,1,1
920,9,0,0,0,0,0,0,0,0,0,33,1,30,0,0,0
921,5,0,0,0,0,0,0,0,0,0,38,2,33,2,1,1
922,6,0,0,0,0,0,0,0,0,0,46,3,38,2,0,0
923,10,0,0,0,0,0,0,0,0,0,38,2,35,1,0,0
924,6,0,0,0,0,0,0,0,0,0,34,5,28,3,2,2
925,8,0,0,0,0,0,0,0,0,0,36,1,35,1,1,0
926,11,0,0,0,0,0,0,0,0,0,35,0,33,0,0,0
927,17,0,0,0,0,0,0,0,0,0,48,3,44,3,2,1
928,12,0,0,0,0,0,0,0,0,0,35,5,31,3,3,2
929,12,0,0,0,0,0,0,0,0,0,39,2,32,1,0,0
93,4,0,0,0,0,0,0,0,0,0,35,1,31,1,0,0
930,11,0,0,0,0,0,0,0,0,0,25,1,20,1,1,0
931,6,0,0,0,0,0,0,0,0,0,36,4,33,3,2,1
932,9,0,0,0,0,0,0,0,0,0,35,0,30,0,0,0
933,9,0,0,0,0,0,0,0,0,0,43,3,41,3,0,0
934,10,0,0,0,0,0,0,0,0,0,42,4,38,4,0,0
935,13,0,0,0,0,0,0,0,0,0,38,2,36,1,0,0
936,12,0,0,0,0,0,0,0,0,0,39,5,36,4,4,4
937,16,0,0,0,0,0,0,0,0,0,43,5,38,4,2,2
938,9,0,0,0,0,0,0,0,0,0,39,4,38,2,2,1
939,8,0,0,0,0,0,0,0,0,0,30,1,27,0,0,0
94,13,0,0,0,0,0,0,0,0,0,33,4,32,3,1,1
940,6,0,0,0,0,0,0,0,0,0,33,3,30,3,2,2
941,10,0,0,0,0,0,0,0,0,0,32,2,28,1,1,1
942,11,0,0,0,0,0,0,0,0,0,44,4,42,3,0,0
943,7,0,0,0,0,0,0,0,0,0,34,1,26,1,1,1
944,10,0,0,0,0,0,0,0,0,0,31,4,28,2,2,2
945,11,0,0,0,0,0,0,0,0,0,27,3,26,2,2,1
946,13,0,0,0,0,0,0,0,0,0,33,0,29,0,0,0
947,14,0,0,0,0,0,0,0,0,0,40,1,34,1,1,1
948,10,0,0,0,0,0,0,0,0,0,43,3,37,1,1,0
949,11,0,0,0,0,0,0,0,0,0,34,1,30,1,0,0
95,9,0,0,0,0,0,0,0,0,0,38,1,35,1,1,1
950,8,0,0,0,0,0,0,0,0,0,38,3,33,3,0,0
951,8,0,0,0,0,0,0,0,0,0,40,4,37,2,1,1
952,11,0,0,0,0,0,0,0,0,0,32,3,27,2,1,1
953,7,0,0,0,0,0,0,0,0,0,40,2,36,1,1,1
954,10,0,0,0,0,0,0,0,0,0,50,2,46,1,1,1
955,10,0,0,0,0,0,0,0,0,0,30,3,26,2,2,2
956,12,0,0,0,0,0,0,0,0,0,39,3,36,0,0,0
957,6,0,0,0,0,0,0,0,0,0,32,2,26,2,1,1
958,3,0,0,0,0,0,0,0,0,0,36,1,31,1,0,0
959,10,0,0,0,0,0,0,0,0,0,39,5,34,3,1,1
96,6,0,0,0,0,0,0,0,0,0,40,1,35,1,0,0
960,15,0,0,0,0,0,0,0,0,0,34,0,29,0,0,0
961,12,0,0,0,0,0,0,0,0,0,35,2,30,1,0,0
962,12,0,0,0,0,0,0,0,0,0,39,1,34,1,0,0
963,7,0,0,0,0,0,0,0,0,0,35,2,31,1,0,0
964,7,0,0,0,0,0,0,0,0,0,36,3,32,3,2,2
965,18,0,0,0,0,0,0,0,0,0,30,4,28,3,0,0
966,6,0,0,0,0,0,0,0,0,0,32,4,31,3,0,0
967,6,0,0,0,0,0,0,0,0,0,32,2,29,0,0,0
968,14,0,0,0,0,0,0,0,0,0,32,3,27,2,2,2
969,7,0,0,0,0,0,0,0,0,0,36,1,31,1,0,0
97,3,0,0,0,0,0,0,0,0,0,26,1,23,1,1,1
970,9,0,0,0,0,0,0,0,0,0,42,2,38,2,1,1
971,6,0,0,0,0,0,0,0,0,0,34,2,30,2,1,0
972,14,0,0,0,0,0,0,0,0,0,47,8,40,6,4,4
973,6,0,0,0,0,0,0,0,0,0,31,4,24,2,1,1
974,9,0,0,0,0,0,0,0,0,0,36,2,33,2,2,2
975,6,0,0,0,0,0,0,0,0,0,35,1,31,1,0,0
976,9,0,0,0,0,0,0,0,0,0,30,1,24,1,1,1
977,4,0,0,0,0,0,0,0,0,0,40,2,31,1,0,0
978,12,0,0,0,0,0,0,0,0,0,29,4,25,3,3,2
979,7,0,0,0,0,0,0,0,0,0,36,0,33,0,0,0
98,7,0,0,0,0,0,0,0,0,0,35,3,31,3,2,2
980,6,0,0,0,0,0,0,0,0,0,47,3,39,3,2,2
981,16,0,0,0,0,0,0,0,0,0,42,2,39,2,1,1
982,8,0,0,0,0,0,0,0,0,0,36,0,28,0,0,0
983,11,0,0,0,0,0,0,0,0,0,29,1,25,1,1,0
984,15,0,0,0,0,0,0,0,0,0,42,1,41,0,0,0
985,8,0,0,0,0,0,0,0,0,0,30,1,27,1,1,1
986,9,0,0,0,0,0,0,0,0,0,32,1,26,0,0,0
987,11,0,0,0,0,0,0,0,0,0,50,5,44,5,4,4
988,10,0,0,0,0,0,0,0,0,0,41,3,37,2,2,2
989,13,0,0,0,0,0,0,0,0,0,31,1,27,1,1,1
99,10,0,0,0,0,0,0,0,0,0,40,4,34,4,1,0
990,9,0,0,0,0,0,0,0,0,0,36,2,31,2,0,0
991,6,0,0,0,0,0,0,0,0,0,36,2,34,2,0,0
992,13,0,0,0,0,0,0,0,0,0,41,4,33,3,2,2
993,13,0,0,0,0,0,0,0,0,0,36,2,33,2,2,2
994,12,0,0,0,0,0,0,0,0,0,44,2,39,1,1,1
995,10,0,0,0,0,0,0,0,0,0,35,0,27,0,0,0
996,8,0,0,0,0,0,0,0,0,0,51,1,49,1,0,0
997,8,0,0,0,0,0,0,0,0,0,29,2,24,1,0,0
998,5,0,0,0,0,0,0,0,0,0,41,1,38,1,1,1
999,13,0,0,0,0,0,0,0,0,0,42,5,35,5,3,3