"","r1","r10","r2","r3","r4","r5","r6","r7","r8","r9","s1","s2","s3","s4","s5","s6","cluster"
"1",12,0,0,0,0,0,0,0,0,0,35,3,33,3,2,0,1
"10",10,0,0,0,0,0,0,0,0,0,38,1,33,1,0,0,1
"100",11,0,0,0,0,0,0,0,0,0,32,3,29,2,1,1,1
"1000",2,0,18,0,0,0,0,0,0,0,34,2,31,2,2,2,2
"1001",4,0,6,0,0,20,0,0,0,0,0,0,0,0,0,0,3
"1002",0,0,0,0,0,18,0,0,0,0,0,0,0,0,0,0,3
"1003",6,0,16,0,0,0,0,0,0,0,0,0,0,0,0,0,4
"1004",4,0,14,0,0,0,0,0,0,0,0,0,0,0,0,0,4
"1005",0,0,0,2,0,16,0,0,0,0,0,0,0,0,0,0,5
"1006",2,0,0,6,0,8,0,0,0,0,0,0,0,0,0,0,6
"1007",4,0,4,0,0,0,8,0,0,0,0,0,0,0,0,0,7
"1008",4,0,0,0,0,2,14,0,0,0,0,0,0,0,0,0,1
"1009",0,22,0,0,0,0,0,0,0,0,0,0,0,0,0,0,1
"101",6,0,0,0,0,0,0,0,0,0,50,2,44,2,2,2,1
"1010",2,0,0,0,0,10,0,0,0,0,0,0,0,0,0,0,3
"1011",2,0,0,0,0,0,14,0,0,0,0,0,0,0,0,0,6
"1012",2,0,24,0,0,0,0,0,0,0,0,0,0,0,0,0,4
"1013",0,0,14,0,0,0,0,0,0,0,0,0,0,0,0,0,4
"1014",2,0,24,0,0,0,0,0,0,0,0,0,0,0,0,0,4
"1015",4,0,14,0,0,0,0,0,0,0,0,0,0,0,0,0,4
"1016",4,0,12,0,0,0,0,0,0,0,0,0,0,0,0,0,4
"1017",6,0,0,0,0,10,0,0,0,0,0,0,0,0,0,0,8
"1018",6,0,0,20,0,0,0,0,0,0,0,0,0,0,0,0,1
"1019",2,0,10,0,0,0,0,0,0,0,0,0,0,0,0,0,4
"102",10,0,0,0,0,0,0,0,0,0,32,0,29,0,0,0,1
"1020",4,0,0,0,0,4,12,0,0,0,0,0,0,0,0,0,9
"1021",0,0,12,0,0,0,0,0,0,0,0,0,0,0,0,0,4
"1022",0,0,0,0,0,0,0,12,0,0,0,0,0,0,0,0,1
"1023",4,0,0,0,0,10,0,0,0,0,0,0,0,0,0,0,3
"1024",6,0,6,0,0,0,2,0,0,0,0,0,0,0,0,0,10
"1025",6,0,0,0,0,14,0,0,0,0,0,0,0,0,0,0,3
"1026",8,0,22,0,0,0,0,0,0,0,0,0,0,0,0,0,4
"1027",0,10,0,0,0,0,0,0,0,0,0,0,0,0,0,0,1
"1028",0,0,0,0,0,0,16,0,0,0,0,0,0,0,0,0,6
"1029",0,0,0,0,0,16,0,0,0,0,0,0,0,0,0,0,3
"103",8,0,0,0,0,0,0,0,0,0,33,1,30,0,0,0,1
"1030",4,0,14,0,0,0,0,0,0,0,0,0,0,0,0,0,4
"1031",0,0,0,0,0,8,0,0,0,0,0,0,0,0,0,0,3
"1032",2,0,16,0,0,4,0,0,0,0,0,0,0,0,0,0,9
"1033",0,0,0,12,0,0,0,0,0,0,0,0,0,0,0,0,1
"1034",6,0,24,0,0,0,0,0,0,0,0,0,0,0,0,0,4
"1035",2,0,0,0,0,14,0,0,0,0,0,0,0,0,0,0,3
"1036",6,0,0,0,0,6,0,0,0,0,0,0,0,0,0,0,8
"1037",0,0,16,0,0,0,0,0,0,0,0,0,0,0,0,0,4
"1038",2,0,16,0,0,2,0,0,0,0,0,0,0,0,0,0,4
"1039",12,0,0,0,0,22,0,0,0,0,0,0,0,0,0,0,3
"104",12,0,0,0,0,0,0,0,0,0,23,3,21,1,1,1,1
"1040",0,0,16,0,0,0,0,0,0,0,0,0,0,0,0,0,4
"1041",8,0,14,0,0,0,0,0,0,0,0,0,0,0,0,0,4
"1042",2,0,6,0,0,18,0,0,0,0,0,0,0,0,0,0,3
"1043",2,0,16,0,0,0,0,0,0,0,0,0,0,0,0,0,4
"1044",4,0,10,0,0,16,0,0,0,0,0,0,0,0,0,0,3
"1045",4,0,0,0,0,18,0,0,0,0,0,0,0,0,0,0,3
"1046",6,0,12,0,0,0,0,0,0,0,0,0,0,0,0,0,4
"1047",2,0,0,0,0,18,0,0,0,0,0,0,0,0,0,0,3
"1048",2,0,0,0,0,20,0,0,0,0,0,0,0,0,0,0,3
"1049",2,0,0,0,0,0,16,0,0,0,0,0,0,0,0,0,6
"105",10,0,0,0,0,0,0,0,0,0,25,0,21,0,0,0,1
"1050",2,0,18,0,0,0,0,0,0,0,0,0,0,0,0,0,4
"1051",0,0,0,0,8,0,0,0,0,0,0,0,0,0,0,0,11
"1052",2,0,14,0,0,0,0,0,0,0,0,0,0,0,0,0,4
"1053",0,0,4,0,0,18,0,0,0,0,0,0,0,0,0,0,3
"1054",2,0,0,0,0,22,0,0,0,0,0,0,0,0,0,0,3
"1055",4,0,0,0,0,24,0,0,0,0,0,0,0,0,0,0,3
"1056",2,0,8,0,0,0,0,0,0,0,0,0,0,0,0,0,4
"1057",6,0,12,0,0,0,0,0,0,0,0,0,0,0,0,0,4
"1058",2,0,14,0,0,0,0,0,0,0,0,0,0,0,0,0,4
"1059",0,0,14,0,0,0,0,0,0,0,0,0,0,0,0,0,4
"106",6,0,0,0,0,0,0,0,0,0,34,3,27,1,0,0,1
"1060",2,0,0,0,0,0,18,0,0,0,0,0,0,0,0,0,6
"1061",4,0,6,0,0,0,0,0,0,0,0,0,0,0,0,0,4
"1062",8,0,18,0,0,0,0,0,0,0,0,0,0,0,0,0,4
"1063",0,0,0,4,0,12,0,0,0,0,0,0,0,0,0,0,12
"1064",0,0,0,10,0,0,0,0,0,0,0,0,0,0,0,0,1
"1065",2,0,4,0,0,14,0,0,0,0,0,0,0,0,0,0,3
"1066",0,0,0,0,0,14,0,0,0,0,0,0,0,0,0,0,3
"1067",4,0,0,22,0,0,0,0,0,0,0,0,0,0,0,0,1
"1068",0,0,14,0,0,2,0,0,0,0,0,0,0,0,0,0,4
"1069",4,0,0,10,0,0,0,0,0,0,0,0,0,0,0,0,1
"107",17,0,0,0,0,0,0,0,0,0,29,2,25,2,0,0,1
"1070",0,0,18,0,0,0,0,0,0,0,0,0,0,0,0,0,4
"1071",4,0,0,0,0,16,0,0,0,0,0,0,0,0,0,0,3
"1072",0,0,12,4,0,0,0,0,0,0,0,0,0,0,0,0,4
"1073",0,0,0,0,0,12,0,0,0,0,0,0,0,0,0,0,3
"1074",4,0,6,0,0,0,0,0,0,0,0,0,0,0,0,0,4
"1075",8,0,14,0,0,0,0,0,0,0,0,0,0,0,0,0,4
"1076",6,0,10,0,0,0,0,0,0,0,0,0,0,0,0,0,4
"1077",12,0,12,0,0,2,0,0,0,0,0,0,0,0,0,0,10
"1078",0,0,2,0,0,12,0,0,0,0,0,0,0,0,0,0,3
"1079",4,0,0,0,0,20,0,0,0,0,0,0,0,0,0,0,3
"108",6,0,0,0,0,0,0,0,0,0,38,3,36,2,2,2,1
"1080",2,0,8,0,0,0,0,0,0,0,0,0,0,0,0,0,4
"1081",0,0,4,0,0,4,0,0,0,0,0,0,0,0,0,0,13
"1082",0,0,0,0,0,20,0,0,0,0,0,0,0,0,0,0,3
"1083",2,0,10,0,0,0,0,0,0,0,0,0,0,0,0,0,4
"1084",4,0,24,0,0,0,0,0,0,0,0,0,0,0,0,0,4
"1085",4,0,6,0,0,10,0,0,0,0,0,0,0,0,0,0,2
"1086",6,0,4,2,0,10,0,0,0,0,0,0,0,0,0,0,14
"1087",4,0,10,8,0,0,0,0,0,0,0,0,0,0,0,0,15
"1088",6,0,0,0,0,18,0,0,0,0,0,0,0,0,0,0,3
"1089",0,0,0,0,0,18,0,0,0,0,0,0,0,0,0,0,3
"109",13,0,0,0,0,0,0,0,0,0,37,3,32,2,0,0,1
"1090",4,0,0,0,0,0,0,8,0,0,0,0,0,0,0,0,16
"1091",2,0,0,0,0,18,0,0,0,0,0,0,0,0,0,0,3
"1092",6,0,10,0,0,6,0,0,0,0,0,0,0,0,0,0,13
"1093",4,0,14,0,0,0,0,0,0,0,0,0,0,0,0,0,4
"1094",2,0,22,0,0,0,0,0,0,0,0,0,0,0,0,0,4
"1095",4,0,16,0,0,0,0,0,0,0,0,0,0,0,0,0,4
"1096",0,22,0,0,0,0,0,0,0,0,0,0,0,0,0,0,1
"1097",2,0,20,0,0,2,0,0,0,0,0,0,0,0,0,0,4
"1098",4,0,0,0,0,0,0,4,0,0,0,0,0,0,0,0,17
"1099",4,0,0,0,0,32,0,0,0,0,0,0,0,0,0,0,3
"11",11,0,0,0,0,0,0,0,0,0,33,3,29,2,0,0,1
"110",14,0,0,0,0,0,0,0,0,0,34,0,29,0,0,0,1
"1100",0,0,18,0,0,0,0,0,0,0,0,0,0,0,0,0,4
"1101",8,0,12,0,0,0,0,0,0,0,0,0,0,0,0,0,4
"1102",2,0,2,0,0,10,0,0,0,0,0,0,0,0,0,0,3
"1103",2,0,0,0,0,12,0,0,0,0,0,0,0,0,0,0,3
"1104",8,0,0,0,0,0,18,0,0,0,0,0,0,0,0,0,6
"1105",4,0,0,0,0,16,0,0,0,0,0,0,0,0,0,0,3
"1106",0,0,10,0,0,0,0,0,0,0,0,0,0,0,0,0,4
"1107",2,0,18,0,0,0,0,0,0,0,0,0,0,0,0,0,4
"1108",6,0,0,0,0,12,0,0,0,0,0,0,0,0,0,0,3
"1109",2,0,14,0,0,0,0,0,0,0,0,0,0,0,0,0,4
"111",14,0,0,0,0,0,0,0,0,0,39,0,37,0,0,0,1
"1110",2,0,0,0,0,20,0,0,0,0,0,0,0,0,0,0,3
"1111",2,0,0,0,0,24,0,0,0,0,0,0,0,0,0,0,3
"1112",2,0,0,0,0,0,14,0,0,0,0,0,0,0,0,0,6
"1113",2,0,0,0,0,0,0,0,14,0,0,0,0,0,0,0,16
"1114",2,0,8,0,0,0,0,0,0,0,0,0,0,0,0,0,4
"1115",6,0,0,0,0,20,0,0,0,0,0,0,0,0,0,0,3
"1116",2,0,0,0,0,0,0,0,10,0,0,0,0,0,0,0,16
"1117",8,0,8,0,0,4,0,0,0,0,0,0,0,0,0,0,10
"1118",2,0,4,0,0,16,0,0,0,0,0,0,0,0,0,0,3
"1119",6,6,14,0,0,0,0,0,0,0,0,0,0,0,0,0,18
"112",9,0,0,0,0,0,0,0,0,0,31,2,27,1,1,1,1
"1120",2,0,0,8,0,0,0,0,0,0,0,0,0,0,0,0,1
"1121",4,0,0,22,0,0,0,0,0,0,0,0,0,0,0,0,1
"1122",4,0,8,0,0,6,0,0,0,0,0,0,0,0,0,0,13
"1123",0,0,28,0,0,0,0,0,0,0,0,0,0,0,0,0,4
"1124",4,0,10,0,0,0,0,0,0,0,0,0,0,0,0,0,4
"1125",0,0,0,10,0,0,0,0,0,0,0,0,0,0,0,0,1
"1126",2,0,0,0,0,22,0,0,0,0,0,0,0,0,0,0,3
"1127",2,0,0,0,0,4,14,0,0,0,0,0,0,0,0,0,19
"1128",4,0,12,0,0,8,0,0,0,0,0,0,0,0,0,0,13
"1129",4,0,10,0,0,12,0,0,0,0,0,0,0,0,0,0,13
"113",6,0,0,0,0,0,0,0,0,0,31,2,26,2,0,0,1
"1130",2,0,0,0,0,0,8,0,0,0,0,0,0,0,0,0,6
"1131",4,0,18,0,0,0,0,0,0,0,0,0,0,0,0,0,4
"1132",0,0,14,0,0,0,0,0,0,0,0,0,0,0,0,0,4
"1133",4,0,0,0,0,14,0,0,0,0,0,0,0,0,0,0,3
"1134",0,0,18,0,0,0,0,0,0,0,0,0,0,0,0,0,4
"1135",0,0,0,0,0,0,18,0,0,0,0,0,0,0,0,0,6
"1136",4,0,20,0,0,0,0,0,0,0,0,0,0,0,0,0,4
"1137",0,0,14,0,0,0,0,0,0,0,0,0,0,0,0,0,4
"1138",2,0,0,0,0,20,0,0,0,0,0,0,0,0,0,0,3
"1139",0,0,0,0,0,8,0,0,0,0,0,0,0,0,0,0,3
"114",9,0,0,0,0,0,0,0,0,0,38,3,29,3,1,0,1
"1140",0,0,0,0,0,6,0,0,0,0,0,0,0,0,0,0,3
"1141",4,0,12,0,0,0,0,0,0,0,0,0,0,0,0,0,4
"1142",2,0,6,0,0,2,0,0,0,0,0,0,0,0,0,0,13
"1143",8,0,0,0,0,0,6,0,0,0,0,0,0,0,0,0,20
"1144",2,0,0,0,0,14,0,0,0,0,0,0,0,0,0,0,3
"1145",4,0,16,0,0,0,0,0,0,0,0,0,0,0,0,0,4
"1146",10,0,18,0,0,0,0,0,0,0,0,0,0,0,0,0,4
"1147",0,0,16,0,0,0,0,0,0,0,0,0,0,0,0,0,4
"1148",6,0,16,0,0,0,0,0,0,0,0,0,0,0,0,0,4
"1149",4,0,20,0,0,0,0,0,0,0,0,0,0,0,0,0,4
"115",8,0,0,0,0,0,0,0,0,0,31,3,26,2,1,1,1
"1150",4,0,0,0,0,20,0,0,0,0,0,0,0,0,0,0,3
"1151",0,0,12,0,0,0,0,0,0,0,0,0,0,0,0,0,4
"1152",2,0,10,0,0,6,0,0,0,0,0,0,0,0,0,0,13
"1153",2,0,0,4,0,30,0,0,0,0,0,0,0,0,0,0,21
"1154",4,0,0,0,0,34,0,0,0,0,0,0,0,0,0,0,3
"1155",4,0,20,0,0,0,0,0,0,0,0,0,0,0,0,0,4
"1156",0,0,10,0,0,0,0,0,0,0,0,0,0,0,0,0,4
"1157",0,0,12,0,0,0,0,0,0,0,0,0,0,0,0,0,4
"1158",2,0,8,0,0,0,0,0,0,0,0,0,0,0,0,0,4
"1159",4,0,10,0,0,10,0,0,0,0,0,0,0,0,0,0,13
"116",7,0,0,0,0,0,0,0,0,0,38,4,34,4,2,2,1
"1160",6,0,4,0,0,0,0,0,0,0,0,0,0,0,0,0,19
"1161",6,0,0,0,0,14,0,0,0,0,0,0,0,0,0,0,3
"1162",0,0,14,0,0,0,0,0,0,0,0,0,0,0,0,0,4
"1163",2,0,16,0,0,2,0,0,0,0,0,0,0,0,0,0,4
"1164",6,0,14,0,0,0,0,0,0,0,0,0,0,0,0,0,4
"1165",4,0,4,0,0,16,0,0,0,0,0,0,0,0,0,0,3
"1166",6,0,0,0,0,20,0,0,0,0,0,0,0,0,0,0,3
"1167",6,0,0,0,0,22,0,0,0,0,0,0,0,0,0,0,3
"1168",4,0,16,0,0,0,0,0,0,0,0,0,0,0,0,0,4
"1169",4,0,10,0,0,0,0,0,0,0,0,0,0,0,0,0,4
"117",11,0,0,0,0,0,0,0,0,0,43,3,38,3,3,2,1
"1170",2,0,0,0,0,18,0,0,0,0,0,0,0,0,0,0,3
"1171",4,0,20,0,0,0,0,0,0,2,0,0,0,0,0,0,22
"1172",6,0,6,0,0,0,0,0,10,0,0,0,0,0,0,0,1
"1173",2,0,8,0,0,0,0,0,0,0,0,0,0,0,0,0,4
"1174",0,0,0,0,0,12,0,0,0,0,0,0,0,0,0,0,3
"1175",4,0,10,0,0,0,0,0,0,0,0,0,0,0,0,0,4
"1176",6,0,2,0,0,10,0,0,0,0,0,0,0,0,0,0,2
"1177",2,0,0,0,0,14,0,0,0,0,0,0,0,0,0,0,3
"1178",0,0,14,0,0,6,0,0,0,0,0,0,0,0,0,0,9
"1179",6,0,0,0,0,0,0,12,0,0,0,0,0,0,0,0,16
"118",11,0,0,0,0,0,0,0,0,0,44,1,41,1,1,1,1
"1180",2,0,0,22,0,0,0,0,0,0,0,0,0,0,0,0,1
"1181",4,0,2,22,0,0,0,0,0,0,0,0,0,0,0,0,1
"1182",8,0,0,0,0,10,0,0,0,0,0,0,0,0,0,0,8
"1183",10,0,0,0,0,20,0,0,0,0,0,0,0,0,0,0,3
"1184",2,0,16,0,0,0,0,0,0,0,0,0,0,0,0,0,4
"1185",2,0,6,0,0,4,0,0,0,0,0,0,0,0,0,0,13
"1186",4,0,6,0,0,6,0,0,0,0,0,0,0,0,0,0,13
"1187",2,0,0,6,0,14,0,0,0,0,0,0,0,0,0,0,12
"1188",2,0,12,0,0,0,0,0,0,0,0,0,0,0,0,0,4
"1189",4,0,12,0,0,0,0,0,0,0,0,0,0,0,0,0,4
"119",12,0,0,0,0,0,0,0,0,0,45,1,36,1,1,1,1
"1190",2,0,2,0,0,18,0,0,0,0,0,0,0,0,0,0,3
"1191",2,0,8,0,0,8,0,0,0,0,0,0,0,0,0,0,13
"1192",4,0,0,0,0,0,18,0,0,0,0,0,0,0,0,0,6
"1193",2,0,0,8,0,0,0,0,0,0,0,0,0,0,0,0,1
"1194",6,0,14,0,0,0,0,0,0,0,0,0,0,0,0,0,4
"1195",4,0,14,0,0,0,0,0,0,0,0,0,0,0,0,0,4
"1196",4,0,18,0,0,0,0,0,0,0,0,0,0,0,0,0,4
"1197",8,0,0,0,0,6,0,0,0,0,0,0,0,0,0,0,8
"1198",2,0,16,0,0,0,0,0,0,0,0,0,0,0,0,0,4
"1199",2,0,0,0,0,16,0,0,0,0,0,0,0,0,0,0,3
"12",8,0,0,0,0,0,0,0,0,0,34,2,31,2,2,2,1
"120",5,0,0,0,0,0,0,0,0,0,22,3,21,1,0,0,1
"1200",0,0,20,0,0,0,0,0,0,0,0,0,0,0,0,0,4
"1201",2,0,20,0,0,0,0,0,0,0,0,0,0,0,0,0,4
"1202",0,0,14,0,0,0,0,0,0,0,0,0,0,0,0,0,4
"1203",0,0,16,0,0,0,0,0,0,0,0,0,0,0,0,0,4
"1204",0,0,0,0,0,8,0,0,0,0,0,0,0,0,0,0,3
"1205",6,0,0,0,0,16,0,0,0,0,0,0,0,0,0,0,3
"1206",0,0,0,10,0,0,0,0,0,0,0,0,0,0,0,0,1
"1207",2,0,0,6,0,0,0,0,0,0,0,0,0,0,0,0,1
"1208",2,0,16,0,0,0,0,0,0,0,0,0,0,0,0,0,4
"1209",0,0,14,0,0,0,0,0,0,0,0,0,0,0,0,0,4
"121",6,0,0,0,0,0,0,0,0,0,27,0,22,0,0,0,1
"1210",4,0,4,0,0,0,0,0,0,0,0,0,0,0,0,0,19
"1211",2,0,10,0,0,0,0,0,0,0,0,0,0,0,0,0,4
"1212",0,0,12,0,0,0,0,0,0,0,0,0,0,0,0,0,4
"1213",2,0,0,0,0,12,0,0,0,0,0,0,0,0,0,0,3
"1214",6,0,0,0,0,4,16,0,0,0,0,0,0,0,0,0,6
"1215",2,0,10,0,0,6,0,0,0,0,0,0,0,0,0,0,13
"1216",2,0,18,0,0,0,0,0,0,0,0,0,0,0,0,0,4
"1217",8,0,18,0,0,0,0,0,0,0,0,0,0,0,0,0,4
"1218",2,0,20,0,0,0,0,0,0,0,0,0,0,0,0,0,4
"1219",4,0,18,0,0,0,0,0,0,0,0,0,0,0,0,0,4
"122",11,0,0,0,0,0,0,0,0,0,32,0,32,0,0,0,1
"1220",4,0,0,0,0,22,0,0,0,0,0,0,0,0,0,0,3
"1221",4,0,6,0,0,0,16,0,0,0,0,0,0,0,0,0,6
"1222",2,0,0,0,16,0,0,0,0,0,0,0,0,0,0,0,11
"1223",2,0,18,0,0,0,0,0,0,0,0,0,0,0,0,0,4
"1224",4,0,0,0,0,16,0,0,0,0,0,0,0,0,0,0,3
"1225",6,0,2,0,0,14,0,0,0,0,0,0,0,0,0,0,3
"1226",2,0,2,6,0,2,0,0,0,0,0,0,0,0,0,0,23
"1227",2,0,0,22,0,0,0,0,0,0,0,0,0,0,0,0,1
"1228",0,0,16,0,0,0,0,0,0,0,0,0,0,0,0,0,4
"1229",10,0,0,0,0,24,0,0,0,0,0,0,0,0,0,0,3
"123",7,0,0,0,0,0,0,0,0,0,40,2,33,2,0,0,1
"1230",2,0,26,0,0,0,0,0,0,0,0,0,0,0,0,0,4
"1231",2,0,12,0,0,0,0,0,0,0,0,0,0,0,0,0,4
"1232",2,0,18,0,0,0,0,0,0,0,0,0,0,0,0,0,4
"1233",2,0,0,0,0,16,0,0,0,0,0,0,0,0,0,0,3
"1234",6,0,0,0,0,20,0,0,0,0,0,0,0,0,0,0,3
"1235",0,0,0,0,0,0,8,0,0,0,0,0,0,0,0,0,6
"1236",4,0,12,0,0,0,0,0,0,0,0,0,0,0,0,0,4
"1237",0,0,2,0,0,12,0,0,0,0,0,0,0,0,0,0,3
"1238",2,0,0,18,0,0,0,0,0,0,0,0,0,0,0,0,1
"1239",2,0,14,0,0,10,0,0,0,0,0,0,0,0,0,0,13
"124",12,0,0,0,0,0,0,0,0,0,41,3,37,1,0,0,1
"1240",2,0,18,0,0,0,0,0,0,0,0,0,0,0,0,0,4
"1241",0,0,30,0,0,0,0,0,0,0,0,0,0,0,0,0,4
"1242",0,0,0,12,0,8,0,0,0,0,0,0,0,0,0,0,6
"1243",2,0,8,0,0,0,0,0,0,0,0,0,0,0,0,0,4
"1244",0,0,2,0,0,6,0,0,0,0,0,0,0,0,0,0,3
"1245",0,0,20,0,0,0,0,0,0,0,0,0,0,0,0,0,4
"1246",4,18,0,0,0,2,0,0,0,0,0,0,0,0,0,0,1
"1247",0,0,14,0,0,0,0,0,0,0,0,0,0,0,0,0,4
"1248",4,0,14,0,0,0,0,0,0,0,0,0,0,0,0,0,4
"1249",4,0,10,0,0,0,0,0,0,0,0,0,0,0,0,0,4
"125",9,0,0,0,0,0,0,0,0,0,32,2,30,2,0,0,1
"1250",2,0,0,0,0,26,0,0,0,0,0,0,0,0,0,0,3
"1251",0,0,0,0,0,18,0,0,0,0,0,0,0,0,0,0,3
"1252",0,0,0,0,0,14,0,0,0,0,0,0,0,0,0,0,3
"1253",0,0,0,0,0,22,0,0,0,0,0,0,0,0,0,0,3
"1254",0,0,12,0,0,4,0,0,0,0,0,0,0,0,0,0,9
"1255",4,0,0,0,0,24,0,0,0,0,0,0,0,0,0,0,3
"1256",2,0,12,0,0,0,0,0,0,0,0,0,0,0,0,0,4
"1257",4,0,0,0,0,18,0,0,0,0,0,0,0,0,0,0,3
"1258",4,0,0,0,0,0,16,0,0,0,0,0,0,0,0,0,6
"1259",0,0,0,0,0,16,0,0,0,0,0,0,0,0,0,0,3
"126",10,0,0,0,0,0,0,0,0,0,33,1,30,1,0,0,1
"1260",0,0,8,0,0,0,0,0,0,0,0,0,0,0,0,0,4
"1261",2,0,14,0,0,0,0,0,0,0,0,0,0,0,0,0,4
"1262",4,0,6,0,0,6,0,0,0,0,0,0,0,0,0,0,13
"1263",2,0,0,18,0,0,0,0,0,0,0,0,0,0,0,0,1
"1264",0,0,10,0,0,0,0,0,0,2,0,0,0,0,0,0,4
"1265",0,0,26,0,0,0,0,0,0,0,0,0,0,0,0,0,4
"1266",2,0,12,0,0,0,0,0,0,0,0,0,0,0,0,0,4
"1267",4,0,0,0,0,12,0,0,0,0,0,0,0,0,0,0,3
"1268",8,0,4,2,0,0,0,0,0,0,0,0,0,0,0,0,19
"1269",4,0,0,0,0,14,0,0,0,0,0,0,0,0,0,0,3
"127",7,0,0,0,0,0,0,0,0,0,54,1,50,1,1,1,1
"1270",2,0,16,0,0,0,0,0,0,0,0,0,0,0,0,0,4
"1271",0,0,0,0,0,0,12,0,0,0,0,0,0,0,0,0,6
"1272",6,0,2,0,0,24,0,0,0,0,0,0,0,0,0,0,3
"1273",2,0,22,0,0,0,0,0,0,0,0,0,0,0,0,0,4
"1274",8,0,0,0,0,26,0,0,0,0,0,0,0,0,0,0,3
"1275",0,0,0,0,0,0,12,0,0,0,0,0,0,0,0,0,6
"1276",0,0,0,12,0,0,0,0,0,0,0,0,0,0,0,0,1
"1277",0,0,14,0,0,0,0,0,0,0,0,0,0,0,0,0,4
"1278",4,0,0,0,0,18,0,0,0,0,0,0,0,0,0,0,3
"1279",2,0,14,8,0,0,0,0,0,0,0,0,0,0,0,0,4
"128",6,0,0,0,0,0,0,0,0,0,36,1,35,1,1,0,1
"1280",4,0,0,0,0,24,0,0,0,0,0,0,0,0,0,0,3
"1281",4,0,0,0,0,22,0,0,0,0,0,0,0,0,0,0,3
"1282",4,0,10,0,0,0,0,0,0,0,0,0,0,0,0,0,4
"1283",6,0,0,0,0,8,0,0,0,0,0,0,0,0,0,0,8
"1284",4,0,0,14,0,0,0,0,0,0,0,0,0,0,0,0,1
"1285",2,0,2,0,0,8,0,0,0,0,0,0,0,0,0,0,3
"1286",2,0,0,0,0,18,0,0,0,0,0,0,0,0,0,0,3
"1287",0,0,0,0,0,6,0,0,0,0,0,0,0,0,0,0,3
"1288",2,0,10,0,0,0,0,0,0,0,0,0,0,0,0,0,4
"1289",8,0,14,0,0,0,0,0,0,0,0,0,0,0,0,0,4
"129",7,0,0,0,0,0,0,0,0,0,35,2,28,1,0,0,1
"1290",2,0,24,0,0,0,0,0,0,0,0,0,0,0,0,0,4
"1291",2,0,22,0,0,0,0,0,0,0,0,0,0,0,0,0,4
"1292",2,0,0,0,0,12,0,0,0,0,0,0,0,0,0,0,3
"1293",0,0,18,0,0,0,0,0,0,0,0,0,0,0,0,0,4
"1294",6,0,26,0,0,0,0,0,0,0,0,0,0,0,0,0,4
"1295",4,0,2,6,0,8,0,0,0,0,0,0,0,0,0,0,24
"1296",6,0,10,0,0,0,0,0,0,0,0,0,0,0,0,0,4
"1297",4,0,18,0,0,0,0,0,0,0,0,0,0,0,0,0,4
"1298",4,0,12,0,0,0,0,0,0,0,0,0,0,0,0,0,4
"1299",2,0,18,0,0,0,0,0,0,0,0,0,0,0,0,0,4
"13",13,0,0,0,0,0,0,0,0,0,39,1,37,0,0,0,1
"130",6,0,0,0,0,0,0,0,0,0,35,2,31,2,1,1,1
"1300",0,0,14,0,0,0,0,0,0,0,0,0,0,0,0,0,4
"1301",6,0,0,0,0,0,0,0,0,10,0,0,0,0,0,0,25
"1302",2,0,0,0,0,14,0,0,0,0,0,0,0,0,0,0,3
"1303",2,0,10,0,0,0,0,0,0,0,0,0,0,0,0,0,4
"1304",0,0,0,0,0,8,0,0,0,14,0,0,0,0,0,0,23
"1305",2,0,8,0,0,0,0,0,0,0,0,0,0,0,0,0,4
"1306",0,0,4,0,0,0,0,12,0,0,0,0,0,0,0,0,6
"1307",0,0,0,0,0,18,0,0,0,0,0,0,0,0,0,0,3
"1308",0,0,6,0,0,22,0,0,0,0,0,0,0,0,0,0,3
"1309",10,0,0,2,0,6,0,0,0,0,0,0,0,0,0,0,26
"131",7,0,0,0,0,0,0,0,0,0,31,1,27,1,1,1,1
"1310",4,0,10,0,0,0,0,0,0,0,0,0,0,0,0,0,4
"1311",2,0,12,0,0,0,0,0,0,0,0,0,0,0,0,0,4
"1312",8,0,0,0,0,4,0,12,0,0,0,0,0,0,0,0,16
"1313",6,0,0,0,0,18,0,0,0,0,0,0,0,0,0,0,3
"1314",2,0,20,0,0,2,0,0,0,0,0,0,0,0,0,0,4
"1315",2,0,0,0,0,18,0,0,0,0,0,0,0,0,0,0,3
"1316",0,0,0,0,0,12,0,0,0,0,0,0,0,0,0,0,3
"1317",0,0,12,0,0,0,0,0,0,0,0,0,0,0,0,0,4
"1318",0,0,16,0,0,0,0,0,0,0,0,0,0,0,0,0,4
"1319",2,0,0,0,0,16,0,0,0,0,0,0,0,0,0,0,3
"132",12,0,0,0,0,0,0,0,0,0,32,2,26,1,1,1,1
"1320",4,0,0,0,0,30,0,0,0,0,0,0,0,0,0,0,3
"1321",0,0,10,0,0,0,0,0,0,0,0,0,0,0,0,0,4
"1322",0,0,8,0,0,0,6,0,0,0,0,0,0,0,0,0,27
"1323",4,0,0,14,0,0,0,0,0,0,0,0,0,0,0,0,1
"1324",4,0,0,0,0,14,0,0,0,0,0,0,0,0,0,0,3
"1325",2,0,8,0,0,0,0,0,0,0,0,0,0,0,0,0,4
"1326",2,0,18,0,0,0,0,0,0,0,0,0,0,0,0,0,4
"1327",4,0,20,0,0,0,0,0,0,0,0,0,0,0,0,0,4
"1328",2,0,0,14,0,0,0,0,0,0,0,0,0,0,0,0,1
"1329",2,0,0,0,0,20,0,0,0,0,0,0,0,0,0,0,3
"133",10,0,0,0,0,0,0,0,0,0,36,3,32,2,1,0,1
"1330",6,0,0,0,0,0,24,0,0,0,0,0,0,0,0,0,6
"1331",4,0,8,0,0,0,0,0,0,0,0,0,0,0,0,0,4
"1332",12,0,18,0,0,0,0,0,0,0,0,0,0,0,0,0,4
"1333",4,0,0,0,0,0,14,0,0,0,0,0,0,0,0,0,6
"1334",2,0,0,0,0,0,22,0,0,0,0,0,0,0,0,0,6
"1335",6,0,0,0,0,14,0,0,0,0,0,0,0,0,0,0,3
"1336",2,0,18,0,0,0,0,0,0,0,0,0,0,0,0,0,4
"1337",2,0,0,0,0,14,0,0,0,0,0,0,0,0,0,0,3
"1338",0,0,14,0,0,0,0,0,0,0,0,0,0,0,0,0,4
"1339",0,0,8,0,0,6,0,0,0,0,0,0,0,0,0,0,13
"134",8,0,0,0,0,0,0,0,0,0,31,3,26,3,2,2,1
"1340",6,0,6,8,0,0,0,0,0,0,0,0,0,0,0,0,21
"1341",2,0,14,0,0,0,0,0,0,0,0,0,0,0,0,0,4
"1342",0,0,12,0,0,0,0,0,0,0,0,0,0,0,0,0,4
"1343",2,0,22,0,0,0,0,0,0,0,0,0,0,0,0,0,4
"1344",8,0,0,0,0,18,0,0,0,0,0,0,0,0,0,0,3
"1345",0,0,18,0,0,0,0,0,0,0,0,0,0,0,0,0,4
"1346",8,0,0,12,0,0,0,0,0,0,0,0,0,0,0,0,28
"1347",4,0,0,0,0,8,0,0,0,0,0,0,0,0,0,0,3
"1348",4,0,8,0,0,0,0,0,0,0,0,0,0,0,0,0,4
"1349",4,0,18,0,0,0,0,0,0,0,0,0,0,0,0,0,4
"135",13,0,0,0,0,0,0,0,0,0,36,3,31,2,2,2,1
"1350",2,0,22,0,0,0,0,0,0,0,0,0,0,0,0,0,4
"1351",4,0,0,0,0,6,0,0,0,0,0,0,0,0,0,0,8
"1352",2,0,14,0,0,6,0,0,0,0,0,0,0,0,0,0,13
"1353",2,0,12,4,0,0,0,0,0,0,0,0,0,0,0,0,4
"1354",0,0,0,0,0,18,0,0,0,0,0,0,0,0,0,0,3
"1355",4,0,0,20,0,0,0,0,0,0,0,0,0,0,0,0,1
"1356",4,0,26,0,0,0,0,0,0,0,0,0,0,0,0,0,4
"1357",4,0,18,0,0,0,0,0,0,0,0,0,0,0,0,0,4
"1358",6,0,0,0,0,26,0,0,0,0,0,0,0,0,0,0,3
"1359",6,0,0,4,0,14,0,0,0,0,0,0,0,0,0,0,18
"136",13,0,0,0,0,0,0,0,0,0,45,2,35,2,0,0,1
"1360",4,0,16,0,0,0,0,0,0,0,0,0,0,0,0,0,4
"1361",4,0,18,0,0,0,0,0,0,0,0,0,0,0,0,0,4
"1362",2,0,16,0,0,0,0,0,0,0,0,0,0,0,0,0,4
"1363",2,0,0,0,0,10,0,0,0,0,0,0,0,0,0,0,3
"1364",2,0,10,0,0,0,0,0,0,0,0,0,0,0,0,0,4
"1365",4,0,0,0,0,12,0,0,0,0,0,0,0,0,0,0,3
"1366",4,0,0,0,0,0,0,0,0,24,0,0,0,0,0,0,1
"1367",2,0,0,20,0,0,0,0,0,0,0,0,0,0,0,0,1
"1368",2,0,12,0,0,0,0,0,0,0,0,0,0,0,0,0,4
"1369",2,0,0,0,0,0,20,0,0,0,0,0,0,0,0,0,6
"137",4,0,0,0,0,0,0,0,0,0,36,1,28,0,0,0,1
"1370",10,0,0,0,0,14,0,0,0,0,0,0,0,0,0,0,8
"1371",2,0,0,0,0,0,16,0,0,0,0,0,0,0,0,0,6
"1372",0,0,0,0,0,14,0,0,0,0,0,0,0,0,0,0,3
"1373",2,0,16,0,0,0,0,0,0,0,0,0,0,0,0,0,4
"1374",8,0,0,14,0,0,0,0,0,0,0,0,0,0,0,0,28
"1375",2,0,2,0,0,6,0,0,0,0,0,0,0,0,0,0,3
"1376",0,0,0,0,0,8,0,0,0,0,0,0,0,0,0,0,3
"1377",0,0,0,0,0,8,0,0,0,0,0,0,0,0,0,0,3
"1378",2,0,8,2,0,0,0,0,0,0,0,0,0,0,0,0,4
"1379",4,0,10,0,0,0,0,0,0,0,0,0,0,0,0,0,4
"138",9,0,0,0,0,0,0,0,0,0,40,2,37,2,1,1,1
"1380",8,0,10,0,0,0,0,0,0,0,0,0,0,0,0,0,19
"1381",0,0,24,0,0,0,0,0,0,0,0,0,0,0,0,0,4
"1382",0,0,0,8,0,0,0,0,0,0,0,0,0,0,0,0,1
"1383",0,0,0,0,0,14,0,0,0,0,0,0,0,0,0,0,3
"1384",2,0,20,0,0,0,0,0,0,0,0,0,0,0,0,0,4
"1385",6,0,16,0,0,0,0,0,0,0,0,0,0,0,0,0,4
"1386",2,0,0,0,0,18,0,0,0,0,0,0,0,0,0,0,3
"1387",2,0,12,0,0,10,0,0,0,0,0,0,0,0,0,0,13
"1388",2,0,10,0,0,0,0,0,0,0,0,0,0,0,0,0,4
"1389",6,0,20,0,0,0,0,0,0,0,0,0,0,0,0,0,4
"139",11,0,0,0,0,0,0,0,0,0,48,6,45,4,3,2,1
"1390",0,0,0,0,0,14,0,0,0,6,0,0,0,0,0,0,6
"1391",2,16,0,0,0,0,0,0,0,0,0,0,0,0,0,0,1
"1392",2,0,12,0,0,0,0,0,0,0,0,0,0,0,0,0,4
"1393",4,0,8,0,0,0,0,0,0,0,0,0,0,0,0,0,4
"1394",4,0,2,0,0,8,0,0,0,0,0,0,0,0,0,0,3
"1395",0,0,6,0,0,8,0,0,0,0,0,0,0,0,0,0,3
"1396",4,0,0,16,0,0,0,0,0,0,0,0,0,0,0,0,1
"1397",2,0,0,0,0,14,0,0,0,0,0,0,0,0,0,0,3
"1398",4,0,0,0,0,14,0,0,0,0,0,0,0,0,0,0,3
"1399",0,0,0,0,0,0,18,0,0,0,0,0,0,0,0,0,6
"14",12,0,0,0,0,0,0,0,0,0,20,4,17,4,2,2,1
"140",10,0,0,0,0,0,0,0,0,0,22,0,15,0,0,0,1
"1400",4,0,0,0,0,10,0,0,0,0,0,0,0,0,0,0,3
"1401",0,0,24,0,0,0,0,0,0,0,0,0,0,0,0,0,4
"1402",2,0,0,6,0,0,0,0,0,0,0,0,0,0,0,0,1
"1403",4,0,0,0,0,20,0,0,0,0,0,0,0,0,0,0,3
"1404",0,0,0,18,0,0,0,0,0,0,0,0,0,0,0,0,1
"1405",4,0,4,0,0,0,12,0,0,0,0,0,0,0,0,0,6
"1406",0,0,6,0,0,14,0,0,0,0,0,0,0,0,0,0,3
"1407",0,0,0,0,0,0,12,0,0,0,0,0,0,0,0,0,6
"1408",2,0,22,0,0,0,0,0,0,0,0,0,0,0,0,0,4
"1409",2,0,0,0,0,0,0,0,16,0,0,0,0,0,0,0,16
"141",8,0,0,0,0,0,0,0,0,0,32,0,28,0,0,0,1
"1410",0,0,0,0,0,18,0,0,0,0,0,0,0,0,0,0,3
"1411",6,0,4,0,0,8,0,0,0,0,0,0,0,0,0,0,2
"1412",4,0,14,0,0,0,0,0,0,0,0,0,0,0,0,0,4
"1413",4,0,8,0,0,0,0,0,0,0,0,0,0,0,0,0,4
"1414",4,0,16,0,0,0,0,0,0,0,0,0,0,0,0,0,4
"1415",2,0,20,0,0,0,0,0,0,0,0,0,0,0,0,0,4
"1416",4,0,4,0,0,2,0,0,0,0,0,0,0,0,0,0,10
"1417",4,0,10,0,0,4,0,0,0,0,0,0,0,0,0,0,13
"1418",4,0,0,0,0,0,8,0,0,0,0,0,0,0,0,0,6
"1419",4,0,6,4,0,0,0,0,0,0,0,0,0,0,0,0,1
"142",10,0,0,0,0,0,0,0,0,0,40,4,33,3,1,1,1
"1420",2,0,0,0,0,14,0,0,0,0,0,0,0,0,0,0,3
"1421",4,0,0,0,0,14,0,0,0,0,0,0,0,0,0,0,3
"1422",2,0,0,0,0,0,16,0,0,0,0,0,0,0,0,0,6
"1423",0,0,10,0,0,4,0,0,0,0,0,0,0,0,0,0,9
"1424",4,0,14,0,0,0,0,0,0,0,0,0,0,0,0,0,4
"1425",2,0,0,0,0,14,0,0,0,0,0,0,0,0,0,0,3
"1426",2,0,0,0,0,12,0,0,0,0,0,0,0,0,0,0,3
"1427",0,0,0,0,0,18,0,0,0,0,0,0,0,0,0,0,3
"1428",0,0,0,0,0,18,0,0,0,0,0,0,0,0,0,0,3
"1429",2,0,0,0,0,0,18,0,0,0,0,0,0,0,0,0,6
"143",4,0,0,0,0,0,0,0,0,0,44,1,41,1,1,0,1
"1430",6,0,0,0,0,20,0,0,0,0,0,0,0,0,0,0,3
"1431",0,0,0,0,0,12,0,0,0,0,0,0,0,0,0,0,3
"1432",4,0,8,0,0,0,0,0,0,10,0,0,0,0,0,0,29
"1433",0,0,0,16,0,0,0,0,0,0,0,0,0,0,0,0,1
"1434",4,0,0,12,0,0,0,0,0,0,0,0,0,0,0,0,1
"1435",8,0,10,0,0,0,0,0,0,0,0,0,0,0,0,0,19
"1436",6,0,12,0,0,0,0,0,0,0,0,0,0,0,0,0,4
"1437",2,0,0,0,0,16,0,0,0,0,0,0,0,0,0,0,3
"1438",6,0,0,0,0,0,12,0,0,0,0,0,0,0,0,0,6
"1439",0,0,0,24,0,0,0,0,0,0,0,0,0,0,0,0,1
"144",6,0,0,0,0,0,0,0,0,0,38,0,28,0,0,0,1
"1440",6,0,12,0,0,0,0,0,0,0,0,0,0,0,0,0,4
"1441",0,0,6,2,0,0,0,0,0,0,0,0,0,0,0,0,4
"1442",8,0,0,0,0,18,0,0,0,0,0,0,0,0,0,0,3
"1443",4,0,0,0,0,10,0,0,0,0,0,0,0,0,0,0,3
"1444",2,20,0,0,0,0,0,0,0,0,0,0,0,0,0,0,1
"1445",4,0,0,0,0,0,0,0,6,0,0,0,0,0,0,0,22
"1446",0,0,22,0,0,0,0,0,0,0,0,0,0,0,0,0,4
"1447",8,0,0,0,0,32,0,0,0,0,0,0,0,0,0,0,3
"1448",2,0,8,0,0,0,0,0,0,0,0,0,0,0,0,0,4
"1449",2,0,18,0,0,0,0,0,0,0,0,0,0,0,0,0,4
"145",10,0,0,0,0,0,0,0,0,0,38,4,32,3,1,0,1
"1450",4,0,0,12,0,0,0,0,0,0,0,0,0,0,0,0,1
"1451",0,0,0,0,0,0,14,0,0,0,0,0,0,0,0,0,6
"1452",2,0,0,0,0,18,0,0,0,0,0,0,0,0,0,0,3
"1453",4,0,16,0,0,0,0,0,0,0,0,0,0,0,0,0,4
"1454",0,0,14,0,0,6,0,0,0,0,0,0,0,0,0,0,9
"1455",2,0,4,0,0,0,0,0,0,10,0,0,0,0,0,0,8
"1456",4,0,6,0,0,12,0,0,0,0,0,0,0,0,0,0,3
"1457",4,0,14,0,0,8,0,0,0,0,0,0,0,0,0,0,13
"1458",0,0,12,0,0,0,0,0,0,0,0,0,0,0,0,0,4
"1459",2,0,16,0,0,0,0,0,0,0,0,0,0,0,0,0,4
"146",10,0,0,0,0,0,0,0,0,0,55,1,45,1,0,0,1
"1460",2,0,16,0,0,4,0,0,0,0,0,0,0,0,0,0,9
"1461",2,0,20,0,0,0,0,0,0,0,0,0,0,0,0,0,4
"1462",2,0,22,0,0,0,0,0,0,0,0,0,0,0,0,0,4
"1463",0,0,0,0,0,28,0,0,0,0,0,0,0,0,0,0,3
"1464",6,0,0,20,0,0,0,0,0,0,0,0,0,0,0,0,1
"1465",0,0,0,0,0,0,18,0,0,0,0,0,0,0,0,0,6
"1466",0,0,12,0,0,0,0,0,0,0,0,0,0,0,0,0,4
"1467",0,0,0,16,0,0,0,0,0,0,0,0,0,0,0,0,1
"1468",6,0,0,0,0,8,10,0,0,0,0,0,0,0,0,0,30
"1469",2,0,8,0,0,12,0,0,0,0,0,0,0,0,0,0,3
"147",13,0,0,0,0,0,0,0,0,0,41,3,34,1,1,1,1
"1470",4,0,4,0,0,4,4,0,0,0,0,0,0,0,0,0,31
"1471",0,0,10,10,0,0,0,0,0,0,0,0,0,0,0,0,5
"1472",0,0,0,12,0,0,0,0,0,0,0,0,0,0,0,0,1
"1473",2,0,0,20,0,0,0,0,0,0,0,0,0,0,0,0,1
"1474",8,0,16,0,0,0,0,0,0,0,0,0,0,0,0,0,4
"1475",4,0,0,0,0,2,0,0,0,16,0,0,0,0,0,0,13
"1476",0,0,16,0,0,0,0,0,0,0,0,0,0,0,0,0,4
"1477",4,0,0,12,0,2,0,0,0,0,0,0,0,0,0,0,1
"1478",8,0,8,0,0,0,12,0,0,0,0,0,0,0,0,0,7
"1479",0,0,0,0,0,22,0,0,0,0,0,0,0,0,0,0,3
"148",3,0,0,0,0,0,0,0,0,0,33,3,30,3,2,2,1
"1480",6,0,0,12,0,0,0,0,0,0,0,0,0,0,0,0,28
"1481",2,0,24,0,0,0,0,0,0,0,0,0,0,0,0,0,4
"1482",4,0,14,0,0,0,0,0,0,0,0,0,0,0,0,0,4
"1483",6,0,18,0,0,0,0,0,0,0,0,0,0,0,0,0,4
"1484",6,0,26,0,0,0,0,0,0,0,0,0,0,0,0,0,4
"1485",2,0,18,0,0,0,0,0,0,0,0,0,0,0,0,0,4
"1486",4,0,0,0,0,20,0,0,0,0,0,0,0,0,0,0,3
"1487",4,0,10,0,0,0,0,0,0,0,0,0,0,0,0,0,4
"1488",6,0,0,0,0,18,0,0,0,0,0,0,0,0,0,0,3
"1489",4,0,0,2,0,6,0,0,0,0,0,0,0,0,0,0,29
"149",6,0,0,0,0,0,0,0,0,0,39,8,37,7,5,4,1
"1490",10,0,0,20,0,0,0,0,0,0,0,0,0,0,0,0,28
"1491",2,0,12,0,0,0,0,0,0,0,0,0,0,0,0,0,4
"1492",6,0,0,0,0,10,0,0,0,0,0,0,0,0,0,0,8
"1493",4,0,0,0,0,16,0,0,0,0,0,0,0,0,0,0,3
"1494",0,0,24,0,0,0,0,0,0,0,0,0,0,0,0,0,4
"1495",0,0,12,0,0,0,0,0,0,0,0,0,0,0,0,0,4
"1496",0,0,14,0,0,0,0,0,0,0,0,0,0,0,0,0,4
"1497",0,0,0,0,0,0,8,0,0,2,0,0,0,0,0,0,6
"1498",8,0,0,0,0,20,0,0,0,0,0,0,0,0,0,0,3
"1499",0,0,0,0,0,0,0,0,18,0,0,0,0,0,0,0,16
"15",9,0,0,0,0,0,0,0,0,0,39,3,36,0,0,0,1
"150",14,0,0,0,0,0,0,0,0,0,35,4,31,3,1,1,1
"1500",4,0,10,0,0,0,0,0,0,0,0,0,0,0,0,0,4
"1501",2,0,12,0,0,6,0,0,0,0,0,0,0,0,0,0,13
"1502",2,0,12,0,0,0,0,0,0,0,0,0,0,0,0,0,4
"1503",2,0,16,0,0,0,0,0,0,0,0,0,0,0,0,0,4
"1504",2,0,0,0,0,12,0,0,0,0,0,0,0,0,0,0,3
"1505",4,0,32,0,0,0,0,0,0,0,0,0,0,0,0,0,4
"1506",0,0,0,0,0,12,0,0,0,0,0,0,0,0,0,0,3
"1507",4,0,0,12,0,0,0,0,0,0,0,0,0,0,0,0,1
"1508",2,0,0,12,0,0,0,0,0,0,0,0,0,0,0,0,1
"1509",2,0,0,18,0,0,0,0,0,0,0,0,0,0,0,0,1
"151",11,0,0,0,0,0,0,0,0,0,35,3,31,3,0,0,1
"1510",2,0,14,0,0,0,0,0,0,0,0,0,0,0,0,0,4
"1511",0,0,0,0,0,0,20,0,0,0,0,0,0,0,0,0,6
"1512",0,0,0,0,0,4,0,0,0,8,0,0,0,0,0,0,23
"1513",2,0,0,0,0,14,0,0,0,0,0,0,0,0,0,0,3
"1514",2,0,16,0,0,4,0,0,0,0,0,0,0,0,0,0,9
"1515",0,0,14,0,0,0,0,0,0,0,0,0,0,0,0,0,4
"1516",2,0,8,0,0,0,0,0,0,0,0,0,0,0,0,0,4
"1517",0,0,24,0,0,2,0,0,0,0,0,0,0,0,0,0,4
"1518",2,0,2,0,0,10,0,0,0,0,0,0,0,0,0,0,3
"1519",6,0,0,14,0,0,0,0,0,0,0,0,0,0,0,0,1
"152",8,0,0,0,0,0,0,0,0,0,42,1,33,1,0,0,1
"1520",2,0,0,0,0,0,18,0,0,0,0,0,0,0,0,0,6
"1521",2,0,14,0,0,0,0,0,0,0,0,0,0,0,0,0,4
"1522",2,0,0,0,0,0,6,18,0,0,0,0,0,0,0,0,8
"1523",2,0,0,0,0,0,12,0,0,0,0,0,0,0,0,0,6
"1524",0,0,0,8,0,0,0,0,0,0,0,0,0,0,0,0,1
"1525",0,0,10,0,0,0,0,0,0,0,0,0,0,0,0,0,4
"1526",6,0,22,0,0,0,0,0,0,0,0,0,0,0,0,0,4
"1527",2,0,0,0,0,14,0,0,0,0,0,0,0,0,0,0,3
"1528",2,0,0,0,0,18,0,0,0,0,0,0,0,0,0,0,3
"1529",2,0,0,0,0,0,0,0,0,18,0,0,0,0,0,0,1
"153",4,0,0,0,0,0,0,0,0,0,42,4,40,4,3,2,1
"1530",6,18,0,0,0,0,0,0,0,0,0,0,0,0,0,0,1
"1531",2,0,12,0,0,0,0,0,0,0,0,0,0,0,0,0,4
"1532",2,0,16,0,0,0,0,0,0,0,0,0,0,0,0,0,4
"1533",0,0,0,0,0,12,0,0,0,0,0,0,0,0,0,0,3
"1534",4,0,16,0,0,0,0,0,4,0,0,0,0,0,0,0,6
"1535",2,0,0,0,0,16,0,0,0,0,0,0,0,0,0,0,3
"1536",2,0,12,0,0,12,0,0,0,0,0,0,0,0,0,0,13
"1537",2,0,0,0,0,22,0,0,0,0,0,0,0,0,0,0,3
"1538",2,0,8,0,0,0,0,0,0,0,0,0,0,0,0,0,4
"1539",0,0,2,0,0,10,0,0,0,0,0,0,0,0,0,0,3
"154",15,0,0,0,0,0,0,0,0,0,44,2,41,1,0,0,1
"1540",4,0,20,0,0,0,0,0,0,0,0,0,0,0,0,0,4
"1541",2,0,0,18,0,0,0,0,0,0,0,0,0,0,0,0,1
"1542",6,0,0,0,0,14,0,0,0,0,0,0,0,0,0,0,3
"1543",2,0,0,0,0,14,0,0,0,0,0,0,0,0,0,0,3
"1544",0,0,0,0,0,18,0,0,0,0,0,0,0,0,0,0,3
"1545",2,0,0,0,0,20,0,0,0,0,0,0,0,0,0,0,3
"1546",4,0,18,0,0,0,0,0,0,0,0,0,0,0,0,0,4
"1547",6,0,10,0,0,0,0,0,0,0,0,0,0,0,0,0,4
"1548",2,0,16,0,0,0,0,0,0,0,0,0,0,0,0,0,4
"1549",2,0,0,0,0,10,0,0,0,0,0,0,0,0,0,0,3
"155",8,0,0,0,0,0,0,0,0,0,41,0,37,0,0,0,1
"1550",2,0,0,0,0,0,12,0,0,0,0,0,0,0,0,0,6
"1551",0,0,2,0,0,8,0,0,0,0,0,0,0,0,0,0,3
"1552",2,0,0,14,0,0,0,0,0,0,0,0,0,0,0,0,1
"1553",2,0,12,0,0,0,0,0,0,0,0,0,0,0,0,0,4
"1554",4,0,12,0,0,0,0,0,0,0,0,0,0,0,0,0,4
"1555",2,0,0,0,0,20,0,0,0,0,0,0,0,0,0,0,3
"1556",4,0,24,0,0,0,0,0,0,0,0,0,0,0,0,0,4
"1557",0,0,14,0,0,0,0,0,0,0,0,0,0,0,0,0,4
"1558",0,0,0,0,0,18,0,0,0,0,0,0,0,0,0,0,3
"1559",2,0,0,18,0,0,0,0,0,0,0,0,0,0,0,0,1
"156",5,0,0,0,0,0,0,0,0,0,40,1,34,1,0,0,1
"1560",2,0,0,0,0,24,0,0,0,0,0,0,0,0,0,0,3
"1561",4,0,12,0,0,0,0,0,0,0,0,0,0,0,0,0,4
"1562",0,0,20,0,0,0,0,0,0,0,0,0,0,0,0,0,4
"1563",2,0,16,0,0,0,0,0,0,0,0,0,0,0,0,0,4
"1564",4,0,8,8,0,0,0,0,0,0,0,0,0,0,0,0,5
"1565",2,0,14,0,0,0,0,0,0,0,0,0,0,0,0,0,4
"1566",6,0,16,0,0,0,0,0,0,0,0,0,0,0,0,0,4
"1567",4,0,16,0,0,0,0,0,0,0,0,0,0,0,0,0,4
"1568",4,0,10,0,0,0,0,0,0,0,0,0,0,0,0,0,4
"1569",2,0,0,0,0,14,0,0,0,0,0,0,0,0,0,0,3
"157",3,0,0,0,0,0,0,0,0,0,42,5,39,3,2,2,1
"1570",2,0,0,22,0,0,0,0,0,0,0,0,0,0,0,0,1
"1571",2,0,0,0,0,20,0,0,0,0,0,0,0,0,0,0,3
"1572",4,0,0,0,0,16,0,0,0,0,0,0,0,0,0,0,3
"1573",8,0,10,0,0,8,0,0,0,0,0,0,0,0,0,0,13
"1574",0,0,4,10,0,0,0,0,0,0,0,0,0,0,0,0,32
"1575",2,0,0,0,0,18,0,0,0,0,0,0,0,0,0,0,3
"1576",2,0,14,0,0,0,0,0,0,0,0,0,0,0,0,0,4
"1577",6,0,4,0,0,0,8,0,0,0,0,0,0,0,0,0,7
"1578",2,0,18,0,0,0,0,0,0,0,0,0,0,0,0,0,4
"1579",2,0,18,0,0,0,0,0,0,0,0,0,0,0,0,0,4
"158",6,0,0,0,0,0,0,0,0,0,40,4,38,3,0,0,1
"1580",6,0,0,0,0,0,12,0,0,0,0,0,0,0,0,0,6
"1581",4,0,16,0,0,0,0,0,0,0,0,0,0,0,0,0,4
"1582",2,0,2,16,0,0,0,0,0,0,0,0,0,0,0,0,1
"1583",6,0,8,0,0,0,0,0,0,0,0,0,0,0,0,0,10
"1584",4,0,0,14,0,0,0,0,0,0,0,0,0,0,0,0,1
"1585",0,0,0,0,0,0,12,0,0,0,0,0,0,0,0,0,6
"1586",2,0,12,0,0,0,0,0,0,0,0,0,0,0,0,0,4
"1587",2,0,0,18,0,0,0,0,0,0,0,0,0,0,0,0,1
"1588",4,0,18,0,0,0,0,0,0,0,0,0,0,0,0,0,4
"1589",2,0,20,0,0,0,0,0,0,0,0,0,0,0,0,0,4
"159",8,0,0,0,0,0,0,0,0,0,31,1,29,1,0,0,1
"1590",8,0,0,0,0,26,0,0,0,0,0,0,0,0,0,0,3
"1591",0,0,0,0,0,20,0,0,0,0,0,0,0,0,0,0,3
"1592",0,0,0,0,0,26,0,0,0,0,0,0,0,0,0,0,3
"1593",6,0,0,0,0,16,0,0,0,0,0,0,0,0,0,0,3
"1594",6,0,4,0,0,2,0,0,0,0,0,0,0,0,0,0,11
"1595",2,0,26,0,0,0,0,0,0,0,0,0,0,0,0,0,4
"1596",6,0,8,0,0,0,0,0,0,0,0,0,0,0,0,0,10
"1597",6,0,0,20,0,0,0,0,0,0,0,0,0,0,0,0,1
"1598",0,0,14,0,0,0,0,0,0,0,0,0,0,0,0,0,4
"1599",8,0,20,0,0,0,0,0,0,0,0,0,0,0,0,0,4
"16",5,0,0,0,0,0,0,0,0,0,35,0,34,0,0,0,1
"160",10,0,0,0,0,0,0,0,0,0,42,1,40,1,1,1,1
"1600",4,0,18,0,0,0,0,0,0,0,0,0,0,0,0,0,4
"1601",0,0,0,18,0,6,0,0,0,0,0,0,0,0,0,0,10
"1602",2,0,18,0,0,0,0,0,0,0,0,0,0,0,0,0,4
"1603",0,0,12,0,0,0,0,0,0,0,0,0,0,0,0,0,4
"1604",6,0,18,0,0,0,0,0,0,0,0,0,0,0,0,0,4
"1605",2,0,22,0,0,0,0,0,0,0,0,0,0,0,0,0,4
"1606",0,0,26,0,0,0,0,0,0,0,0,0,0,0,0,0,4
"1607",2,0,0,0,0,16,0,0,0,0,0,0,0,0,0,0,3
"1608",2,0,0,20,0,4,0,0,0,0,0,0,0,0,0,0,10
"1609",0,0,0,0,0,0,10,0,0,0,0,0,0,0,0,0,6
"161",10,0,0,0,0,0,0,0,0,0,36,5,32,2,0,0,1
"1610",6,0,14,0,0,0,0,0,0,0,0,0,0,0,0,0,4
"1611",0,0,24,0,0,0,0,0,0,0,0,0,0,0,0,0,4
"1612",2,0,0,0,0,22,0,0,0,0,0,0,0,0,0,0,3
"1613",2,0,0,0,0,22,0,0,0,0,0,0,0,0,0,0,3
"1614",6,0,18,0,0,0,0,0,0,0,0,0,0,0,0,0,4
"1615",0,0,0,0,0,14,0,0,0,0,0,0,0,0,0,0,3
"1616",4,0,20,0,0,0,0,0,0,0,0,0,0,0,0,0,4
"1617",8,0,0,0,0,10,0,0,0,0,0,0,0,0,0,0,8
"1618",0,0,12,4,0,0,0,0,0,0,0,0,0,0,0,0,4
"1619",0,0,28,0,0,0,0,0,0,0,0,0,0,0,0,0,4
"162",13,0,0,0,0,0,0,0,0,0,26,2,24,2,2,1,1
"1620",2,0,0,0,0,18,0,0,0,0,0,0,0,0,0,0,3
"1621",6,0,0,0,0,0,0,18,0,0,0,0,0,0,0,0,1
"1622",0,0,0,0,0,20,0,0,0,0,0,0,0,0,0,0,3
"1623",4,18,0,0,0,0,0,0,0,0,0,0,0,0,0,0,1
"1624",2,0,18,0,0,0,0,0,0,0,0,0,0,0,0,0,4
"1625",2,0,0,4,0,0,0,0,0,0,0,0,0,0,0,0,28
"1626",2,0,0,0,0,14,0,0,0,0,0,0,0,0,0,0,3
"1627",12,0,6,0,0,0,0,0,0,0,0,0,0,0,0,0,12
"1628",2,0,8,0,0,2,0,0,0,0,0,0,0,0,0,0,1
"1629",0,0,0,0,0,16,0,0,0,0,0,0,0,0,0,0,3
"163",6,0,0,0,0,0,0,0,0,0,41,4,40,3,1,1,1
"1630",4,0,0,0,0,8,0,0,0,0,0,0,0,0,0,0,3
"1631",0,0,12,0,0,0,0,0,0,0,0,0,0,0,0,0,4
"1632",0,0,6,12,0,0,0,0,0,0,0,0,0,0,0,0,32
"1633",2,0,6,0,0,0,0,0,0,6,0,0,0,0,0,0,33
"1634",0,6,0,0,0,0,0,0,0,0,0,0,0,0,0,0,1
"1635",6,0,0,0,0,14,0,0,0,0,0,0,0,0,0,0,3
"1636",6,0,0,0,0,0,14,0,0,0,0,0,0,0,0,0,6
"1637",0,0,0,0,0,14,0,0,0,0,0,0,0,0,0,0,3
"1638",2,0,0,0,0,8,0,0,0,0,0,0,0,0,0,0,3
"1639",4,0,0,0,0,10,0,0,0,0,0,0,0,0,0,0,3
"164",9,0,0,0,0,0,0,0,0,0,35,4,32,3,2,2,1
"1640",0,0,16,0,0,0,0,0,0,0,0,0,0,0,0,0,4
"1641",2,0,30,0,0,0,0,0,0,0,0,0,0,0,0,0,4
"1642",2,0,0,0,0,0,0,12,0,0,0,0,0,0,0,0,1
"1643",6,0,6,0,0,16,0,0,0,0,0,0,0,0,0,0,3
"1644",0,0,0,16,0,0,0,0,0,0,0,0,0,0,0,0,1
"1645",2,0,4,0,0,0,0,0,0,4,0,0,0,0,0,0,33
"1646",8,0,16,0,0,0,0,0,0,0,0,0,0,0,0,0,4
"1647",6,0,28,0,0,0,0,0,0,0,0,0,0,0,0,0,4
"1648",8,0,0,0,0,0,22,0,0,0,0,0,0,0,0,0,6
"1649",0,0,10,0,0,0,0,0,0,0,0,0,0,0,0,0,4
"165",10,0,0,0,0,0,0,0,0,0,52,6,43,5,3,3,1
"1650",0,0,18,0,0,0,0,0,0,0,0,0,0,0,0,0,4
"1651",4,0,4,0,0,10,0,0,0,0,0,0,0,0,0,0,3
"1652",0,0,0,0,0,16,0,0,0,0,0,0,0,0,0,0,3
"1653",8,0,10,0,0,0,0,0,0,0,0,0,0,0,0,0,19
"1654",2,0,0,0,0,20,0,0,0,0,0,0,0,0,0,0,3
"1655",4,0,0,0,0,6,0,0,0,0,0,0,0,0,0,0,8
"1656",4,0,20,0,0,2,0,0,0,0,0,0,0,0,0,0,4
"1657",6,0,14,0,0,0,0,0,0,0,0,0,0,0,0,0,4
"1658",0,0,0,0,0,28,0,0,0,0,0,0,0,0,0,0,3
"1659",4,0,0,0,0,18,0,0,0,0,0,0,0,0,0,0,3
"166",6,0,0,0,0,0,0,0,0,0,38,1,31,1,1,0,1
"1660",2,0,4,0,0,0,18,0,0,0,0,0,0,0,0,0,3
"1661",2,0,8,0,0,14,0,0,0,0,0,0,0,0,0,0,3
"1662",4,0,0,0,0,20,0,0,0,0,0,0,0,0,0,0,3
"1663",2,0,18,0,0,0,0,0,0,0,0,0,0,0,0,0,4
"1664",0,0,0,0,0,0,0,0,0,20,0,0,0,0,0,0,1
"1665",6,0,0,0,0,14,0,0,0,0,0,0,0,0,0,0,3
"1666",4,0,2,0,0,0,6,0,0,0,0,0,0,0,0,0,7
"1667",4,0,0,0,0,0,16,0,0,0,0,0,0,0,0,0,6
"1668",2,0,2,0,0,4,0,0,0,0,0,0,0,0,0,0,2
"1669",2,0,10,0,0,0,0,0,0,0,0,0,0,0,0,0,4
"167",7,0,0,0,0,0,0,0,0,0,40,6,36,3,1,1,1
"1670",0,0,0,0,0,0,0,0,14,0,0,0,0,0,0,0,16
"1671",4,0,0,14,0,0,0,0,0,0,0,0,0,0,0,0,1
"1672",0,0,12,0,0,0,0,0,0,0,0,0,0,0,0,0,4
"1673",10,0,0,0,0,0,24,0,0,0,0,0,0,0,0,0,6
"1674",2,0,0,0,0,8,0,0,0,0,0,0,0,0,0,0,3
"1675",0,0,0,0,0,26,0,0,0,0,0,0,0,0,0,0,3
"1676",0,0,0,0,0,22,0,0,0,0,0,0,0,0,0,0,3
"1677",8,0,6,0,0,2,0,0,0,0,0,0,0,0,0,0,11
"1678",2,0,14,0,0,0,0,0,0,0,0,0,0,0,0,0,4
"1679",2,0,0,0,0,0,18,0,0,0,0,0,0,0,0,0,6
"168",7,0,0,0,0,0,0,0,0,0,30,0,27,0,0,0,1
"1680",2,0,0,0,0,12,0,0,0,0,0,0,0,0,0,0,3
"1681",0,0,0,0,0,18,0,0,0,0,0,0,0,0,0,0,3
"1682",4,0,0,0,6,0,12,0,0,0,0,0,0,0,0,0,2
"1683",0,0,0,0,0,24,0,0,0,0,0,0,0,0,0,0,3
"1684",2,0,18,0,0,0,0,0,0,0,0,0,0,0,0,0,4
"1685",6,0,16,0,0,0,0,0,0,0,0,0,0,0,0,0,4
"1686",0,0,4,0,0,10,0,0,0,0,0,0,0,0,0,0,3
"1687",0,0,0,0,0,10,0,0,0,0,0,0,0,0,0,0,3
"1688",4,0,0,0,0,0,18,0,0,0,0,0,0,0,0,0,6
"1689",2,0,16,0,0,0,0,0,0,0,0,0,0,0,0,0,4
"169",6,0,0,0,0,0,0,0,0,0,40,3,33,3,1,0,1
"1690",0,0,0,0,0,20,0,0,0,0,0,0,0,0,0,0,3
"1691",4,0,24,0,0,0,0,0,0,0,0,0,0,0,0,0,4
"1692",2,0,10,0,0,0,0,0,0,0,0,0,0,0,0,0,4
"1693",4,0,0,0,18,0,0,0,0,0,0,0,0,0,0,0,16
"1694",2,0,14,0,0,0,0,0,0,0,0,0,0,0,0,0,4
"1695",2,0,12,0,0,0,0,0,0,0,0,0,0,0,0,0,4
"1696",6,0,22,0,0,0,0,0,0,0,0,0,0,0,0,0,4
"1697",2,0,0,18,0,0,0,0,0,0,0,0,0,0,0,0,1
"1698",2,0,0,0,0,12,0,0,0,0,0,0,0,0,0,0,3
"1699",0,0,14,0,0,0,0,0,0,0,0,0,0,0,0,0,4
"17",11,0,0,0,0,0,0,0,0,0,38,1,33,1,0,0,1
"170",9,0,0,0,0,0,0,0,0,0,36,1,29,0,0,0,1
"1700",0,0,16,0,0,0,0,0,0,0,0,0,0,0,0,0,4
"1701",12,0,26,0,0,0,0,0,0,0,0,0,0,0,0,0,4
"1702",4,0,0,0,0,8,0,0,0,0,0,0,0,0,0,0,3
"1703",0,0,2,0,0,6,0,0,0,0,0,0,0,0,0,0,3
"1704",2,0,6,0,0,0,0,0,0,0,0,0,0,0,0,0,4
"1705",0,0,2,0,12,0,0,0,0,0,0,0,0,0,0,0,3
"1706",2,0,4,0,0,0,6,0,0,0,0,0,0,0,0,0,7
"1707",6,0,4,0,0,0,0,0,0,0,0,0,0,0,0,0,19
"1708",6,0,0,0,0,10,0,0,0,0,0,0,0,0,0,0,8
"1709",4,8,6,0,0,0,0,0,0,0,0,0,0,0,0,0,30
"171",9,0,0,0,0,0,0,0,0,0,42,2,39,1,1,1,1
"1710",2,0,8,0,0,0,0,0,0,0,0,0,0,0,0,0,4
"1711",2,0,12,0,0,8,0,0,0,0,0,0,0,0,0,0,13
"1712",4,0,0,0,0,6,0,0,0,0,0,0,0,0,0,0,8
"1713",6,0,0,0,0,20,0,0,0,0,0,0,0,0,0,0,3
"1714",2,0,18,0,0,2,0,0,0,0,0,0,0,0,0,0,4
"1715",6,0,14,0,0,0,8,0,0,0,0,0,0,0,0,0,34
"1716",0,0,0,0,0,2,10,0,0,0,0,0,0,0,0,0,9
"1717",4,0,0,0,0,16,0,0,0,0,0,0,0,0,0,0,3
"1718",0,0,24,0,0,0,0,0,0,0,0,0,0,0,0,0,4
"1719",2,0,12,0,0,0,0,0,0,0,0,0,0,0,0,0,4
"172",5,0,0,0,0,0,0,0,0,0,46,1,39,1,0,0,1
"1720",2,0,20,0,0,0,0,0,0,0,0,0,0,0,0,0,4
"1721",2,0,6,0,0,0,8,0,0,0,0,0,0,0,0,0,7
"1722",0,0,20,0,0,0,0,0,0,0,0,0,0,0,0,0,4
"1723",0,0,16,0,0,0,0,0,0,0,0,0,0,0,0,0,4
"1724",2,0,4,0,0,10,0,0,0,0,0,0,0,0,0,0,3
"1725",0,0,0,18,0,0,0,0,0,0,0,0,0,0,0,0,1
"1726",6,0,22,0,0,0,0,0,0,0,0,0,0,0,0,0,4
"1727",0,0,0,24,0,0,0,0,0,0,0,0,0,0,0,0,1
"1728",0,0,18,0,0,0,8,0,0,0,0,0,0,0,0,0,27
"1729",0,0,0,10,0,0,0,0,0,0,0,0,0,0,0,0,1
"173",16,0,0,0,0,0,0,0,0,0,29,1,24,1,1,1,1
"1730",2,0,24,0,0,0,0,0,0,0,0,0,0,0,0,0,4
"1731",4,0,10,12,0,0,0,0,0,0,0,0,0,0,0,0,5
"1732",2,0,2,0,0,8,0,0,0,0,0,0,0,0,0,0,3
"1733",2,0,6,6,0,0,0,0,0,0,0,0,0,0,0,0,5
"1734",2,0,0,0,0,10,0,0,0,0,0,0,0,0,0,0,3
"1735",6,0,14,0,0,0,0,0,0,0,0,0,0,0,0,0,4
"1736",2,0,0,0,0,14,0,0,0,0,0,0,0,0,0,0,3
"1737",2,0,0,8,0,0,0,0,0,0,0,0,0,0,0,0,1
"1738",6,0,10,0,0,12,0,0,0,0,0,0,0,0,0,0,13
"1739",8,0,8,20,0,0,0,0,0,0,0,0,0,0,0,0,5
"174",9,0,0,0,0,0,0,0,0,0,35,1,29,0,0,0,1
"1740",2,0,22,0,0,0,0,0,0,0,0,0,0,0,0,0,4
"1741",0,0,10,0,0,0,0,0,0,0,0,0,0,0,0,0,4
"1742",4,0,0,0,0,2,12,0,0,0,0,0,0,0,0,0,1
"1743",2,0,2,0,0,24,0,0,0,0,0,0,0,0,0,0,3
"1744",2,0,14,0,0,0,0,0,0,0,0,0,0,0,0,0,4
"1745",2,0,10,0,0,8,0,0,0,0,0,0,0,0,0,0,13
"1746",2,0,18,0,0,0,0,0,0,0,0,0,0,0,0,0,4
"1747",4,0,22,0,0,0,0,0,0,0,0,0,0,0,0,0,4
"1748",4,0,12,0,0,0,0,0,0,0,0,0,0,0,0,0,4
"1749",8,0,16,0,0,0,0,0,0,0,0,0,0,0,0,0,4
"175",8,0,0,0,0,0,0,0,0,0,35,4,33,2,1,1,1
"1750",0,0,14,0,0,0,0,0,0,0,0,0,0,0,0,0,4
"1751",0,0,8,0,0,0,4,0,0,0,0,0,0,0,0,0,27
"1752",4,0,0,0,0,4,4,0,0,0,0,0,0,0,0,0,15
"1753",2,0,8,0,0,2,0,0,0,0,0,0,0,0,0,0,1
"1754",2,0,28,0,0,0,0,0,0,0,0,0,0,0,0,0,4
"1755",0,0,0,14,0,0,0,0,0,0,0,0,0,0,0,0,1
"1756",6,0,16,0,0,2,0,0,0,0,0,0,0,0,0,0,4
"1757",0,0,24,0,0,0,8,0,0,0,0,0,0,0,0,0,27
"1758",4,0,14,0,0,0,0,0,0,0,0,0,0,0,0,0,4
"1759",4,0,14,0,0,4,0,0,0,0,0,0,0,0,0,0,1
"176",10,0,0,0,0,0,0,0,0,0,24,0,21,0,0,0,1
"1760",2,0,26,0,0,0,0,0,0,0,0,0,0,0,0,0,4
"1761",0,0,6,0,0,18,0,0,0,0,0,0,0,0,0,0,3
"1762",2,0,0,0,0,0,16,0,0,0,0,0,0,0,0,0,6
"1763",2,0,12,0,0,0,0,0,0,0,0,0,0,0,0,0,4
"1764",4,0,0,0,0,16,0,0,0,0,0,0,0,0,0,0,3
"1765",0,0,28,0,0,0,0,0,0,0,0,0,0,0,0,0,4
"1766",0,0,0,0,0,12,0,0,0,0,0,0,0,0,0,0,3
"1767",2,0,26,0,0,0,0,0,0,0,0,0,0,0,0,0,4
"1768",4,0,14,0,0,0,0,0,0,0,0,0,0,0,0,0,4
"1769",6,0,12,0,0,0,0,0,0,0,0,0,0,0,0,0,4
"177",10,0,0,0,0,0,0,0,0,0,24,5,24,4,2,2,1
"1770",4,0,20,0,0,0,0,0,0,0,0,0,0,0,0,0,4
"1771",2,0,12,0,0,0,0,0,0,0,0,0,0,0,0,0,4
"1772",4,0,18,0,0,0,0,0,0,0,0,0,0,0,0,0,4
"1773",0,0,0,0,0,18,0,0,0,0,0,0,0,0,0,0,3
"1774",0,0,0,0,0,8,0,0,0,0,0,0,0,0,0,0,3
"1775",0,0,6,0,0,0,0,0,0,0,0,0,0,0,0,0,4
"1776",0,0,10,0,0,6,0,0,0,0,0,0,0,0,0,0,13
"1777",2,0,0,0,0,28,0,0,0,0,0,0,0,0,0,0,3
"1778",4,0,20,0,0,0,0,0,0,0,0,0,0,0,0,0,4
"1779",0,0,18,0,0,0,0,0,0,0,0,0,0,0,0,0,4
"178",9,0,0,0,0,0,0,0,0,0,45,4,41,3,3,2,1
"1780",2,0,0,24,0,0,0,0,0,0,0,0,0,0,0,0,1
"1781",4,0,10,0,0,0,0,0,0,0,0,0,0,0,0,0,4
"1782",2,0,22,0,0,0,0,0,0,0,0,0,0,0,0,0,4
"1783",4,0,0,16,0,0,0,0,0,0,0,0,0,0,0,0,1
"1784",2,0,0,0,0,26,2,0,0,0,0,0,0,0,0,0,3
"1785",2,0,8,0,0,2,0,0,0,0,0,0,0,0,0,0,1
"1786",4,0,22,0,0,0,0,0,0,0,0,0,0,0,0,0,4
"1787",0,0,0,0,0,16,0,0,0,0,0,0,0,0,0,0,3
"1788",2,0,4,6,0,0,0,0,0,0,0,0,0,0,0,0,5
"1789",4,0,16,0,0,0,0,0,0,0,0,0,0,0,0,0,4
"179",5,0,0,0,0,0,0,0,0,0,42,2,38,1,1,1,1
"1790",4,0,22,0,0,0,0,0,0,0,0,0,0,0,0,0,4
"1791",4,0,0,0,0,12,0,0,0,0,0,0,0,0,0,0,3
"1792",2,0,26,0,0,0,0,0,0,0,0,0,0,0,0,0,4
"1793",2,0,0,28,0,0,0,0,0,0,0,0,0,0,0,0,1
"1794",0,0,14,0,0,6,0,0,0,0,0,0,0,0,0,0,9
"1795",0,0,0,0,0,0,20,0,0,0,0,0,0,0,0,0,6
"1796",2,0,0,12,0,0,0,0,0,0,0,0,0,0,0,0,1
"1797",0,0,16,0,0,0,0,0,0,0,0,0,0,0,0,0,4
"1798",0,0,4,0,0,0,0,0,0,0,0,0,0,0,0,0,4
"1799",2,0,0,0,0,20,0,0,0,0,0,0,0,0,0,0,3
"18",9,0,0,0,0,0,0,0,0,0,32,3,31,2,2,2,1
"180",4,0,0,0,0,0,0,0,0,0,35,3,35,3,1,1,1
"1800",4,0,6,0,0,0,0,0,0,0,0,0,0,0,0,0,4
"1801",2,0,0,0,0,26,0,0,0,0,0,0,0,0,0,0,3
"1802",2,0,8,0,0,0,0,0,0,0,0,0,0,0,0,0,4
"1803",4,0,28,0,0,0,0,0,0,0,0,0,0,0,0,0,4
"1804",2,0,14,0,0,0,0,0,0,0,0,0,0,0,0,0,4
"1805",2,0,12,0,0,0,0,0,0,0,0,0,0,0,0,0,4
"1806",4,4,0,0,0,28,0,0,0,0,0,0,0,0,0,0,17
"1807",0,0,0,22,0,0,0,0,0,0,0,0,0,0,0,0,1
"1808",2,0,14,0,0,0,0,0,0,0,0,0,0,0,0,0,4
"1809",0,0,6,0,0,0,12,0,0,0,0,0,0,0,0,0,14
"181",12,0,0,0,0,0,0,0,0,0,27,2,24,1,1,0,1
"1810",0,0,10,0,0,0,0,0,0,0,0,0,0,0,0,0,4
"1811",2,0,0,0,0,18,0,0,0,0,0,0,0,0,0,0,3
"1812",8,0,0,0,0,10,0,0,0,0,0,0,0,0,0,0,8
"1813",6,0,0,16,0,0,0,0,0,0,0,0,0,0,0,0,1
"1814",8,0,12,0,0,0,0,0,0,0,0,0,0,0,0,0,4
"1815",8,0,0,0,0,6,0,0,0,0,0,0,0,0,0,0,8
"1816",2,0,8,0,0,0,0,0,0,0,0,0,0,0,0,0,4
"1817",2,0,10,0,0,2,0,0,0,0,0,0,0,0,0,0,28
"1818",0,0,4,0,0,4,0,0,0,0,0,0,0,0,0,0,13
"1819",0,0,16,0,0,0,0,0,0,0,0,0,0,0,0,0,4
"182",13,0,0,0,0,0,0,0,0,0,36,2,31,2,1,1,1
"1820",2,0,0,0,0,18,0,0,0,0,0,0,0,0,0,0,3
"1821",6,0,14,0,0,0,0,0,0,0,0,0,0,0,0,0,4
"1822",4,0,0,0,0,0,20,0,0,0,0,0,0,0,0,0,6
"1823",2,0,0,0,0,0,0,0,16,0,0,0,0,0,0,0,16
"1824",4,0,16,0,0,0,0,0,0,0,0,0,0,0,0,0,4
"1825",4,0,0,0,0,0,0,0,0,16,0,0,0,0,0,0,1
"1826",2,0,20,0,0,0,0,0,0,0,0,0,0,0,0,0,4
"1827",6,0,16,0,0,8,0,0,0,0,0,0,0,0,0,0,13
"1828",0,0,26,0,0,0,0,0,0,0,0,0,0,0,0,0,4
"1829",4,0,0,0,0,0,10,0,0,0,0,0,0,0,0,0,6
"183",3,0,0,0,0,0,0,0,0,0,39,1,33,1,0,0,1
"1830",2,0,0,0,0,2,0,0,8,0,0,0,0,0,0,0,23
"1831",4,0,2,0,0,10,0,0,0,0,0,0,0,0,0,0,3
"1832",6,0,14,0,0,0,0,0,0,0,0,0,0,0,0,0,4
"1833",8,0,0,0,0,22,0,0,0,0,0,0,0,0,0,0,3
"1834",0,0,0,0,0,0,12,0,0,0,0,0,0,0,0,0,6
"1835",2,0,0,0,0,10,0,0,0,0,0,0,0,0,0,0,3
"1836",0,0,20,0,0,0,0,0,0,0,0,0,0,0,0,0,4
"1837",0,0,2,0,0,18,0,0,0,0,0,0,0,0,0,0,3
"1838",2,0,0,0,0,0,10,0,0,0,0,0,0,0,0,0,6
"1839",0,0,18,0,0,0,0,0,0,0,0,0,0,0,0,0,4
"184",10,0,0,0,0,0,0,0,0,0,43,2,37,1,0,0,1
"1840",2,0,4,0,0,10,0,0,0,0,0,0,0,0,0,0,3
"1841",4,0,0,0,0,0,0,14,0,0,0,0,0,0,0,0,1
"1842",4,0,10,0,0,0,0,0,0,0,0,0,0,0,0,0,4
"1843",6,0,16,0,0,0,0,0,0,0,0,0,0,0,0,0,4
"1844",0,0,0,0,0,0,14,0,0,0,0,0,0,0,0,0,6
"1845",2,0,0,20,0,0,0,0,0,0,0,0,0,0,0,0,1
"1846",4,0,0,0,0,8,0,0,0,0,0,0,0,0,0,0,3
"1847",4,0,10,0,0,2,0,0,0,0,0,0,0,0,0,0,4
"1848",4,0,0,0,0,20,0,0,0,0,0,0,0,0,0,0,3
"1849",6,0,6,0,0,0,0,0,0,0,0,0,0,0,0,0,19
"185",8,0,0,0,0,0,0,0,0,0,34,1,31,1,1,1,1
"1850",6,0,16,0,0,0,0,0,0,0,0,0,0,0,0,0,4
"1851",0,0,0,0,0,16,0,0,0,0,0,0,0,0,0,0,3
"1852",0,0,0,0,0,14,0,0,0,0,0,0,0,0,0,0,3
"1853",0,0,0,0,0,16,0,0,0,0,0,0,0,0,0,0,3
"1854",0,0,0,0,0,20,0,0,0,0,0,0,0,0,0,0,3
"1855",6,0,12,0,0,0,0,0,0,0,0,0,0,0,0,0,4
"1856",2,0,8,0,0,4,0,0,0,0,0,0,0,0,0,0,13
"1857",0,0,0,0,0,0,20,0,0,0,0,0,0,0,0,0,6
"1858",0,0,0,16,0,0,0,0,0,0,0,0,0,0,0,0,1
"1859",0,0,18,0,0,0,0,0,0,0,0,0,0,0,0,0,4
"186",8,0,0,0,0,0,0,0,0,0,31,2,28,1,0,0,1
"1860",0,0,0,0,0,2,10,0,0,0,0,0,0,0,0,0,9
"1861",2,0,14,0,0,0,0,0,0,0,0,0,0,0,0,0,4
"1862",4,0,14,4,0,0,0,0,0,0,0,0,0,0,0,0,4
"1863",0,0,28,0,0,0,0,0,0,0,0,0,0,0,0,0,4
"1864",4,0,10,0,0,0,0,0,0,0,0,0,0,0,0,0,4
"1865",0,0,12,0,0,0,0,0,0,0,0,0,0,0,0,0,4
"1866",2,0,20,0,0,0,0,0,0,0,0,0,0,0,0,0,4
"1867",0,0,0,0,0,22,0,0,0,0,0,0,0,0,0,0,3
"1868",0,0,0,0,0,20,0,0,0,0,0,0,0,0,0,0,3
"1869",2,0,0,0,0,0,18,0,0,0,0,0,0,0,0,0,6
"187",6,0,0,0,0,0,0,0,0,0,44,3,39,2,0,0,1
"1870",4,0,0,0,0,0,0,0,0,14,0,0,0,0,0,0,1
"1871",4,0,0,0,0,24,0,0,0,0,0,0,0,0,0,0,3
"1872",2,0,20,0,0,0,0,0,0,0,0,0,0,0,0,0,4
"1873",6,0,2,12,0,0,0,0,0,0,0,0,0,0,0,0,1
"1874",2,0,0,0,0,0,8,0,0,0,0,0,0,0,0,0,6
"1875",4,0,0,0,0,12,0,0,0,0,0,0,0,0,0,0,3
"1876",2,0,0,0,0,10,0,0,0,0,0,0,0,0,0,0,3
"1877",4,0,12,0,0,0,0,0,0,6,0,0,0,0,0,0,16
"1878",4,16,0,0,0,0,0,0,0,0,0,0,0,0,0,0,1
"1879",4,0,16,0,0,0,0,0,0,0,0,0,0,0,0,0,4
"188",13,0,0,0,0,0,0,0,0,0,43,3,40,2,1,0,1
"1880",2,0,8,0,0,0,0,0,0,0,0,0,0,0,0,0,4
"1881",2,0,0,0,0,0,28,0,0,0,0,0,0,0,0,0,6
"1882",6,0,18,0,0,0,0,0,0,0,0,0,0,0,0,0,4
"1883",2,0,12,0,0,0,0,0,0,0,0,0,0,0,0,0,4
"1884",4,0,0,0,0,14,0,0,0,0,0,0,0,0,0,0,3
"1885",0,0,10,0,0,0,0,0,0,0,0,0,0,0,0,0,4
"1886",8,0,0,0,0,28,0,0,0,0,0,0,0,0,0,0,3
"1887",2,0,18,0,0,0,0,0,0,0,0,0,0,0,0,0,4
"1888",0,0,0,0,0,0,0,0,18,0,0,0,0,0,0,0,16
"1889",0,0,10,0,0,0,0,0,0,0,0,0,0,0,0,0,4
"189",11,0,0,0,0,0,0,0,0,0,31,3,26,3,2,2,1
"1890",0,0,0,0,0,16,0,0,0,0,0,0,0,0,0,0,3
"1891",6,0,22,0,0,0,0,0,0,0,0,0,0,0,0,0,4
"1892",2,0,0,0,0,16,0,0,0,0,0,0,0,0,0,0,3
"1893",0,0,0,20,0,0,0,0,0,0,0,0,0,0,0,0,1
"1894",4,0,10,0,0,8,0,0,0,0,0,0,0,0,0,0,13
"1895",0,0,16,0,0,0,0,0,0,0,0,0,0,0,0,0,4
"1896",2,0,0,0,0,16,0,0,0,0,0,0,0,0,0,0,3
"1897",4,0,28,0,0,0,0,0,0,0,0,0,0,0,0,0,4
"1898",2,0,16,0,0,0,0,0,0,0,0,0,0,0,0,0,4
"1899",2,0,20,0,0,0,0,0,0,0,0,0,0,0,0,0,4
"19",7,0,0,0,0,0,0,0,0,0,34,2,30,1,1,1,1
"190",12,0,0,0,0,0,0,0,0,0,36,3,32,3,2,2,1
"1900",0,0,0,20,0,0,0,0,0,0,0,0,0,0,0,0,1
"1901",2,0,0,0,0,24,0,0,0,0,0,0,0,0,0,0,3
"1902",2,0,0,0,0,0,16,0,0,0,0,0,0,0,0,0,6
"1903",2,0,24,0,0,0,2,0,0,0,0,0,0,0,0,0,9
"1904",4,0,0,22,0,0,0,0,0,0,0,0,0,0,0,0,1
"1905",0,0,0,20,0,0,0,0,0,0,0,0,0,0,0,0,1
"1906",6,0,2,0,0,0,12,0,0,0,0,0,0,0,0,0,1
"1907",2,0,14,0,0,0,0,0,0,0,0,0,0,0,0,0,4
"1908",2,0,12,0,0,0,0,0,0,0,0,0,0,0,0,0,4
"1909",0,0,12,0,0,0,0,0,0,0,0,0,0,0,0,0,4
"191",10,0,0,0,0,0,0,0,0,0,34,1,30,1,1,1,1
"1910",4,0,18,0,0,0,0,0,0,0,0,0,0,0,0,0,4
"1911",2,0,26,0,0,0,0,0,0,0,0,0,0,0,0,0,4
"1912",6,0,10,0,0,0,0,0,0,0,0,0,0,0,0,0,4
"1913",0,0,24,0,0,0,0,0,0,0,0,0,0,0,0,0,4
"1914",2,0,10,0,0,8,0,0,0,0,0,0,0,0,0,0,13
"1915",4,0,20,0,0,0,0,0,0,0,0,0,0,0,0,0,4
"1916",0,0,6,0,0,14,0,0,0,0,0,0,0,0,0,0,3
"1917",0,0,20,6,0,0,0,0,0,0,0,0,0,0,0,0,4
"1918",4,0,10,0,0,0,0,0,0,0,0,0,0,0,0,0,4
"1919",0,0,0,0,0,8,0,0,0,0,0,0,0,0,0,0,3
"192",12,0,0,0,0,0,0,0,0,0,41,6,35,5,2,2,1
"1920",0,0,0,0,0,10,0,0,0,0,0,0,0,0,0,0,3
"1921",0,0,16,0,0,0,0,0,0,0,0,0,0,0,0,0,4
"1922",2,0,20,0,0,0,0,0,0,0,0,0,0,0,0,0,4
"1923",6,0,12,0,0,0,0,0,0,0,0,0,0,0,0,0,4
"1924",0,0,6,0,0,10,0,0,0,0,0,0,0,0,0,0,3
"1925",6,0,12,0,0,0,0,0,0,0,0,0,0,0,0,0,4
"1926",2,0,16,0,0,0,0,0,0,0,0,0,0,0,0,0,4
"1927",6,0,4,0,0,16,0,0,0,0,0,0,0,0,0,0,3
"1928",8,0,0,0,0,0,20,0,0,0,0,0,0,0,0,0,6
"1929",0,0,4,0,0,4,0,0,0,0,0,0,0,0,0,0,13
"193",9,0,0,0,0,0,0,0,0,0,38,1,32,1,1,1,1
"1930",2,0,8,0,0,0,0,0,10,0,0,0,0,0,0,0,24
"1931",8,0,22,0,0,2,0,0,0,0,0,0,0,0,0,0,4
"1932",2,0,0,20,0,0,0,0,0,0,0,0,0,0,0,0,1
"1933",0,0,16,0,0,0,0,0,0,0,0,0,0,0,0,0,4
"1934",2,0,0,0,0,0,0,10,0,0,0,0,0,0,0,0,1
"1935",0,0,4,0,0,0,0,0,0,0,0,0,0,0,0,0,4
"1936",8,0,14,0,0,0,0,0,0,0,0,0,0,0,0,0,4
"1937",0,0,14,0,0,0,0,0,0,0,0,0,0,0,0,0,4
"1938",2,0,0,0,0,24,0,0,0,0,0,0,0,0,0,0,3
"1939",6,0,0,10,0,0,0,0,0,0,0,0,0,0,0,0,28
"194",10,0,0,0,0,0,0,0,0,0,37,1,35,0,0,0,1
"1940",6,0,0,22,0,0,0,0,0,0,0,0,0,0,0,0,1
"1941",2,4,0,0,0,0,0,0,0,0,0,0,0,0,0,0,1
"1942",4,0,12,0,0,2,0,0,0,0,0,0,0,0,0,0,1
"1943",0,0,6,0,0,0,2,0,0,0,0,0,0,0,0,0,27
"1944",6,0,0,0,0,20,0,0,0,0,0,0,0,0,0,0,3
"1945",0,0,24,0,0,0,0,0,0,0,0,0,0,0,0,0,4
"1946",0,0,16,0,0,0,0,0,0,0,0,0,0,0,0,0,4
"1947",8,0,0,4,0,0,0,0,0,0,0,0,0,0,0,0,9
"1948",4,0,20,0,0,0,0,0,0,0,0,0,0,0,0,0,4
"1949",0,0,14,0,0,8,0,0,0,0,0,0,0,0,0,0,13
"195",12,0,0,0,0,0,0,0,0,0,32,1,28,1,0,0,1
"1950",0,0,20,0,0,0,0,0,0,0,0,0,0,0,0,0,4
"1951",0,0,16,0,0,0,0,0,0,0,0,0,0,0,0,0,4
"1952",2,0,0,4,0,6,0,0,0,0,0,0,0,0,0,0,6
"1953",0,0,0,0,0,0,24,0,0,0,0,0,0,0,0,0,6
"1954",4,0,0,0,0,2,0,12,0,0,0,0,0,0,0,0,1
"1955",2,0,0,0,0,0,0,0,0,12,0,0,0,0,0,0,1
"1956",2,0,0,16,0,0,0,0,0,0,0,0,0,0,0,0,1
"1957",2,0,10,0,0,0,0,0,0,0,0,0,0,0,0,0,4
"1958",4,0,6,0,0,0,4,0,0,0,0,0,0,0,0,0,34
"1959",2,0,28,0,0,0,0,0,0,0,0,0,0,0,0,0,4
"196",12,0,0,0,0,0,0,0,0,0,25,1,22,1,0,0,1
"1960",4,0,0,0,0,14,0,0,0,0,0,0,0,0,0,0,3
"1961",4,0,0,0,0,14,0,0,0,0,0,0,0,0,0,0,3
"1962",4,0,0,0,0,14,0,0,0,0,0,0,0,0,0,0,3
"1963",6,0,6,0,0,10,0,0,0,0,0,0,0,0,0,0,2
"1964",4,0,14,0,0,0,0,0,0,0,0,0,0,0,0,0,4
"1965",6,0,0,16,0,6,0,0,0,0,0,0,0,0,0,0,28
"1966",2,0,0,0,0,20,0,0,0,0,0,0,0,0,0,0,3
"1967",2,0,16,0,0,0,0,0,0,0,0,0,0,0,0,0,4
"1968",0,0,0,0,0,14,0,0,0,0,0,0,0,0,0,0,3
"1969",4,0,8,0,0,0,0,0,0,0,0,0,0,0,0,0,4
"197",6,0,0,0,0,0,0,0,0,0,42,5,33,3,2,1,1
"1970",2,0,12,0,0,0,0,0,0,0,0,0,0,0,0,0,4
"1971",4,0,14,0,0,0,0,0,0,0,0,0,0,0,0,0,4
"1972",4,0,16,0,0,0,0,0,0,0,0,0,0,0,0,0,4
"1973",2,0,0,16,0,0,0,0,0,0,0,0,0,0,0,0,1
"1974",2,0,16,0,0,0,0,0,0,0,0,0,0,0,0,0,4
"1975",6,0,10,0,0,0,0,0,0,0,0,0,0,0,0,0,4
"1976",4,0,0,0,0,0,0,0,16,0,0,0,0,0,0,0,1
"1977",4,0,0,0,0,14,0,0,0,0,0,0,0,0,0,0,3
"1978",2,0,4,0,0,14,0,0,0,0,0,0,0,0,0,0,3
"1979",0,0,6,0,0,6,0,0,0,0,0,0,0,0,0,0,13
"198",6,0,0,0,0,0,0,0,0,0,36,4,33,4,2,2,1
"1980",6,0,8,0,0,6,0,0,0,0,0,0,0,0,0,0,13
"1981",2,0,0,0,0,6,6,0,0,0,0,0,0,0,0,0,1
"1982",0,0,0,0,0,12,0,0,0,0,0,0,0,0,0,0,3
"1983",0,0,14,0,0,0,0,0,0,0,0,0,0,0,0,0,4
"1984",0,0,2,0,0,4,0,0,0,0,0,0,0,0,0,0,3
"1985",0,0,6,0,0,10,0,0,0,0,0,0,0,0,0,0,3
"1986",8,0,22,0,0,0,0,0,0,0,0,0,0,0,0,0,4
"1987",6,0,0,0,0,20,0,0,0,0,0,0,0,0,0,0,3
"1988",8,0,20,0,0,0,0,0,0,0,0,0,0,0,0,0,4
"1989",4,0,12,0,0,0,0,0,0,0,0,0,0,0,0,0,4
"199",13,0,0,0,0,0,0,0,0,0,36,1,33,1,1,0,1
"1990",2,0,0,0,0,16,0,0,0,0,0,0,0,0,0,0,3
"1991",0,0,4,0,0,8,0,0,0,0,0,0,0,0,0,0,3
"1992",6,0,32,0,0,0,0,0,0,0,0,0,0,0,0,0,4
"1993",4,0,0,0,0,14,0,0,0,0,0,0,0,0,0,0,3
"1994",2,0,0,0,0,0,0,0,12,0,0,0,0,0,0,0,16
"1995",4,0,0,0,0,16,0,0,0,0,0,0,0,0,0,0,3
"1996",0,0,6,0,0,0,0,6,0,0,0,0,0,0,0,0,35
"1997",2,0,12,0,0,10,0,0,0,0,0,0,0,0,0,0,13
"1998",0,0,0,0,0,14,0,0,0,0,0,0,0,0,0,0,3
"1999",2,0,14,0,0,0,0,0,0,0,0,0,0,0,0,0,4
"2",12,0,0,0,0,0,0,0,0,0,43,1,37,1,0,0,1
"20",9,0,0,0,0,0,0,0,0,0,39,1,33,1,0,0,1
"200",11,0,0,0,0,0,0,0,0,0,43,2,37,2,1,1,1
"2000",2,0,8,0,0,8,0,0,0,0,0,0,0,0,0,0,13
"201",9,0,0,0,0,0,0,0,0,0,34,3,30,2,1,1,1
"202",6,0,0,0,0,0,0,0,0,0,35,1,32,1,0,0,1
"203",7,0,0,0,0,0,0,0,0,0,27,2,24,0,0,0,1
"204",14,0,0,0,0,0,0,0,0,0,30,2,24,2,1,1,1
"205",8,0,0,0,0,0,0,0,0,0,44,1,38,1,0,0,1
"206",10,0,0,0,0,0,0,0,0,0,31,0,30,0,0,0,1
"207",9,0,0,0,0,0,0,0,0,0,34,4,30,4,2,1,1
"208",7,0,0,0,0,0,0,0,0,0,52,3,43,1,0,0,1
"209",4,0,0,0,0,0,0,0,0,0,46,1,42,0,0,0,1
"21",9,0,0,0,0,0,0,0,0,0,52,2,45,1,1,1,1
"210",14,0,0,0,0,0,0,0,0,0,46,3,43,0,0,0,1
"211",7,0,0,0,0,0,0,0,0,0,39,4,33,2,1,0,1
"212",11,0,0,0,0,0,0,0,0,0,47,2,37,1,1,0,1
"213",11,0,0,0,0,0,0,0,0,0,38,3,33,3,0,0,1
"214",7,0,0,0,0,0,0,0,0,0,43,4,34,3,2,1,1
"215",15,0,0,0,0,0,0,0,0,0,42,0,35,0,0,0,1
"216",6,0,0,0,0,0,0,0,0,0,39,3,35,2,1,1,1
"217",6,0,0,0,0,0,0,0,0,0,35,2,30,1,1,0,1
"218",4,0,0,0,0,0,0,0,0,0,35,4,33,3,2,2,1
"219",11,0,0,0,0,0,0,0,0,0,43,5,41,4,1,1,1
"22",10,0,0,0,0,0,0,0,0,0,38,1,34,0,0,0,1
"220",8,0,0,0,0,0,0,0,0,0,33,4,32,4,2,2,1
"221",16,0,0,0,0,0,0,0,0,0,41,4,37,2,1,0,1
"222",13,0,0,0,0,0,0,0,0,0,50,4,45,3,2,2,1
"223",4,0,0,0,0,0,0,0,0,0,40,3,35,3,1,1,1
"224",7,0,0,0,0,0,0,0,0,0,38,1,34,0,0,0,1
"225",8,0,0,0,0,0,0,0,0,0,35,0,32,0,0,0,1
"226",7,0,0,0,0,0,0,0,0,0,38,2,32,2,2,1,1
"227",6,0,0,0,0,0,0,0,0,0,40,2,34,2,1,0,1
"228",8,0,0,0,0,0,0,0,0,0,37,2,35,1,1,1,1
"229",13,0,0,0,0,0,0,0,0,0,34,2,25,2,2,2,1
"23",11,0,0,0,0,0,0,0,0,0,38,1,37,0,0,0,1
"230",6,0,0,0,0,0,0,0,0,0,41,1,35,1,1,1,1
"231",10,0,0,0,0,0,0,0,0,0,33,2,28,2,1,1,1
"232",9,0,0,0,0,0,0,0,0,0,38,3,34,2,2,2,1
"233",5,0,0,0,0,0,0,0,0,0,37,0,30,0,0,0,1
"234",16,0,0,0,0,0,0,0,0,0,37,1,33,1,0,0,1
"235",8,0,0,0,0,0,0,0,0,0,43,5,39,5,1,1,1
"236",11,0,0,0,0,0,0,0,0,0,41,1,35,1,0,0,1
"237",9,0,0,0,0,0,0,0,0,0,39,3,37,1,0,0,1
"238",13,0,0,0,0,0,0,0,0,0,50,3,43,3,2,2,1
"239",7,0,0,0,0,0,0,0,0,0,39,2,33,1,1,1,1
"24",10,0,0,0,0,0,0,0,0,0,22,3,20,1,0,0,1
"240",11,0,0,0,0,0,0,0,0,0,36,1,31,1,1,0,1
"241",5,0,0,0,0,0,0,0,0,0,33,4,30,4,2,1,1
"242",11,0,0,0,0,0,0,0,0,0,37,2,35,1,0,0,1
"243",11,0,0,0,0,0,0,0,0,0,36,5,35,4,3,3,1
"244",7,0,0,0,0,0,0,0,0,0,40,3,35,1,0,0,1
"245",7,0,0,0,0,0,0,0,0,0,39,2,34,1,0,0,1
"246",7,0,0,0,0,0,0,0,0,0,45,1,40,1,1,1,1
"247",11,0,0,0,0,0,0,0,0,0,41,2,38,2,1,1,1
"248",4,0,0,0,0,0,0,0,0,0,40,2,37,2,1,1,1
"249",7,0,0,0,0,0,0,0,0,0,35,1,33,1,1,1,1
"25",8,0,0,0,0,0,0,0,0,0,25,1,22,1,0,0,1
"250",8,0,0,0,0,0,0,0,0,0,35,0,33,0,0,0,1
"251",14,0,0,0,0,0,0,0,0,0,38,1,28,0,0,0,1
"252",11,0,0,0,0,0,0,0,0,0,48,4,42,4,2,1,1
"253",9,0,0,0,0,0,0,0,0,0,32,1,30,1,0,0,1
"254",5,0,0,0,0,0,0,0,0,0,35,4,32,3,2,1,1
"255",9,0,0,0,0,0,0,0,0,0,34,0,31,0,0,0,1
"256",6,0,0,0,0,0,0,0,0,0,36,3,31,1,0,0,1
"257",11,0,0,0,0,0,0,0,0,0,33,5,31,3,3,2,1
"258",10,0,0,0,0,0,0,0,0,0,37,1,31,0,0,0,1
"259",9,0,0,0,0,0,0,0,0,0,41,3,36,1,0,0,1
"26",9,0,0,0,0,0,0,0,0,0,44,3,37,2,1,1,1
"260",8,0,0,0,0,0,0,0,0,0,37,4,30,4,1,1,1
"261",8,0,0,0,0,0,0,0,0,0,33,1,27,0,0,0,1
"262",11,0,0,0,0,0,0,0,0,0,23,3,22,3,1,0,1
"263",7,0,0,0,0,0,0,0,0,0,32,2,30,1,0,0,1
"264",9,0,0,0,0,0,0,0,0,0,41,2,38,2,1,1,1
"265",6,0,0,0,0,0,0,0,0,0,36,4,33,3,1,1,1
"266",12,0,0,0,0,0,0,0,0,0,30,2,28,1,1,1,1
"267",5,0,0,0,0,0,0,0,0,0,31,3,27,1,0,0,1
"268",5,0,0,0,0,0,0,0,0,0,37,2,35,2,0,0,1
"269",9,0,0,0,0,0,0,0,0,0,34,2,31,1,1,1,1
"27",13,0,0,0,0,0,0,0,0,0,38,3,29,1,1,1,1
"270",6,0,0,0,0,0,0,0,0,0,39,2,38,1,1,1,1
"271",13,0,0,0,0,0,0,0,0,0,31,2,28,1,1,1,1
"272",11,0,0,0,0,0,0,0,0,0,34,3,29,2,1,1,1
"273",11,0,0,0,0,0,0,0,0,0,30,3,25,2,1,1,1
"274",8,0,0,0,0,0,0,0,0,0,46,7,41,5,5,3,1
"275",11,0,0,0,0,0,0,0,0,0,45,2,36,1,1,0,1
"276",9,0,0,0,0,0,0,0,0,0,38,2,28,2,0,0,1
"277",14,0,0,0,0,0,0,0,0,0,37,2,31,1,1,1,1
"278",11,0,0,0,0,0,0,0,0,0,40,3,36,3,2,2,1
"279",13,0,0,0,0,0,0,0,0,0,38,2,31,1,0,0,1
"28",9,0,0,0,0,0,0,0,0,0,38,1,33,1,0,0,1
"280",9,0,0,0,0,0,0,0,0,0,30,2,28,0,0,0,1
"281",11,0,0,0,0,0,0,0,0,0,39,1,37,0,0,0,1
"282",11,0,0,0,0,0,0,0,0,0,39,2,34,2,2,2,1
"283",9,0,0,0,0,0,0,0,0,0,37,1,33,0,0,0,1
"284",6,0,0,0,0,0,0,0,0,0,26,3,23,2,0,0,1
"285",13,0,0,0,0,0,0,0,0,0,32,2,27,2,0,0,1
"286",4,0,0,0,0,0,0,0,0,0,38,1,32,1,1,0,1
"287",4,0,0,0,0,0,0,0,0,0,36,3,32,2,2,2,1
"288",4,0,0,0,0,0,0,0,0,0,37,3,34,2,1,1,1
"289",7,0,0,0,0,0,0,0,0,0,38,4,37,4,2,0,1
"29",7,0,0,0,0,0,0,0,0,0,46,2,43,1,1,1,1
"290",7,0,0,0,0,0,0,0,0,0,23,2,20,2,2,1,1
"291",11,0,0,0,0,0,0,0,0,0,36,2,29,2,1,1,1
"292",10,0,0,0,0,0,0,0,0,0,37,3,33,2,0,0,1
"293",14,0,0,0,0,0,0,0,0,0,36,4,31,3,1,0,1
"294",6,0,0,0,0,0,0,0,0,0,27,2,23,1,0,0,1
"295",11,0,0,0,0,0,0,0,0,0,42,4,37,3,2,2,1
"296",9,0,0,0,0,0,0,0,0,0,34,2,28,1,1,1,1
"297",7,0,0,0,0,0,0,0,0,0,31,1,28,1,0,0,1
"298",11,0,0,0,0,0,0,0,0,0,25,1,23,1,1,1,1
"299",11,0,0,0,0,0,0,0,0,0,46,5,44,2,1,0,1
"3",9,0,0,0,0,0,0,0,0,0,34,2,29,0,0,0,1
"30",8,0,0,0,0,0,0,0,0,0,43,2,40,2,1,1,1
"300",8,0,0,0,0,0,0,0,0,0,38,0,31,0,0,0,1
"301",8,0,0,0,0,0,0,0,0,0,34,1,29,1,1,1,1
"302",8,0,0,0,0,0,0,0,0,0,30,2,26,1,0,0,1
"303",7,0,0,0,0,0,0,0,0,0,31,3,26,2,0,0,1
"304",8,0,0,0,0,0,0,0,0,0,33,2,26,2,2,0,1
"305",10,0,0,0,0,0,0,0,0,0,40,3,35,1,0,0,1
"306",10,0,0,0,0,0,0,0,0,0,31,2,30,1,1,1,1
"307",12,0,0,0,0,0,0,0,0,0,35,3,32,1,1,1,1
"308",15,0,0,0,0,0,0,0,0,0,37,0,31,0,0,0,1
"309",9,0,0,0,0,0,0,0,0,0,48,1,42,0,0,0,1
"31",11,0,0,0,0,0,0,0,0,0,38,3,37,3,3,2,1
"310",12,0,0,0,0,0,0,0,0,0,38,2,37,2,1,1,1
"311",11,0,0,0,0,0,0,0,0,0,37,2,33,1,0,0,1
"312",10,0,0,0,0,0,0,0,0,0,33,4,29,4,1,1,1
"313",13,0,0,0,0,0,0,0,0,0,31,2,29,2,1,1,1
"314",10,0,0,0,0,0,0,0,0,0,43,3,38,3,0,0,1
"315",6,0,0,0,0,0,0,0,0,0,36,2,34,2,1,1,1
"316",9,0,0,0,0,0,0,0,0,0,39,3,37,2,2,1,1
"317",6,0,0,0,0,0,0,0,0,0,34,4,31,4,0,0,1
"318",7,0,0,0,0,0,0,0,0,0,45,0,38,0,0,0,1
"319",14,0,0,0,0,0,0,0,0,0,50,1,44,1,1,1,1
"32",7,0,0,0,0,0,0,0,0,0,37,1,32,1,0,0,1
"320",11,0,0,0,0,0,0,0,0,0,38,1,34,0,0,0,1
"321",7,0,0,0,0,0,0,0,0,0,33,5,30,3,1,1,1
"322",10,0,0,0,0,0,0,0,0,0,25,0,23,0,0,0,1
"323",15,0,0,0,0,0,0,0,0,0,38,4,35,2,1,1,1
"324",10,0,0,0,0,0,0,0,0,0,35,2,32,2,1,0,1
"325",17,0,0,0,0,0,0,0,0,0,35,2,26,2,1,0,1
"326",7,0,0,0,0,0,0,0,0,0,44,3,39,3,1,1,1
"327",12,0,0,0,0,0,0,0,0,0,41,2,38,2,2,2,1
"328",5,0,0,0,0,0,0,0,0,0,41,1,39,1,0,0,1
"329",12,0,0,0,0,0,0,0,0,0,30,0,28,0,0,0,1
"33",7,0,0,0,0,0,0,0,0,0,40,3,36,3,1,1,1
"330",9,0,0,0,0,0,0,0,0,0,39,1,36,1,1,1,1
"331",7,0,0,0,0,0,0,0,0,0,37,2,30,2,1,0,1
"332",10,0,0,0,0,0,0,0,0,0,26,2,24,2,2,2,1
"333",11,0,0,0,0,0,0,0,0,0,33,0,31,0,0,0,1
"334",14,0,0,0,0,0,0,0,0,0,42,0,36,0,0,0,1
"335",7,0,0,0,0,0,0,0,0,0,49,4,47,4,3,3,1
"336",16,0,0,0,0,0,0,0,0,0,30,2,24,1,0,0,1
"337",8,0,0,0,0,0,0,0,0,0,40,4,36,2,0,0,1
"338",8,0,0,0,0,0,0,0,0,0,48,2,44,2,2,2,1
"339",9,0,0,0,0,0,0,0,0,0,37,4,33,3,1,1,1
"34",7,0,0,0,0,0,0,0,0,0,36,2,32,0,0,0,1
"340",10,0,0,0,0,0,0,0,0,0,38,2,33,2,2,1,1
"341",9,0,0,0,0,0,0,0,0,0,46,8,43,5,3,2,1
"342",10,0,0,0,0,0,0,0,0,0,27,4,24,1,0,0,1
"343",15,0,0,0,0,0,0,0,0,0,46,3,39,3,3,1,1
"344",11,0,0,0,0,0,0,0,0,0,29,0,29,0,0,0,1
"345",14,0,0,0,0,0,0,0,0,0,41,3,38,2,0,0,1
"346",10,0,0,0,0,0,0,0,0,0,36,1,34,0,0,0,1
"347",15,0,0,0,0,0,0,0,0,0,36,1,30,0,0,0,1
"348",2,0,0,0,0,0,0,0,0,0,32,3,30,3,2,2,1
"349",14,0,0,0,0,0,0,0,0,0,33,2,28,2,1,1,1
"35",10,0,0,0,0,0,0,0,0,0,41,3,36,2,1,1,1
"350",4,0,0,0,0,0,0,0,0,0,35,4,30,3,3,2,1
"351",10,0,0,0,0,0,0,0,0,0,32,1,30,1,1,1,1
"352",10,0,0,0,0,0,0,0,0,0,29,3,24,3,3,3,1
"353",10,0,0,0,0,0,0,0,0,0,37,0,32,0,0,0,1
"354",9,0,0,0,0,0,0,0,0,0,28,0,25,0,0,0,1
"355",10,0,0,0,0,0,0,0,0,0,42,0,40,0,0,0,1
"356",11,0,0,0,0,0,0,0,0,0,45,1,40,0,0,0,1
"357",10,0,0,0,0,0,0,0,0,0,38,3,37,3,1,1,1
"358",11,0,0,0,0,0,0,0,0,0,42,1,33,1,1,1,1
"359",12,0,0,0,0,0,0,0,0,0,27,4,24,2,1,1,1
"36",10,0,0,0,0,0,0,0,0,0,28,1,25,0,0,0,1
"360",8,0,0,0,0,0,0,0,0,0,46,3,40,1,1,1,1
"361",8,0,0,0,0,0,0,0,0,0,36,1,32,1,0,0,1
"362",6,0,0,0,0,0,0,0,0,0,30,2,25,1,0,0,1
"363",18,0,0,0,0,0,0,0,0,0,34,2,28,0,0,0,1
"364",17,0,0,0,0,0,0,0,0,0,36,5,30,2,1,1,1
"365",11,0,0,0,0,0,0,0,0,0,28,3,27,2,1,1,1
"366",7,0,0,0,0,0,0,0,0,0,36,2,35,1,0,0,1
"367",12,0,0,0,0,0,0,0,0,0,47,5,43,4,3,3,1
"368",12,0,0,0,0,0,0,0,0,0,48,1,44,1,1,1,1
"369",10,0,0,0,0,0,0,0,0,0,43,4,39,2,0,0,1
"37",8,0,0,0,0,0,0,0,0,0,34,1,29,0,0,0,1
"370",9,0,0,0,0,0,0,0,0,0,28,1,26,0,0,0,1
"371",14,0,0,0,0,0,0,0,0,0,31,3,25,1,0,0,1
"372",9,0,0,0,0,0,0,0,0,0,30,3,30,3,1,1,1
"373",5,0,0,0,0,0,0,0,0,0,46,3,43,2,1,1,1
"374",9,0,0,0,0,0,0,0,0,0,36,3,34,1,0,0,1
"375",15,0,0,0,0,0,0,0,0,0,29,2,27,2,2,1,1
"376",6,0,0,0,0,0,0,0,0,0,45,2,37,2,2,1,1
"377",9,0,0,0,0,0,0,0,0,0,39,2,35,2,2,2,1
"378",4,0,0,0,0,0,0,0,0,0,34,3,30,2,0,0,1
"379",15,0,0,0,0,0,0,0,0,0,36,1,32,1,1,0,1
"38",3,0,0,0,0,0,0,0,0,0,36,5,31,4,2,2,1
"380",6,0,0,0,0,0,0,0,0,0,49,3,43,2,1,1,1
"381",8,0,0,0,0,0,0,0,0,0,35,3,32,2,2,2,1
"382",8,0,0,0,0,0,0,0,0,0,37,0,32,0,0,0,1
"383",10,0,0,0,0,0,0,0,0,0,31,0,27,0,0,0,1
"384",8,0,0,0,0,0,0,0,0,0,37,0,34,0,0,0,1
"385",9,0,0,0,0,0,0,0,0,0,34,1,30,1,0,0,1
"386",9,0,0,0,0,0,0,0,0,0,35,0,31,0,0,0,1
"387",9,0,0,0,0,0,0,0,0,0,35,1,31,1,0,0,1
"388",9,0,0,0,0,0,0,0,0,0,30,0,27,0,0,0,1
"389",9,0,0,0,0,0,0,0,0,0,39,3,35,3,0,0,1
"39",10,0,0,0,0,0,0,0,0,0,41,2,34,2,1,1,1
"390",5,0,0,0,0,0,0,0,0,0,32,2,32,2,2,2,1
"391",7,0,0,0,0,0,0,0,0,0,47,7,43,3,1,1,1
"392",10,0,0,0,0,0,0,0,0,0,47,7,42,5,4,3,1
"393",11,0,0,0,0,0,0,0,0,0,32,0,30,0,0,0,1
"394",7,0,0,0,0,0,0,0,0,0,45,3,40,2,1,0,1
"395",11,0,0,0,0,0,0,0,0,0,35,2,33,1,1,0,1
"396",10,0,0,0,0,0,0,0,0,0,42,1,38,1,0,0,1
"397",6,0,0,0,0,0,0,0,0,0,37,0,29,0,0,0,1
"398",7,0,0,0,0,0,0,0,0,0,33,0,29,0,0,0,1
"399",10,0,0,0,0,0,0,0,0,0,25,0,22,0,0,0,1
"4",9,0,0,0,0,0,0,0,0,0,40,2,31,0,0,0,1
"40",7,0,0,0,0,0,0,0,0,0,25,3,24,3,3,3,1
"400",2,0,0,0,0,0,0,0,0,0,39,3,36,2,1,1,1
"401",4,0,0,0,0,0,0,0,0,0,36,2,29,2,1,1,1
"402",12,0,0,0,0,0,0,0,0,0,47,2,42,2,1,0,1
"403",10,0,0,0,0,0,0,0,0,0,36,1,33,0,0,0,1
"404",11,0,0,0,0,0,0,0,0,0,36,2,35,1,1,0,1
"405",5,0,0,0,0,0,0,0,0,0,33,2,30,1,1,1,1
"406",9,0,0,0,0,0,0,0,0,0,33,1,27,1,0,0,1
"407",9,0,0,0,0,0,0,0,0,0,34,1,33,1,0,0,1
"408",7,0,0,0,0,0,0,0,0,0,36,5,29,4,2,1,1
"409",12,0,0,0,0,0,0,0,0,0,33,2,29,1,1,1,1
"41",7,0,0,0,0,0,0,0,0,0,46,2,43,1,1,1,1
"410",15,0,0,0,0,0,0,0,0,0,42,3,40,2,0,0,1
"411",6,0,0,0,0,0,0,0,0,0,38,2,34,2,1,1,1
"412",8,0,0,0,0,0,0,0,0,0,41,2,31,2,0,0,1
"413",11,0,0,0,0,0,0,0,0,0,33,1,29,1,1,1,1
"414",2,0,0,0,0,0,0,0,0,0,37,5,33,5,3,2,1
"415",9,0,0,0,0,0,0,0,0,0,34,4,32,2,0,0,1
"416",12,0,0,0,0,0,0,0,0,0,31,1,27,1,0,0,1
"417",11,0,0,0,0,0,0,0,0,0,44,1,37,1,1,1,1
"418",8,0,0,0,0,0,0,0,0,0,36,0,35,0,0,0,1
"419",13,0,0,0,0,0,0,0,0,0,33,2,29,1,1,1,1
"42",10,0,0,0,0,0,0,0,0,0,40,0,36,0,0,0,1
"420",4,0,0,0,0,0,0,0,0,0,36,4,27,3,2,2,1
"421",9,0,0,0,0,0,0,0,0,0,46,3,42,1,1,1,1
"422",9,0,0,0,0,0,0,0,0,0,39,2,34,2,0,0,1
"423",10,0,0,0,0,0,0,0,0,0,35,2,32,2,2,1,1
"424",13,0,0,0,0,0,0,0,0,0,32,1,25,1,0,0,1
"425",8,0,0,0,0,0,0,0,0,0,36,1,35,0,0,0,1
"426",8,0,0,0,0,0,0,0,0,0,31,1,29,1,1,0,1
"427",13,0,0,0,0,0,0,0,0,0,35,3,29,3,1,1,1
"428",11,0,0,0,0,0,0,0,0,0,41,2,39,2,2,1,1
"429",9,0,0,0,0,0,0,0,0,0,29,2,28,1,0,0,1
"43",14,0,0,0,0,0,0,0,0,0,35,1,31,1,1,1,1
"430",12,0,0,0,0,0,0,0,0,0,39,2,35,2,0,0,1
"431",5,0,0,0,0,0,0,0,0,0,38,0,33,0,0,0,1
"432",13,0,0,0,0,0,0,0,0,0,33,5,29,3,1,1,1
"433",7,0,0,0,0,0,0,0,0,0,28,1,25,0,0,0,1
"434",13,0,0,0,0,0,0,0,0,0,47,3,41,2,1,1,1
"435",8,0,0,0,0,0,0,0,0,0,28,1,26,0,0,0,1
"436",9,0,0,0,0,0,0,0,0,0,36,3,32,1,0,0,1
"437",3,0,0,0,0,0,0,0,0,0,35,5,32,5,4,4,1
"438",13,0,0,0,0,0,0,0,0,0,37,2,33,2,1,1,1
"439",8,0,0,0,0,0,0,0,0,0,38,3,32,3,1,0,1
"44",14,0,0,0,0,0,0,0,0,0,38,2,34,1,0,0,1
"440",13,0,0,0,0,0,0,0,0,0,29,4,26,2,2,2,1
"441",5,0,0,0,0,0,0,0,0,0,31,2,29,1,1,0,1
"442",13,0,0,0,0,0,0,0,0,0,37,3,33,2,1,1,1
"443",11,0,0,0,0,0,0,0,0,0,28,1,25,1,0,0,1
"444",14,0,0,0,0,0,0,0,0,0,40,1,35,1,1,1,1
"445",7,0,0,0,0,0,0,0,0,0,33,1,31,1,1,1,1
"446",11,0,0,0,0,0,0,0,0,0,40,2,36,2,1,0,1
"447",6,0,0,0,0,0,0,0,0,0,42,2,37,1,0,0,1
"448",3,0,0,0,0,0,0,0,0,0,38,4,37,3,0,0,1
"449",6,0,0,0,0,0,0,0,0,0,39,3,31,3,2,2,1
"45",12,0,0,0,0,0,0,0,0,0,50,3,40,3,1,0,1
"450",9,0,0,0,0,0,0,0,0,0,42,2,37,0,0,0,1
"451",10,0,0,0,0,0,0,0,0,0,22,0,20,0,0,0,1
"452",10,0,0,0,0,0,0,0,0,0,37,2,30,1,1,1,1
"453",9,0,0,0,0,0,0,0,0,0,37,1,30,1,1,1,1
"454",10,0,0,0,0,0,0,0,0,0,35,2,32,1,1,0,1
"455",9,0,0,0,0,0,0,0,0,0,30,1,28,1,0,0,1
"456",9,0,0,0,0,0,0,0,0,0,47,2,42,1,1,1,1
"457",11,0,0,0,0,0,0,0,0,0,37,3,29,1,0,0,1
"458",15,0,0,0,0,0,0,0,0,0,39,1,33,1,0,0,1
"459",10,0,0,0,0,0,0,0,0,0,44,1,40,1,0,0,1
"46",8,0,0,0,0,0,0,0,0,0,27,1,23,1,1,1,1
"460",11,0,0,0,0,0,0,0,0,0,38,3,33,2,0,0,1
"461",12,0,0,0,0,0,0,0,0,0,30,1,27,1,0,0,1
"462",9,0,0,0,0,0,0,0,0,0,35,1,28,1,0,0,1
"463",8,0,0,0,0,0,0,0,0,0,33,0,28,0,0,0,1
"464",9,0,0,0,0,0,0,0,0,0,41,2,36,1,0,0,1
"465",10,0,0,0,0,0,0,0,0,0,39,2,34,0,0,0,1
"466",13,0,0,0,0,0,0,0,0,0,30,3,28,3,2,2,1
"467",8,0,0,0,0,0,0,0,0,0,31,2,26,1,0,0,1
"468",8,0,0,0,0,0,0,0,0,0,38,2,32,2,2,2,1
"469",9,0,0,0,0,0,0,0,0,0,43,4,38,2,2,2,1
"47",6,0,0,0,0,0,0,0,0,0,27,1,22,1,0,0,1
"470",15,0,0,0,0,0,0,0,0,0,36,1,34,0,0,0,1
"471",9,0,0,0,0,0,0,0,0,0,50,3,49,3,0,0,1
"472",9,0,0,0,0,0,0,0,0,0,51,6,47,4,2,1,1
"473",9,0,0,0,0,0,0,0,0,0,47,2,41,2,1,1,1
"474",8,0,0,0,0,0,0,0,0,0,39,3,38,2,1,1,1
"475",11,0,0,0,0,0,0,0,0,0,38,0,34,0,0,0,1
"476",13,0,0,0,0,0,0,0,0,0,37,1,36,1,1,1,1
"477",11,0,0,0,0,0,0,0,0,0,30,0,27,0,0,0,1
"478",9,0,0,0,0,0,0,0,0,0,35,1,28,1,0,0,1
"479",14,0,0,0,0,0,0,0,0,0,46,1,40,1,0,0,1
"48",14,0,0,0,0,0,0,0,0,0,40,4,37,4,3,2,1
"480",10,0,0,0,0,0,0,0,0,0,46,4,39,2,2,2,1
"481",9,0,0,0,0,0,0,0,0,0,51,5,46,2,2,2,1
"482",18,0,0,0,0,0,0,0,0,0,41,3,36,3,1,1,1
"483",8,0,0,0,0,0,0,0,0,0,39,4,38,3,2,2,1
"484",8,0,0,0,0,0,0,0,0,0,46,6,38,4,1,1,1
"485",8,0,0,0,0,0,0,0,0,0,40,3,36,2,2,1,1
"486",10,0,0,0,0,0,0,0,0,0,33,1,28,1,0,0,1
"487",9,0,0,0,0,0,0,0,0,0,33,0,28,0,0,0,1
"488",13,0,0,0,0,0,0,0,0,0,34,1,30,1,0,0,1
"489",7,0,0,0,0,0,0,0,0,0,44,4,39,3,1,1,1
"49",17,0,0,0,0,0,0,0,0,0,39,3,33,3,0,0,1
"490",6,0,0,0,0,0,0,0,0,0,42,5,37,5,3,2,1
"491",12,0,0,0,0,0,0,0,0,0,35,3,32,2,1,1,1
"492",12,0,0,0,0,0,0,0,0,0,37,3,33,1,1,1,1
"493",9,0,0,0,0,0,0,0,0,0,26,3,21,2,1,1,1
"494",8,0,0,0,0,0,0,0,0,0,32,2,30,1,0,0,1
"495",5,0,0,0,0,0,0,0,0,0,47,3,41,3,1,0,1
"496",10,0,0,0,0,0,0,0,0,0,45,3,41,2,0,0,1
"497",9,0,0,0,0,0,0,0,0,0,38,2,32,1,1,1,1
"498",11,0,0,0,0,0,0,0,0,0,31,4,28,4,3,2,1
"499",10,0,0,0,0,0,0,0,0,0,36,5,34,3,2,2,1
"5",10,0,0,0,0,0,0,0,0,0,42,0,33,0,0,0,1
"50",7,0,0,0,0,0,0,0,0,0,37,1,32,1,1,1,1
"500",10,0,0,0,0,0,0,0,0,0,37,1,32,1,1,1,1
"501",5,0,0,0,0,0,0,0,0,0,40,2,38,2,1,1,1
"502",10,0,0,0,0,0,0,0,0,0,41,1,40,0,0,0,1
"503",14,0,0,0,0,0,0,0,0,0,38,5,33,4,3,3,1
"504",5,0,0,0,0,0,0,0,0,0,40,3,37,3,1,1,1
"505",17,0,0,0,0,0,0,0,0,0,36,1,31,1,0,0,1
"506",11,0,0,0,0,0,0,0,0,0,35,1,31,1,1,1,1
"507",16,0,0,0,0,0,0,0,0,0,36,5,31,5,5,5,28
"508",12,0,0,0,0,0,0,0,0,0,37,2,33,1,1,1,1
"509",12,0,0,0,0,0,0,0,0,0,37,5,34,4,1,1,1
"51",13,0,0,0,0,0,0,0,0,0,37,4,28,2,1,0,1
"510",16,0,0,0,0,0,0,0,0,0,31,1,26,0,0,0,1
"511",9,0,0,0,0,0,0,0,0,0,51,0,43,0,0,0,1
"512",18,0,0,0,0,0,0,0,0,0,39,0,33,0,0,0,1
"513",5,0,0,0,0,0,0,0,0,0,35,2,30,1,0,0,1
"514",8,0,0,0,0,0,0,0,0,0,41,2,37,2,1,1,1
"515",7,0,0,0,0,0,0,0,0,0,38,1,37,1,0,0,1
"516",9,0,0,0,0,0,0,0,0,0,30,0,28,0,0,0,1
"517",8,0,0,0,0,0,0,0,0,0,30,1,27,1,0,0,1
"518",8,0,0,0,0,0,0,0,0,0,47,0,42,0,0,0,1
"519",11,0,0,0,0,0,0,0,0,0,32,1,29,1,1,0,1
"52",11,0,0,0,0,0,0,0,0,0,36,2,33,2,1,1,1
"520",7,0,0,0,0,0,0,0,0,0,29,1,25,1,0,0,1
"521",9,0,0,0,0,0,0,0,0,0,35,1,34,0,0,0,1
"522",6,0,0,0,0,0,0,0,0,0,46,2,39,2,1,0,1
"523",9,0,0,0,0,0,0,0,0,0,40,0,38,0,0,0,1
"524",11,0,0,0,0,0,0,0,0,0,42,3,37,2,1,1,1
"525",8,0,0,0,0,0,0,0,0,0,45,5,43,4,3,3,1
"526",8,0,0,0,0,0,0,0,0,0,33,0,29,0,0,0,1
"527",11,0,0,0,0,0,0,0,0,0,37,1,31,0,0,0,1
"528",7,0,0,0,0,0,0,0,0,0,42,2,38,1,0,0,1
"529",16,0,0,0,0,0,0,0,0,0,35,3,33,3,1,0,1
"53",12,0,0,0,0,0,0,0,0,0,36,1,34,1,1,1,1
"530",5,0,0,0,0,0,0,0,0,0,39,2,34,1,1,1,1
"531",10,0,0,0,0,0,0,0,0,0,31,2,25,1,1,0,1
"532",13,0,0,0,0,0,0,0,0,0,42,2,36,2,1,1,1
"533",12,0,0,0,0,0,0,0,0,0,34,1,32,1,0,0,1
"534",11,0,0,0,0,0,0,0,0,0,27,0,23,0,0,0,1
"535",14,0,0,0,0,0,0,0,0,0,26,0,24,0,0,0,1
"536",4,0,0,0,0,0,0,0,0,0,41,4,39,3,2,2,1
"537",12,0,0,0,0,0,0,0,0,0,51,5,45,2,2,2,1
"538",16,0,0,0,0,0,0,0,0,0,33,1,29,1,1,1,1
"539",10,0,0,0,0,0,0,0,0,0,33,1,30,1,0,0,1
"54",15,0,0,0,0,0,0,0,0,0,23,0,21,0,0,0,1
"540",9,0,0,0,0,0,0,0,0,0,30,2,29,2,2,2,1
"541",10,0,0,0,0,0,0,0,0,0,42,1,34,1,0,0,1
"542",5,0,0,0,0,0,0,0,0,0,41,3,38,3,2,2,1
"543",10,0,0,0,0,0,0,0,0,0,40,4,35,3,1,1,1
"544",6,0,0,0,0,0,0,0,0,0,45,2,41,1,0,0,1
"545",13,0,0,0,0,0,0,0,0,0,34,3,31,2,1,1,1
"546",13,0,0,0,0,0,0,0,0,0,39,4,37,1,1,1,1
"547",11,0,0,0,0,0,0,0,0,0,40,2,36,2,1,1,1
"548",14,0,0,0,0,0,0,0,0,0,44,2,40,2,0,0,1
"549",10,0,0,0,0,0,0,0,0,0,28,2,27,2,2,1,1
"55",11,0,0,0,0,0,0,0,0,0,29,0,28,0,0,0,1
"550",4,0,0,0,0,0,0,0,0,0,31,1,25,1,1,1,1
"551",11,0,0,0,0,0,0,0,0,0,37,4,33,1,1,1,1
"552",7,0,0,0,0,0,0,0,0,0,27,3,23,1,0,0,1
"553",9,0,0,0,0,0,0,0,0,0,33,3,30,2,1,1,1
"554",8,0,0,0,0,0,0,0,0,0,37,2,31,2,2,2,1
"555",8,0,0,0,0,0,0,0,0,0,45,5,40,5,5,5,1
"556",4,0,0,0,0,0,0,0,0,0,39,1,34,0,0,0,1
"557",6,0,0,0,0,0,0,0,0,0,24,2,24,1,0,0,1
"558",12,0,0,0,0,0,0,0,0,0,38,0,35,0,0,0,1
"559",11,0,0,0,0,0,0,0,0,0,36,0,31,0,0,0,1
"56",7,0,0,0,0,0,0,0,0,0,34,2,30,1,1,1,1
"560",4,0,0,0,0,0,0,0,0,0,47,0,42,0,0,0,1
"561",11,0,0,0,0,0,0,0,0,0,35,3,32,2,1,1,1
"562",8,0,0,0,0,0,0,0,0,0,48,6,44,5,3,2,1
"563",8,0,0,0,0,0,0,0,0,0,39,4,34,3,0,0,1
"564",9,0,0,0,0,0,0,0,0,0,45,2,38,1,1,1,1
"565",11,0,0,0,0,0,0,0,0,0,46,4,38,3,0,0,1
"566",7,0,0,0,0,0,0,0,0,0,44,2,36,1,0,0,1
"567",13,0,0,0,0,0,0,0,0,0,34,2,31,1,1,1,1
"568",11,0,0,0,0,0,0,0,0,0,35,0,28,0,0,0,1
"569",11,0,0,0,0,0,0,0,0,0,26,2,23,2,1,1,1
"57",10,0,0,0,0,0,0,0,0,0,36,1,34,0,0,0,1
"570",9,0,0,0,0,0,0,0,0,0,43,4,39,2,1,1,1
"571",5,0,0,0,0,0,0,0,0,0,39,2,33,2,2,1,1
"572",10,0,0,0,0,0,0,0,0,0,31,3,28,2,2,2,1
"573",5,0,0,0,0,0,0,0,0,0,38,4,35,3,1,1,1
"574",12,0,0,0,0,0,0,0,0,0,35,1,34,0,0,0,1
"575",13,0,0,0,0,0,0,0,0,0,45,3,41,3,2,2,1
"576",5,0,0,0,0,0,0,0,0,0,45,1,41,1,1,1,1
"577",10,0,0,0,0,0,0,0,0,0,34,2,34,0,0,0,1
"578",12,0,0,0,0,0,0,0,0,0,26,2,25,2,2,2,1
"579",10,0,0,0,0,0,0,0,0,0,37,4,32,2,2,2,26
"58",15,0,0,0,0,0,0,0,0,0,36,1,30,1,0,0,1
"580",10,0,0,0,0,0,0,0,0,0,36,1,31,1,1,1,1
"581",8,0,0,0,0,0,0,0,0,0,39,3,36,2,2,2,1
"582",12,0,0,0,0,0,0,0,0,0,33,2,32,2,1,1,1
"583",15,0,0,0,0,0,0,0,0,0,48,3,42,3,1,1,1
"584",7,0,0,0,0,0,0,0,0,0,42,4,41,2,1,1,1
"585",8,0,0,0,0,0,0,0,0,0,35,4,30,4,3,3,1
"586",5,0,0,0,0,0,0,0,0,0,37,2,31,2,2,1,1
"587",10,0,0,0,0,0,0,0,0,0,44,2,38,0,0,0,1
"588",12,0,0,0,0,0,0,0,0,0,50,6,42,3,1,1,1
"589",4,0,0,0,0,0,0,0,0,0,33,2,29,2,1,1,1
"59",12,0,0,0,0,0,0,0,0,0,39,0,32,0,0,0,1
"590",9,0,0,0,0,0,0,0,0,0,42,4,39,3,2,2,1
"591",11,0,0,0,0,0,0,0,0,0,34,2,29,2,2,1,1
"592",8,0,0,0,0,0,0,0,0,0,28,2,26,1,1,0,1
"593",10,0,0,0,0,0,0,0,0,0,44,2,39,2,2,2,1
"594",12,0,0,0,0,0,0,0,0,0,36,4,34,3,1,1,1
"595",10,0,0,0,0,0,0,0,0,0,29,2,26,1,0,0,1
"596",9,0,0,0,0,0,0,0,0,0,36,1,34,1,1,1,1
"597",13,0,0,0,0,0,0,0,0,0,53,2,48,1,1,1,1
"598",7,0,0,0,0,0,0,0,0,0,36,1,34,1,0,0,1
"599",8,0,0,0,0,0,0,0,0,0,43,3,40,2,1,1,1
"6",8,0,0,0,0,0,0,0,0,0,38,0,31,0,0,0,1
"60",7,0,0,0,0,0,0,0,0,0,38,2,36,2,1,1,1
"600",13,0,0,0,0,0,0,0,0,0,42,3,36,2,1,1,1
"601",14,0,0,0,0,0,0,0,0,0,35,2,29,1,0,0,1
"602",13,0,0,0,0,0,0,0,0,0,45,5,37,4,2,1,1
"603",5,0,0,0,0,0,0,0,0,0,33,3,29,3,1,0,1
"604",8,0,0,0,0,0,0,0,0,0,43,2,37,2,1,1,1
"605",9,0,0,0,0,0,0,0,0,0,40,2,34,2,1,1,1
"606",9,0,0,0,0,0,0,0,0,0,39,2,34,2,0,0,1
"607",7,0,0,0,0,0,0,0,0,0,35,7,33,1,1,1,1
"608",7,0,0,0,0,0,0,0,0,0,41,4,37,3,2,1,1
"609",9,0,0,0,0,0,0,0,0,0,46,1,41,0,0,0,1
"61",11,0,0,0,0,0,0,0,0,0,27,0,26,0,0,0,1
"610",9,0,0,0,0,0,0,0,0,0,34,4,27,3,1,0,1
"611",8,0,0,0,0,0,0,0,0,0,44,1,39,1,0,0,1
"612",10,0,0,0,0,0,0,0,0,0,33,1,30,1,0,0,1
"613",9,0,0,0,0,0,0,0,0,0,38,0,34,0,0,0,1
"614",14,0,0,0,0,0,0,0,0,0,42,0,36,0,0,0,1
"615",10,0,0,0,0,0,0,0,0,0,45,3,35,2,1,1,1
"616",11,0,0,0,0,0,0,0,0,0,42,3,39,3,0,0,1
"617",10,0,0,0,0,0,0,0,0,0,35,6,31,5,3,3,1
"618",9,0,0,0,0,0,0,0,0,0,37,0,32,0,0,0,1
"619",12,0,0,0,0,0,0,0,0,0,29,0,22,0,0,0,1
"62",8,0,0,0,0,0,0,0,0,0,24,2,21,1,0,0,1
"620",10,0,0,0,0,0,0,0,0,0,40,3,33,3,1,1,1
"621",15,0,0,0,0,0,0,0,0,0,46,2,43,2,1,1,1
"622",9,0,0,0,0,0,0,0,0,0,34,3,25,2,1,0,1
"623",5,0,0,0,0,0,0,0,0,0,47,3,43,1,0,0,1
"624",4,0,0,0,0,0,0,0,0,0,44,2,37,2,2,2,1
"625",11,0,0,0,0,0,0,0,0,0,30,1,24,1,0,0,1
"626",7,0,0,0,0,0,0,0,0,0,37,1,32,1,0,0,1
"627",13,0,0,0,0,0,0,0,0,0,31,5,30,4,3,3,1
"628",7,0,0,0,0,0,0,0,0,0,49,4,44,3,3,3,1
"629",9,0,0,0,0,0,0,0,0,0,42,4,37,3,3,3,1
"63",15,0,0,0,0,0,0,0,0,0,37,0,34,0,0,0,1
"630",5,0,0,0,0,0,0,0,0,0,37,0,34,0,0,0,1
"631",11,0,0,0,0,0,0,0,0,0,38,2,34,1,0,0,1
"632",11,0,0,0,0,0,0,0,0,0,37,1,33,0,0,0,1
"633",7,0,0,0,0,0,0,0,0,0,36,3,33,3,2,1,1
"634",8,0,0,0,0,0,0,0,0,0,31,2,28,1,1,1,1
"635",7,0,0,0,0,0,0,0,0,0,37,2,33,1,0,0,1
"636",5,0,0,0,0,0,0,0,0,0,42,4,38,1,0,0,1
"637",10,0,0,0,0,0,0,0,0,0,41,3,39,2,2,1,1
"638",11,0,0,0,0,0,0,0,0,0,36,2,27,1,1,1,1
"639",6,0,0,0,0,0,0,0,0,0,33,5,29,3,0,0,1
"64",10,0,0,0,0,0,0,0,0,0,36,1,31,0,0,0,1
"640",8,0,0,0,0,0,0,0,0,0,27,2,25,2,0,0,1
"641",8,0,0,0,0,0,0,0,0,0,43,2,35,1,1,1,1
"642",11,0,0,0,0,0,0,0,0,0,41,5,34,4,2,2,1
"643",8,0,0,0,0,0,0,0,0,0,40,1,36,1,0,0,1
"644",9,0,0,0,0,0,0,0,0,0,49,6,49,6,4,4,1
"645",10,0,0,0,0,0,0,0,0,0,35,3,28,3,0,0,1
"646",8,0,0,0,0,0,0,0,0,0,29,1,22,1,0,0,1
"647",13,0,0,0,0,0,0,0,0,0,30,3,25,1,0,0,1
"648",8,0,0,0,0,0,0,0,0,0,32,2,29,2,1,1,1
"649",13,0,0,0,0,0,0,0,0,0,49,6,45,5,2,2,1
"65",13,0,0,0,0,0,0,0,0,0,27,1,25,0,0,0,1
"650",1,0,0,0,0,0,0,0,0,0,35,5,33,5,4,3,1
"651",9,0,0,0,0,0,0,0,0,0,22,1,19,1,0,0,1
"652",10,0,0,0,0,0,0,0,0,0,27,4,24,3,1,1,1
"653",14,0,0,0,0,0,0,0,0,0,42,5,38,2,1,1,1
"654",8,0,0,0,0,0,0,0,0,0,45,0,32,0,0,0,1
"655",9,0,0,0,0,0,0,0,0,0,26,1,23,1,0,0,1
"656",14,0,0,0,0,0,0,0,0,0,33,5,32,4,1,1,4
"657",7,0,0,0,0,0,0,0,0,0,38,3,32,3,1,1,1
"658",10,0,0,0,0,0,0,0,0,0,31,2,28,2,1,0,10
"659",9,0,0,0,0,0,0,0,0,0,31,4,29,2,2,1,1
"66",8,0,0,0,0,0,0,0,0,0,38,0,34,0,0,0,1
"660",9,0,0,0,0,0,0,0,0,0,34,4,31,2,2,2,1
"661",2,0,0,0,0,0,0,0,0,0,30,2,27,2,2,2,1
"662",13,0,0,0,0,0,0,0,0,0,30,4,27,3,0,0,1
"663",9,0,0,0,0,0,0,0,0,0,31,0,28,0,0,0,1
"664",5,0,0,0,0,0,0,0,0,0,36,2,31,1,1,1,1
"665",9,0,0,0,0,0,0,0,0,0,46,3,38,2,1,1,1
"666",8,0,0,0,0,0,0,0,0,0,35,5,32,4,2,1,1
"667",9,0,0,0,0,0,0,0,0,0,50,2,46,2,0,0,1
"668",7,0,0,0,0,0,0,0,0,0,46,0,41,0,0,0,1
"669",14,0,0,0,0,0,0,0,0,0,37,6,33,5,4,4,1
"67",17,0,0,0,0,0,0,0,0,0,30,1,26,1,0,0,1
"670",10,0,0,0,0,0,0,0,0,0,31,1,30,1,0,0,1
"671",17,0,0,0,0,0,0,0,0,0,35,4,32,4,2,2,1
"672",6,0,0,0,0,0,0,0,0,0,38,4,32,4,2,2,1
"673",9,0,0,0,0,0,0,0,0,0,46,3,43,2,0,0,1
"674",9,0,0,0,0,0,0,0,0,0,31,1,27,1,0,0,1
"675",9,0,0,0,0,0,0,0,0,0,34,2,27,1,0,0,1
"676",10,0,0,0,0,0,0,0,0,0,33,2,31,2,0,0,1
"677",5,0,0,0,0,0,0,0,0,0,31,3,27,3,3,3,1
"678",7,0,0,0,0,0,0,0,0,0,43,1,36,0,0,0,1
"679",10,0,0,0,0,0,0,0,0,0,25,2,24,1,0,0,1
"68",13,0,0,0,0,0,0,0,0,0,39,3,36,2,0,0,1
"680",9,0,0,0,0,0,0,0,0,0,36,2,33,2,1,1,1
"681",8,0,0,0,0,0,0,0,0,0,27,1,22,0,0,0,1
"682",9,0,0,0,0,0,0,0,0,0,32,6,30,6,4,4,1
"683",9,0,0,0,0,0,0,0,0,0,49,4,45,3,1,1,1
"684",9,0,0,0,0,0,0,0,0,0,26,2,26,0,0,0,1
"685",6,0,0,0,0,0,0,0,0,0,46,4,40,2,0,0,1
"686",9,0,0,0,0,0,0,0,0,0,24,2,21,2,0,0,1
"687",5,0,0,0,0,0,0,0,0,0,30,5,28,4,3,3,1
"688",13,0,0,0,0,0,0,0,0,0,40,0,34,0,0,0,1
"689",10,0,0,0,0,0,0,0,0,0,22,2,19,1,1,1,1
"69",3,0,0,0,0,0,0,0,0,0,30,1,26,1,1,1,1
"690",8,0,0,0,0,0,0,0,0,0,38,3,29,3,1,0,1
"691",6,0,0,0,0,0,0,0,0,0,38,1,31,0,0,0,1
"692",11,0,0,0,0,0,0,0,0,0,29,2,25,0,0,0,1
"693",8,0,0,0,0,0,0,0,0,0,30,6,28,5,2,2,1
"694",11,0,0,0,0,0,0,0,0,0,35,3,34,3,1,1,1
"695",6,0,0,0,0,0,0,0,0,0,42,0,35,0,0,0,1
"696",7,0,0,0,0,0,0,0,0,0,27,0,20,0,0,0,1
"697",4,0,0,0,0,0,0,0,0,0,37,6,32,4,0,0,1
"698",9,0,0,0,0,0,0,0,0,0,38,1,33,1,0,0,1
"699",9,0,0,0,0,0,0,0,0,0,36,1,28,0,0,0,1
"7",12,0,0,0,0,0,0,0,0,0,50,2,43,1,1,1,1
"70",7,0,0,0,0,0,0,0,0,0,30,1,26,1,1,0,1
"700",8,0,0,0,0,0,0,0,0,0,36,0,31,0,0,0,1
"701",10,0,0,0,0,0,0,0,0,0,41,2,37,0,0,0,1
"702",10,0,0,0,0,0,0,0,0,0,37,2,32,1,0,0,1
"703",6,0,0,0,0,0,0,0,0,0,34,3,32,1,1,1,1
"704",7,0,0,0,0,0,0,0,0,0,34,1,31,0,0,0,1
"705",15,0,0,0,0,0,0,0,0,0,43,2,37,1,0,0,1
"706",15,0,0,0,0,0,0,0,0,0,42,4,37,4,4,4,1
"707",10,0,0,0,0,0,0,0,0,0,40,2,35,2,1,1,1
"708",9,0,0,0,0,0,0,0,0,0,36,1,34,0,0,0,1
"709",11,0,0,0,0,0,0,0,0,0,29,1,26,1,1,1,1
"71",7,0,0,0,0,0,0,0,0,0,38,3,31,3,1,0,1
"710",9,0,0,0,0,0,0,0,0,0,38,3,37,3,0,0,1
"711",7,0,0,0,0,0,0,0,0,0,28,2,25,2,1,0,1
"712",12,0,0,0,0,0,0,0,0,0,34,2,30,1,1,0,1
"713",5,0,0,0,0,0,0,0,0,0,32,2,29,0,0,0,1
"714",12,0,0,0,0,0,0,0,0,0,33,1,32,1,0,0,1
"715",7,0,0,0,0,0,0,0,0,0,38,3,33,3,2,1,1
"716",14,0,0,0,0,0,0,0,0,0,36,1,33,1,1,0,1
"717",9,0,0,0,0,0,0,0,0,0,34,3,30,3,2,1,1
"718",6,0,0,0,0,0,0,0,0,0,34,2,32,0,0,0,1
"719",9,0,0,0,0,0,0,0,0,0,39,0,36,0,0,0,1
"72",8,0,0,0,0,0,0,0,0,0,44,1,38,0,0,0,1
"720",9,0,0,0,0,0,0,0,0,0,43,4,43,2,1,0,1
"721",6,0,0,0,0,0,0,0,0,0,31,1,26,1,0,0,1
"722",8,0,0,0,0,0,0,0,0,0,27,2,20,2,2,2,1
"723",10,0,0,0,0,0,0,0,0,0,46,4,42,2,0,0,1
"724",18,0,0,0,0,0,0,0,0,0,39,6,35,5,3,3,1
"725",20,0,0,0,0,0,0,0,0,0,38,2,32,2,1,0,1
"726",15,0,0,0,0,0,0,0,0,0,47,4,45,3,1,1,1
"727",10,0,0,0,0,0,0,0,0,0,37,4,33,4,3,3,1
"728",10,0,0,0,0,0,0,0,0,0,40,3,35,2,1,1,1
"729",8,0,0,0,0,0,0,0,0,0,43,4,39,3,3,3,1
"73",1,0,0,0,0,0,0,0,0,0,47,4,40,0,0,0,1
"730",12,0,0,0,0,0,0,0,0,0,25,1,21,0,0,0,1
"731",11,0,0,0,0,0,0,0,0,0,44,3,39,2,1,1,1
"732",17,0,0,0,0,0,0,0,0,0,31,1,28,0,0,0,1
"733",5,0,0,0,0,0,0,0,0,0,37,2,32,2,1,1,1
"734",8,0,0,0,0,0,0,0,0,0,38,2,34,0,0,0,1
"735",10,0,0,0,0,0,0,0,0,0,32,2,28,1,0,0,1
"736",7,0,0,0,0,0,0,0,0,0,36,2,33,2,0,0,1
"737",6,0,0,0,0,0,0,0,0,0,32,2,31,2,2,2,1
"738",5,0,0,0,0,0,0,0,0,0,37,4,32,4,2,2,1
"739",13,0,0,0,0,0,0,0,0,0,41,2,36,2,0,0,1
"74",10,0,0,0,0,0,0,0,0,0,21,0,18,0,0,0,1
"740",10,0,0,0,0,0,0,0,0,0,37,2,33,1,1,0,1
"741",12,0,0,0,0,0,0,0,0,0,38,3,38,3,2,0,1
"742",11,0,0,0,0,0,0,0,0,0,27,1,26,1,1,0,1
"743",8,0,0,0,0,0,0,0,0,0,33,4,26,3,2,2,1
"744",8,0,0,0,0,0,0,0,0,0,46,5,41,3,1,1,1
"745",8,0,0,0,0,0,0,0,0,0,33,2,26,2,2,1,1
"746",9,0,0,0,0,0,0,0,0,0,43,1,37,1,0,0,1
"747",4,0,0,0,0,0,0,0,0,0,32,3,27,2,0,0,1
"748",11,0,0,0,0,0,0,0,0,0,34,3,30,3,2,1,1
"749",13,0,0,0,0,0,0,0,0,0,35,4,29,4,2,2,1
"75",13,0,0,0,0,0,0,0,0,0,43,4,38,1,1,1,1
"750",6,0,0,0,0,0,0,0,0,0,37,2,33,2,0,0,1
"751",11,0,0,0,0,0,0,0,0,0,37,0,31,0,0,0,1
"752",10,0,0,0,0,0,0,0,0,0,40,3,33,3,2,2,1
"753",8,0,0,0,0,0,0,0,0,0,34,0,28,0,0,0,1
"754",8,0,0,0,0,0,0,0,0,0,32,0,26,0,0,0,1
"755",8,0,0,0,0,0,0,0,0,0,39,2,36,2,2,1,1
"756",5,0,0,0,0,0,0,0,0,0,45,4,41,4,3,3,1
"757",13,0,0,0,0,0,0,0,0,0,43,2,35,1,0,0,1
"758",8,0,0,0,0,0,0,0,0,0,33,1,30,1,1,1,1
"759",13,0,0,0,0,0,0,0,0,0,46,6,40,2,1,1,1
"76",8,0,0,0,0,0,0,0,0,0,37,4,33,4,2,2,1
"760",15,0,0,0,0,0,0,0,0,0,38,3,37,3,2,1,1
"761",12,0,0,0,0,0,0,0,0,0,31,3,26,2,0,0,1
"762",13,0,0,0,0,0,0,0,0,0,46,4,42,4,1,1,1
"763",15,0,0,0,0,0,0,0,0,0,43,4,41,2,0,0,1
"764",15,0,0,0,0,0,0,0,0,0,27,1,24,0,0,0,1
"765",5,0,0,0,0,0,0,0,0,0,30,1,27,1,1,1,1
"766",12,0,0,0,0,0,0,0,0,0,34,2,29,1,0,0,1
"767",8,0,0,0,0,0,0,0,0,0,47,2,43,1,1,1,1
"768",8,0,0,0,0,0,0,0,0,0,40,2,34,1,1,1,1
"769",9,0,0,0,0,0,0,0,0,0,32,5,30,1,1,1,1
"77",10,0,0,0,0,0,0,0,0,0,39,0,32,0,0,0,1
"770",7,0,0,0,0,0,0,0,0,0,37,2,32,2,1,1,1
"771",7,0,0,0,0,0,0,0,0,0,39,6,31,4,2,2,1
"772",16,0,0,0,0,0,0,0,0,0,47,3,43,3,1,1,1
"773",13,0,0,0,0,0,0,0,0,0,34,1,33,0,0,0,1
"774",10,0,0,0,0,0,0,0,0,0,31,0,29,0,0,0,1
"775",7,0,0,0,0,0,0,0,0,0,37,4,31,4,4,3,1
"776",10,0,0,0,0,0,0,0,0,0,41,1,37,0,0,0,1
"777",4,0,0,0,0,0,0,0,0,0,39,2,36,2,1,1,1
"778",6,0,0,0,0,0,0,0,0,0,40,1,35,1,0,0,1
"779",7,0,0,0,0,0,0,0,0,0,31,2,28,1,0,0,1
"78",6,0,0,0,0,0,0,0,0,0,34,4,28,4,2,2,1
"780",6,0,0,0,0,0,0,0,0,0,26,3,25,2,1,1,1
"781",8,0,0,0,0,0,0,0,0,0,44,2,37,2,1,0,1
"782",14,0,0,0,0,0,0,0,0,0,38,1,35,1,0,0,1
"783",6,0,0,0,0,0,0,0,0,0,35,2,30,2,0,0,1
"784",8,0,0,0,0,0,0,0,0,0,28,0,26,0,0,0,1
"785",8,0,0,0,0,0,0,0,0,0,47,3,42,3,2,2,1
"786",9,0,0,0,0,0,0,0,0,0,38,2,33,2,1,1,1
"787",7,0,0,0,0,0,0,0,0,0,45,4,38,4,0,0,1
"788",7,0,0,0,0,0,0,0,0,0,46,2,42,2,1,1,1
"789",9,0,0,0,0,0,0,0,0,0,37,1,33,1,1,0,1
"79",15,0,0,0,0,0,0,0,0,0,29,1,28,1,0,0,13
"790",14,0,0,0,0,0,0,0,0,0,31,3,26,3,3,3,1
"791",11,0,0,0,0,0,0,0,0,0,36,1,32,1,0,0,1
"792",14,0,0,0,0,0,0,0,0,0,40,3,36,2,2,2,1
"793",8,0,0,0,0,0,0,0,0,0,27,1,26,1,0,0,1
"794",14,0,0,0,0,0,0,0,0,0,38,3,32,2,0,0,1
"795",11,0,0,0,0,0,0,0,0,0,34,1,28,1,1,0,1
"796",10,0,0,0,0,0,0,0,0,0,38,5,34,3,0,0,1
"797",9,0,0,0,0,0,0,0,0,0,38,1,35,1,0,0,1
"798",10,0,0,0,0,0,0,0,0,0,23,0,21,0,0,0,1
"799",9,0,0,0,0,0,0,0,0,0,38,2,33,1,1,1,1
"8",9,0,0,0,0,0,0,0,0,0,34,1,33,1,1,1,1
"80",7,0,0,0,0,0,0,0,0,0,38,1,35,1,1,1,1
"800",10,0,0,0,0,0,0,0,0,0,29,7,29,4,2,2,1
"801",16,0,0,0,0,0,0,0,0,0,32,1,29,1,1,1,1
"802",8,0,0,0,0,0,0,0,0,0,37,3,33,2,0,0,1
"803",13,0,0,0,0,0,0,0,0,0,41,3,35,3,1,1,1
"804",6,0,0,0,0,0,0,0,0,0,25,2,21,2,2,2,1
"805",11,0,0,0,0,0,0,0,0,0,33,1,31,0,0,0,1
"806",7,0,0,0,0,0,0,0,0,0,36,3,30,2,1,1,1
"807",8,0,0,0,0,0,0,0,0,0,35,3,33,3,1,1,1
"808",10,0,0,0,0,0,0,0,0,0,34,0,27,0,0,0,1
"809",12,0,0,0,0,0,0,0,0,0,36,2,31,2,1,1,1
"81",6,0,0,0,0,0,0,0,0,0,30,2,28,1,1,1,1
"810",4,0,0,0,0,0,0,0,0,0,35,3,31,2,1,1,1
"811",7,0,0,0,0,0,0,0,0,0,32,1,29,0,0,0,1
"812",8,0,0,0,0,0,0,0,0,0,47,1,45,0,0,0,1
"813",5,0,0,0,0,0,0,0,0,0,33,2,29,1,0,0,1
"814",8,0,0,0,0,0,0,0,0,0,26,2,25,2,0,0,1
"815",7,0,0,0,0,0,0,0,0,0,38,1,34,1,0,0,1
"816",8,0,0,0,0,0,0,0,0,0,31,2,29,2,0,0,1
"817",9,0,0,0,0,0,0,0,0,0,30,2,23,1,0,0,1
"818",7,0,0,0,0,0,0,0,0,0,39,1,34,0,0,0,1
"819",12,0,0,0,0,0,0,0,0,0,33,4,27,4,0,0,1
"82",9,0,0,0,0,0,0,0,0,0,33,5,31,5,3,2,1
"820",6,0,0,0,0,0,0,0,0,0,42,2,38,2,0,0,1
"821",7,0,0,0,0,0,0,0,0,0,25,3,22,2,1,0,1
"822",11,0,0,0,0,0,0,0,0,0,45,1,38,1,1,1,1
"823",11,0,0,0,0,0,0,0,0,0,33,1,29,1,1,1,1
"824",12,0,0,0,0,0,0,0,0,0,47,5,41,5,3,2,1
"825",11,0,0,0,0,0,0,0,0,0,35,3,30,2,2,2,1
"826",9,0,0,0,0,0,0,0,0,0,33,1,31,1,0,0,1
"827",8,0,0,0,0,0,0,0,0,0,34,2,28,2,2,2,1
"828",11,0,0,0,0,0,0,0,0,0,35,3,32,2,1,1,1
"829",7,0,0,0,0,0,0,0,0,0,27,2,23,2,0,0,1
"83",10,0,0,0,0,0,0,0,0,0,25,2,20,2,0,0,1
"830",9,0,0,0,0,0,0,0,0,0,37,2,33,2,2,2,1
"831",11,0,0,0,0,0,0,0,0,0,46,3,37,3,2,1,1
"832",10,0,0,0,0,0,0,0,0,0,41,1,37,0,0,0,1
"833",10,0,0,0,0,0,0,0,0,0,43,7,41,5,2,1,1
"834",11,0,0,0,0,0,0,0,0,0,52,4,48,4,2,1,1
"835",6,0,0,0,0,0,0,0,0,0,41,2,33,2,1,1,1
"836",10,0,0,0,0,0,0,0,0,0,34,0,31,0,0,0,1
"837",8,0,0,0,0,0,0,0,0,0,40,4,37,2,0,0,1
"838",9,0,0,0,0,0,0,0,0,0,39,4,37,4,1,1,1
"839",11,0,0,0,0,0,0,0,0,0,57,0,50,0,0,0,1
"84",9,0,0,0,0,0,0,0,0,0,34,3,31,3,2,2,1
"840",8,0,0,0,0,0,0,0,0,0,42,0,38,0,0,0,1
"841",3,0,0,0,0,0,0,0,0,0,34,3,32,1,0,0,1
"842",11,0,0,0,0,0,0,0,0,0,19,0,16,0,0,0,1
"843",13,0,0,0,0,0,0,0,0,0,45,2,43,2,1,1,1
"844",8,0,0,0,0,0,0,0,0,0,46,6,35,5,4,4,1
"845",13,0,0,0,0,0,0,0,0,0,32,2,26,2,0,0,1
"846",5,0,0,0,0,0,0,0,0,0,29,2,27,2,1,1,1
"847",13,0,0,0,0,0,0,0,0,0,47,4,41,2,1,1,1
"848",8,0,0,0,0,0,0,0,0,0,36,4,32,3,2,1,1
"849",12,0,0,0,0,0,0,0,0,0,48,5,44,3,2,1,1
"85",15,0,0,0,0,0,0,0,0,0,32,1,30,1,1,1,1
"850",13,0,0,0,0,0,0,0,0,0,27,2,22,1,1,1,1
"851",8,0,0,0,0,0,0,0,0,0,35,3,29,1,1,1,1
"852",9,0,0,0,0,0,0,0,0,0,37,2,32,1,0,0,1
"853",10,0,0,0,0,0,0,0,0,0,51,2,44,1,0,0,1
"854",7,0,0,0,0,0,0,0,0,0,38,2,34,2,1,0,1
"855",7,0,0,0,0,0,0,0,0,0,45,6,38,3,1,1,1
"856",11,0,0,0,0,0,0,0,0,0,41,2,34,2,2,2,1
"857",11,0,0,0,0,0,0,0,0,0,41,4,39,3,1,1,1
"858",10,0,0,0,0,0,0,0,0,0,38,2,31,1,1,1,1
"859",7,0,0,0,0,0,0,0,0,0,42,1,41,1,0,0,1
"86",9,0,0,0,0,0,0,0,0,0,36,4,33,4,1,1,1
"860",12,0,0,0,0,0,0,0,0,0,38,0,32,0,0,0,1
"861",8,0,0,0,0,0,0,0,0,0,38,4,35,4,2,2,1
"862",10,0,0,0,0,0,0,0,0,0,34,0,25,0,0,0,1
"863",10,0,0,0,0,0,0,0,0,0,41,1,35,1,1,0,1
"864",5,0,0,0,0,0,0,0,0,0,34,1,31,1,0,0,1
"865",6,0,0,0,0,0,0,0,0,0,43,2,35,1,0,0,1
"866",7,0,0,0,0,0,0,0,0,0,28,2,26,2,2,2,1
"867",13,0,0,0,0,0,0,0,0,0,52,1,49,1,1,1,1
"868",8,0,0,0,0,0,0,0,0,0,50,2,45,2,2,2,1
"869",9,0,0,0,0,0,0,0,0,0,37,2,35,2,1,1,1
"87",12,0,0,0,0,0,0,0,0,0,32,0,29,0,0,0,1
"870",7,0,0,0,0,0,0,0,0,0,37,2,32,1,0,0,1
"871",6,0,0,0,0,0,0,0,0,0,35,0,31,0,0,0,1
"872",9,0,0,0,0,0,0,0,0,0,40,0,34,0,0,0,1
"873",18,0,0,0,0,0,0,0,0,0,49,5,48,5,2,2,1
"874",11,0,0,0,0,0,0,0,0,0,40,3,36,3,1,1,1
"875",12,0,0,0,0,0,0,0,0,0,37,3,32,2,0,0,1
"876",9,0,0,0,0,0,0,0,0,0,43,2,38,2,1,1,1
"877",11,0,0,0,0,0,0,0,0,0,32,0,31,0,0,0,1
"878",11,0,0,0,0,0,0,0,0,0,39,2,32,1,0,0,1
"879",14,0,0,0,0,0,0,0,0,0,40,4,38,4,4,3,1
"88",5,0,0,0,0,0,0,0,0,0,35,2,31,2,1,1,1
"880",6,0,0,0,0,0,0,0,0,0,19,1,18,1,0,0,1
"881",5,0,0,0,0,0,0,0,0,0,34,2,28,2,0,0,1
"882",11,0,0,0,0,0,0,0,0,0,42,4,36,4,1,1,1
"883",8,0,0,0,0,0,0,0,0,0,28,2,27,0,0,0,1
"884",10,0,0,0,0,0,0,0,0,0,40,4,36,3,2,2,1
"885",10,0,0,0,0,0,0,0,0,0,43,3,40,3,0,0,1
"886",10,0,0,0,0,0,0,0,0,0,40,6,36,2,2,2,1
"887",7,0,0,0,0,0,0,0,0,0,41,2,39,2,1,0,1
"888",8,0,0,0,0,0,0,0,0,0,31,2,26,2,2,2,1
"889",5,0,0,0,0,0,0,0,0,0,36,1,32,1,0,0,1
"89",8,0,0,0,0,0,0,0,0,0,34,3,29,3,2,1,1
"890",13,0,0,0,0,0,0,0,0,0,42,0,34,0,0,0,1
"891",7,0,0,0,0,0,0,0,0,0,43,3,41,3,3,2,1
"892",8,0,0,0,0,0,0,0,0,0,38,1,34,1,1,1,1
"893",4,0,0,0,0,0,0,0,0,0,37,1,34,0,0,0,1
"894",8,0,0,0,0,0,0,0,0,0,44,0,37,0,0,0,1
"895",6,0,0,0,0,0,0,0,0,0,41,4,37,4,2,1,1
"896",9,0,0,0,0,0,0,0,0,0,25,0,22,0,0,0,1
"897",12,0,0,0,0,0,0,0,0,0,41,1,40,0,0,0,1
"898",5,0,0,0,0,0,0,0,0,0,40,4,36,3,2,1,1
"899",8,0,0,0,0,0,0,0,0,0,32,1,25,1,0,0,1
"9",5,0,0,0,0,0,0,0,0,0,39,1,33,1,0,0,1
"90",11,0,0,0,0,0,0,0,0,0,36,3,33,1,1,1,1
"900",14,0,0,0,0,0,0,0,0,0,43,4,41,2,0,0,1
"901",12,0,0,0,0,0,0,0,0,0,48,3,45,1,0,0,1
"902",11,0,0,0,0,0,0,0,0,0,37,0,34,0,0,0,1
"903",8,0,0,0,0,0,0,0,0,0,39,0,35,0,0,0,1
"904",5,0,0,0,0,0,0,0,0,0,46,3,42,2,0,0,1
"905",7,0,0,0,0,0,0,0,0,0,32,1,24,1,0,0,1
"906",10,0,0,0,0,0,0,0,0,0,37,4,36,3,1,1,1
"907",13,0,0,0,0,0,0,0,0,0,44,6,41,6,3,2,1
"908",7,0,0,0,0,0,0,0,0,0,33,2,26,1,0,0,1
"909",9,0,0,0,0,0,0,0,0,0,33,5,32,4,2,2,1
"91",7,0,0,0,0,0,0,0,0,0,31,1,27,1,1,1,1
"910",10,0,0,0,0,0,0,0,0,0,48,1,42,1,0,0,1
"911",7,0,0,0,0,0,0,0,0,0,27,1,24,1,0,0,1
"912",11,0,0,0,0,0,0,0,0,0,35,3,33,3,1,1,1
"913",13,0,0,0,0,0,0,0,0,0,33,4,32,3,2,1,1
"914",10,0,0,0,0,0,0,0,0,0,32,2,29,0,0,0,1
"915",4,0,0,0,0,0,0,0,0,0,34,1,25,1,1,1,1
"916",8,0,0,0,0,0,0,0,0,0,40,3,36,2,1,0,1
"917",4,0,0,0,0,0,0,0,0,0,35,2,32,2,0,0,1
"918",9,0,0,0,0,0,0,0,0,0,26,0,24,0,0,0,1
"919",11,0,0,0,0,0,0,0,0,0,38,2,33,2,1,1,1
"92",10,0,0,0,0,0,0,0,0,0,42,3,38,3,1,1,1
"920",9,0,0,0,0,0,0,0,0,0,33,1,30,0,0,0,1
"921",5,0,0,0,0,0,0,0,0,0,38,2,33,2,1,1,1
"922",6,0,0,0,0,0,0,0,0,0,46,3,38,2,0,0,1
"923",10,0,0,0,0,0,0,0,0,0,38,2,35,1,0,0,1
"924",6,0,0,0,0,0,0,0,0,0,34,5,28,3,2,2,1
"925",8,0,0,0,0,0,0,0,0,0,36,1,35,1,1,0,1
"926",11,0,0,0,0,0,0,0,0,0,35,0,33,0,0,0,1
"927",17,0,0,0,0,0,0,0,0,0,48,3,44,3,2,1,1
"928",12,0,0,0,0,0,0,0,0,0,35,5,31,3,3,2,1
"929",12,0,0,0,0,0,0,0,0,0,39,2,32,1,0,0,1
"93",4,0,0,0,0,0,0,0,0,0,35,1,31,1,0,0,1
"930",11,0,0,0,0,0,0,0,0,0,25,1,20,1,1,0,1
"931",6,0,0,0,0,0,0,0,0,0,36,4,33,3,2,1,1
"932",9,0,0,0,0,0,0,0,0,0,35,0,30,0,0,0,1
"933",9,0,0,0,0,0,0,0,0,0,43,3,41,3,0,0,1
"934",10,0,0,0,0,0,0,0,0,0,42,4,38,4,0,0,1
"935",13,0,0,0,0,0,0,0,0,0,38,2,36,1,0,0,1
"936",12,0,0,0,0,0,0,0,0,0,39,5,36,4,4,4,1
"937",16,0,0,0,0,0,0,0,0,0,43,5,38,4,2,2,10
"938",9,0,0,0,0,0,0,0,0,0,39,4,38,2,2,1,1
"939",8,0,0,0,0,0,0,0,0,0,30,1,27,0,0,0,1
"94",13,0,0,0,0,0,0,0,0,0,33,4,32,3,1,1,1
"940",6,0,0,0,0,0,0,0,0,0,33,3,30,3,2,2,1
"941",10,0,0,0,0,0,0,0,0,0,32,2,28,1,1,1,1
"942",11,0,0,0,0,0,0,0,0,0,44,4,42,3,0,0,1
"943",7,0,0,0,0,0,0,0,0,0,34,1,26,1,1,1,1
"944",10,0,0,0,0,0,0,0,0,0,31,4,28,2,2,2,1
"945",11,0,0,0,0,0,0,0,0,0,27,3,26,2,2,1,1
"946",13,0,0,0,0,0,0,0,0,0,33,0,29,0,0,0,1
"947",14,0,0,0,0,0,0,0,0,0,40,1,34,1,1,1,1
"948",10,0,0,0,0,0,0,0,0,0,43,3,37,1,1,0,1
"949",11,0,0,0,0,0,0,0,0,0,34,1,30,1,0,0,1
"95",9,0,0,0,0,0,0,0,0,0,38,1,35,1,1,1,1
"950",8,0,0,0,0,0,0,0,0,0,38,3,33,3,0,0,1
"951",8,0,0,0,0,0,0,0,0,0,40,4,37,2,1,1,1
"952",11,0,0,0,0,0,0,0,0,0,32,3,27,2,1,1,1
"953",7,0,0,0,0,0,0,0,0,0,40,2,36,1,1,1,1
"954",10,0,0,0,0,0,0,0,0,0,50,2,46,1,1,1,1
"955",10,0,0,0,0,0,0,0,0,0,30,3,26,2,2,2,1
"956",12,0,0,0,0,0,0,0,0,0,39,3,36,0,0,0,1
"957",6,0,0,0,0,0,0,0,0,0,32,2,26,2,1,1,1
"958",3,0,0,0,0,0,0,0,0,0,36,1,31,1,0,0,1
"959",10,0,0,0,0,0,0,0,0,0,39,5,34,3,1,1,1
"96",6,0,0,0,0,0,0,0,0,0,40,1,35,1,0,0,1
"960",15,0,0,0,0,0,0,0,0,0,34,0,29,0,0,0,1
"961",12,0,0,0,0,0,0,0,0,0,35,2,30,1,0,0,1
"962",12,0,0,0,0,0,0,0,0,0,39,1,34,1,0,0,1
"963",7,0,0,0,0,0,0,0,0,0,35,2,31,1,0,0,1
"964",7,0,0,0,0,0,0,0,0,0,36,3,32,3,2,2,1
"965",18,0,0,0,0,0,0,0,0,0,30,4,28,3,0,0,3
"966",6,0,0,0,0,0,0,0,0,0,32,4,31,3,0,0,1
"967",6,0,0,0,0,0,0,0,0,0,32,2,29,0,0,0,1
"968",14,0,0,0,0,0,0,0,0,0,32,3,27,2,2,2,1
"969",7,0,0,0,0,0,0,0,0,0,36,1,31,1,0,0,1
"97",3,0,0,0,0,0,0,0,0,0,26,1,23,1,1,1,1
"970",9,0,0,0,0,0,0,0,0,0,42,2,38,2,1,1,1
"971",6,0,0,0,0,0,0,0,0,0,34,2,30,2,1,0,1
"972",14,0,0,0,0,0,0,0,0,0,47,8,40,6,4,4,1
"973",6,0,0,0,0,0,0,0,0,0,31,4,24,2,1,1,1
"974",9,0,0,0,0,0,0,0,0,0,36,2,33,2,2,2,1
"975",6,0,0,0,0,0,0,0,0,0,35,1,31,1,0,0,1
"976",9,0,0,0,0,0,0,0,0,0,30,1,24,1,1,1,1
"977",4,0,0,0,0,0,0,0,0,0,40,2,31,1,0,0,1
"978",12,0,0,0,0,0,0,0,0,0,29,4,25,3,3,2,1
"979",7,0,0,0,0,0,0,0,0,0,36,0,33,0,0,0,1
"98",7,0,0,0,0,0,0,0,0,0,35,3,31,3,2,2,1
"980",6,0,0,0,0,0,0,0,0,0,47,3,39,3,2,2,1
"981",16,0,0,0,0,0,0,0,0,0,42,2,39,2,1,1,1
"982",8,0,0,0,0,0,0,0,0,0,36,0,28,0,0,0,1
"983",11,0,0,0,0,0,0,0,0,0,29,1,25,1,1,0,1
"984",15,0,0,0,0,0,0,0,0,0,42,1,41,0,0,0,1
"985",8,0,0,0,0,0,0,0,0,0,30,1,27,1,1,1,1
"986",9,0,0,0,0,0,0,0,0,0,32,1,26,0,0,0,1
"987",11,0,0,0,0,0,0,0,0,0,50,5,44,5,4,4,1
"988",10,0,0,0,0,0,0,0,0,0,41,3,37,2,2,2,1
"989",13,0,0,0,0,0,0,0,0,0,31,1,27,1,1,1,1
"99",10,0,0,0,0,0,0,0,0,0,40,4,34,4,1,0,1
"990",9,0,0,0,0,0,0,0,0,0,36,2,31,2,0,0,1
"991",6,0,0,0,0,0,0,0,0,0,36,2,34,2,0,0,1
"992",13,0,0,0,0,0,0,0,0,0,41,4,33,3,2,2,1
"993",13,0,0,0,0,0,0,0,0,0,36,2,33,2,2,2,1
"994",12,0,0,0,0,0,0,0,0,0,44,2,39,1,1,1,1
"995",10,0,0,0,0,0,0,0,0,0,35,0,27,0,0,0,1
"996",8,0,0,0,0,0,0,0,0,0,51,1,49,1,0,0,1
"997",8,0,0,0,0,0,0,0,0,0,29,2,24,1,0,0,1
"998",5,0,0,0,0,0,0,0,0,0,41,1,38,1,1,1,1
"999",13,0,0,0,0,0,0,0,0,0,42,5,35,5,3,3,1
