,0,1,2,3,4,5,7,8
a1005831090,1,1,1,0,0,0,0,0
a1161381522,1,1,0,0,0,1,0,0
a1409698667,2,2,0,0,0,2,0,0
a1412625411,162,157,0,0,0,162,0,0
a1488088415,7,6,0,0,0,7,0,0
a1488089419,1,0,0,0,0,1,0,0
a1743085591,1,1,0,0,0,1,0,0
a1863690462,1,0,1,0,0,0,0,0
a1930851759,16,16,0,0,0,16,0,0
a1930851770,6,6,0,0,0,6,0,0
a1992404130,1,1,0,0,0,1,0,0
a2308130196,2,1,0,0,0,2,0,0
a2437926070,1,1,0,0,0,1,0,0
a2780813677,1,1,0,0,0,1,0,0
a2861472341,4,4,0,0,0,4,0,0
a2861472345,5,1,0,0,0,5,0,0
a2902878580,1,1,0,0,0,1,0,0
a3086091356,2,1,2,0,0,0,0,0
a3208447095,5,4,0,0,0,5,0,0
a3228839619,7,7,0,5,0,2,0,0
a3336097381,3,2,0,0,0,3,0,0
a3387288030,1,1,0,0,0,1,0,0
a3436840924,16,14,0,0,0,16,0,0
a3436840960,12,10,0,0,0,12,0,0
a3461750771,1,1,0,0,0,1,0,0
a3461765058,1,0,0,0,0,1,0,0
a3466058276,1,1,0,0,0,1,0,0
a3486168160,4,4,0,0,0,4,0,0
a3536441868,11,11,0,11,0,0,0,0
a3638783942,1,1,0,0,0,1,0,0
a3717263325,1,1,0,0,0,1,0,0
a3730198063,2,2,2,0,0,0,0,0
a3730481037,1,1,1,0,0,0,0,0
a3816556374,3,3,2,1,0,0,0,0
a3860876889,2,2,2,0,0,0,0,0
a3860876949,3,2,3,0,0,0,0,0
a3893898337,11,11,0,11,0,0,0,0
a3900765852,2,2,2,0,0,0,0,0
a3915608727,4,4,0,0,0,4,0,0
a3959617756,2,2,0,0,0,2,0,0
a3996125377,1,1,0,0,0,1,0,0
a4000288744,1,1,0,0,0,1,0,0
a4049536337,1,0,0,0,0,1,0,0
a4052220666,1,0,1,0,0,0,0,0
a4102355432,2,1,2,0,0,0,0,0
a411248937,2,2,0,2,0,0,0,0
a4121195473,16,16,0,0,0,16,0,0
a4129366369,1,1,0,0,0,1,0,0
a4131371989,6,6,6,0,0,0,0,0
a4135159796,2,2,2,0,0,0,0,0
a4221661693,1,0,0,0,0,1,0,0
a4279749965,1,1,0,0,0,1,0,0
a4297551713,12,12,1,11,0,0,0,0
a4297552690,11,11,0,11,0,0,0,0
a4297554814,3,3,3,0,0,0,0,0
a4338955184,31,10,0,0,0,31,0,0
a4340570461,12,11,12,0,0,0,0,0
a4374347510,38,37,38,0,0,0,0,0
a4392480606,100,68,0,0,0,100,0,0
a4416217682,1,1,0,0,0,1,0,0
a4419538066,15,14,0,0,0,15,0,0
a4423851596,9,8,9,0,0,0,0,0
a4474140233,27,27,26,1,0,0,0,0
a4476805516,1,1,0,0,0,1,0,0
a447971550,1,1,1,0,0,0,0,0
a4526625372,2,2,0,0,0,2,0,0
a4652685954,1,0,1,0,0,0,0,0
a4660178451,3,0,0,0,0,3,0,0
a4665617026,4,4,3,1,0,0,0,0
a4665712499,2,2,2,0,0,0,0,0
a4665891113,1,1,1,0,0,0,0,0
a4665892165,4,4,4,0,0,0,0,0
a4665897416,2,2,2,0,0,0,0,0
a4665897969,1,1,1,0,0,0,0,0
a4665903885,1,1,1,0,0,0,0,0
a4675059100,2,2,2,0,0,0,0,0
a4686509829,2,2,2,0,0,0,0,0
a4695853952,9,8,9,0,0,0,0,0
a4707865726,219,187,0,0,0,219,0,0
a4707865981,4,1,0,0,0,4,0,0
a4707874892,1,1,0,0,0,1,0,0
a4708675610,5,5,0,0,0,5,0,0
a4717069784,9,8,9,0,0,0,0,0
a4745544837,1,1,1,0,0,0,0,0
a4751986813,8,8,8,0,0,0,0,0
a4765556460,1,1,0,0,0,1,0,0
a4811385025,4,4,0,0,0,4,0,0
a4844000327,1,1,0,1,0,0,0,0
a4850463048,1,1,0,1,0,0,0,0
a4857080139,20,15,20,0,0,0,0,0
a4857081234,29,24,29,0,0,0,0,0
a4857082814,33,23,33,0,0,0,0,0
a4861489847,2,2,1,1,0,0,0,0
a4874523461,1,1,1,0,0,0,0,0
a4879935071,1,0,0,0,0,1,0,0
a4888093099,1,1,0,0,0,1,0,0
a4888098648,1,0,0,0,0,1,0,0
a4892209809,1,1,0,0,0,1,0,0
a4900438303,1,1,1,0,0,0,0,0
a4907063747,1,1,0,0,0,1,0,0
a4923128384,13,2,0,0,0,13,0,0
a4930843724,2,2,0,0,0,2,0,0
a4935383754,1,1,0,0,0,1,0,0
a4956349957,2,1,2,0,0,0,0,0
a4962604487,1,1,0,0,0,1,0,0
a4962604949,1,0,1,0,0,0,0,0
a4963594775,63,5,0,0,0,63,0,0
a4963600277,1,0,0,0,0,1,0,0
a4968398292,1,1,0,0,0,1,0,0
a4969202716,2,2,0,0,0,2,0,0
a4976654763,1,1,0,1,0,0,0,0
a4986079692,1,1,1,0,0,0,0,0
a5003132532,2,1,2,0,0,0,0,0
a5004730281,1,1,0,0,0,1,0,0
a5011045533,3,3,3,0,0,0,0,0
a501114088,15,15,15,0,0,0,0,0
a5022579678,1,1,1,0,0,0,0,0
a5064423104,1,1,1,0,0,0,0,0
a5098173396,1,1,0,0,0,1,0,0
a5113437176,1,1,0,0,0,1,0,0
a515042954,106,94,0,0,0,106,0,0
a515042969,2517,2495,0,0,0,2517,0,0
a5167224874,1,0,0,0,0,1,0,0
a5167224913,1,0,0,0,0,1,0,0
a5202600097,2,1,0,0,0,2,0,0
a5202600139,2,2,0,0,0,2,0,0
a5202600479,2,2,0,0,0,2,0,0
a5246092985,2,2,0,0,0,2,0,0
a5252092296,1,1,1,0,0,0,0,0
a5252092839,2,2,2,0,0,0,0,0
a5282900219,2,2,0,0,0,2,0,0
a5284480485,1,1,0,0,0,1,0,0
a5285926325,104,103,0,104,0,0,0,0
a5286126234,2,1,0,0,0,2,0,0
a5286126289,1,1,0,0,0,1,0,0
a5307854452,8,4,8,0,0,0,0,0
a5310188789,1,1,0,0,0,1,0,0
a5310188866,1,1,0,0,0,1,0,0
a5325379796,4,3,0,0,0,4,0,0
a5331277326,3,2,3,0,0,0,0,0
a5339469767,2,2,0,0,0,2,0,0
a5351216030,5,4,5,0,0,0,0,0
a5351718126,4,4,4,0,0,0,0,0
a5374417987,1,1,1,0,0,0,0,0
a5390365067,47,28,0,0,0,47,0,0
a5390365238,3,3,3,0,0,0,0,0
a5390365937,1,1,1,0,0,0,0,0
a5390374398,29,27,0,0,0,29,0,0
a5390374724,1,1,1,0,0,0,0,0
a5390374977,5,5,5,0,0,0,0,0
a5395569090,1,1,1,0,0,0,0,0
a5399879907,1,1,1,0,0,0,0,0
a5402488769,701,688,701,0,0,0,0,0
a5402492947,10,9,9,1,0,0,0,0
a5409352947,1,0,1,0,0,0,0,0
a5423596317,1,1,0,1,0,0,0,0
a5424278073,1,0,1,0,0,0,0,0
a5431009500,4,4,4,0,0,0,0,0
a5440065394,1,1,0,0,0,1,0,0
a5450858373,1,1,1,0,0,0,0,0
a5475732385,1,1,0,0,0,1,0,0
a5484770275,48,42,48,0,0,0,0,0
a5492962043,1,0,1,0,0,0,0,0
a5494054120,1,1,1,0,0,0,0,0
a5494054149,300,290,300,0,0,0,0,0
a5495693088,1,1,1,0,0,0,0,0
a5495693152,2,2,2,0,0,0,0,0
a5495693882,2,2,2,0,0,0,0,0
a5495694439,1,1,1,0,0,0,0,0
a5495694550,1,1,1,0,0,0,0,0
a5495695565,7,7,3,0,0,4,0,0
a5495695724,2,2,2,0,0,0,0,0
a5495695847,4,4,2,0,0,2,0,0
a5495696053,1,1,1,0,0,0,0,0
a5495696405,3,3,1,0,0,0,0,0
a5495696456,7,7,3,0,0,4,0,0
a5495696549,21,20,21,0,0,0,0,0
a5495696940,3,3,1,0,0,2,0,0
a5495696991,4,3,2,0,0,2,0,0
a5495697049,2,2,2,0,0,0,0,0
a5495697765,3,3,1,0,0,0,0,0
a5495697826,2,2,2,0,0,0,0,0
a5495697884,1,1,1,0,0,0,0,0
a5495697968,9,8,5,0,0,3,0,0
a5495698043,11,11,7,0,0,4,0,0
a5495698530,2,2,2,0,0,2,0,0
a5495702870,2,2,2,0,0,0,0,0
a5499403765,47,45,47,0,0,0,0,0
a5506486534,27,27,27,0,0,0,0,0
a5512825381,1,1,1,0,0,0,0,0
a5538815179,1,1,1,0,0,0,0,0
a5539092822,1,1,1,0,0,0,0,0
a5539132294,1,1,1,0,0,0,0,0
a5546501684,64,43,64,0,0,0,0,0
a5554591692,2,0,0,0,0,2,0,0
a5558172674,1,1,1,0,0,0,0,0
a5565296141,2,2,2,0,0,0,0,0
a5567180387,970,946,970,0,0,0,0,0
a5567604755,1,0,0,0,0,1,0,0
a5576497561,4,3,4,0,0,0,0,0
a5595849372,1,1,1,0,0,0,0,0
a5601656023,11,11,0,11,0,0,0,0
a5617233840,1,1,1,0,0,0,0,0
a5633010199,1,1,1,0,0,0,0,0
a5633010278,1,1,0,1,0,0,0,0
a5633010856,1,1,1,0,0,0,0,0
a5633011107,2,2,1,1,0,0,0,0
a5633011295,1,1,1,0,0,0,0,0
a5633011363,3,3,1,2,0,0,0,0
a5633011727,1,1,0,1,0,0,0,0
a5633011798,2,2,2,0,0,0,0,0
a5633011919,2,2,1,1,0,0,0,0
a5633012381,1,1,1,0,0,0,0,0
a5633031188,37,30,0,0,0,37,0,0
a5647195014,1,1,0,0,0,1,0,0
a5658646673,10,10,0,0,0,10,0,0
a5664371117,350,303,338,4,0,8,0,0
a5687360225,1,1,0,0,0,1,0,0
a5692505439,1,1,0,0,0,1,0,0
a5692706526,1,1,0,0,0,1,0,0
a5696802504,1,1,1,0,0,0,0,0
a5715700939,12,11,12,0,0,0,0,0
a5715747784,43,36,43,0,0,0,0,0
a5726057725,3,3,1,2,0,0,0,0
a5753380702,2,1,2,0,0,0,0,0
a5754764796,2,2,2,0,0,0,0,0
a5770157605,3,2,3,0,0,0,0,0
a5771830402,8,8,8,0,0,0,0,0
a5771830485,33,30,33,0,0,0,0,0
a5772896727,4,3,4,0,0,0,0,0
a5776956738,69,58,0,0,0,69,0,0
a5776956904,4,4,4,0,0,0,0,0
a5776956949,2,2,2,0,0,0,0,0
a5776957298,5,5,5,0,0,0,0,0
a5822896270,8,8,8,0,0,0,0,0
a5830457937,3,3,3,0,0,0,0,0
a5844816811,1,1,0,0,0,1,0,0
a5846585259,1,1,1,0,0,0,0,0
a5850685286,1,1,1,0,0,0,0,0
a5880917954,4,3,0,0,0,4,0,0
a5905891756,1,1,0,1,0,0,1,9
a5905895321,1,1,0,1,0,0,0,0
a5912313637,541,514,541,0,0,0,0,0
a5921809619,266,251,258,8,0,0,0,0
a5948517920,1,1,1,0,0,0,0,0
a5950830609,34,20,0,0,0,34,0,0
a5950955866,436,312,0,0,0,436,0,0
a5960549651,3,3,3,0,0,0,0,0
a5960925264,2,2,1,0,0,1,0,0
a5961494370,4,3,4,0,0,0,0,0
a5966089485,526,493,526,0,0,0,0,0
a5972395507,5,5,1,4,0,0,0,0
a5984978951,1,1,1,0,0,0,0,0
a5989631468,1,1,1,0,0,0,0,0
a5990807142,3,3,0,0,0,3,0,0
a5990807756,1,1,1,0,0,0,0,0
a5990808062,3,3,3,0,0,0,0,0
a5990808838,12,10,12,0,0,0,0,0
a5990809437,5,5,5,0,0,0,0,0
a5990809484,11,9,11,0,0,0,0,0
a5990809710,1,1,1,0,0,0,0,0
a5990960091,5,4,0,0,0,5,0,0
a5993059485,2,2,0,0,0,2,0,0
a5993059517,1,0,0,0,0,1,0,0
a5995484634,1,1,0,0,0,1,0,0
a5996105124,2,2,2,0,0,0,0,0
a5997616645,7,7,7,0,0,0,0,0
a5997733899,1,1,1,0,0,0,0,0
a6000618870,2,2,2,0,0,0,0,0
a6000619150,2,2,2,0,0,0,0,0
a6027246439,1,0,1,0,0,0,0,0
a6027246477,11,10,3,0,0,8,0,0
a6033891325,1,1,1,0,0,0,0,0
a6035086615,1,1,1,0,0,0,0,0
a6035264341,2,2,2,0,0,0,0,0
a6035591679,30,29,30,0,0,0,0,0
a6035592005,44,41,44,0,0,0,0,0
a6035592170,21,18,21,0,0,0,0,0
a6035592483,73,65,73,0,0,0,0,0
a6035592698,3,3,3,0,0,0,0,0
a6035592839,109,108,109,0,0,0,0,0
a6051350394,1,1,1,0,0,0,0,0
a6054776623,6,6,6,0,0,0,0,0
a6076283545,1,0,0,0,0,1,0,0
a6088049387,3,3,3,0,0,0,0,0
a6088049395,6,5,6,0,0,0,0,0
a609252516,1,1,0,1,0,0,0,0
a6102911342,1,1,1,0,0,0,0,0
a6106559795,1,1,1,0,0,0,0,0
a6114500435,1,1,1,0,0,0,0,0
a6114773114,1632,1581,1630,2,0,0,0,0
a6115011847,2,2,2,0,0,0,0,0
a6117800987,32,29,32,0,0,0,0,0
a6119300167,2,2,0,0,0,2,0,0
a6121328663,0,0,0,0,0,3,0,0
a6123264831,1,0,0,0,0,1,0,0
a6124898063,10,10,1,9,0,0,0,0
a6125556157,1,1,0,0,0,1,0,0
a6126024662,10,10,1,9,0,0,0,0
a6127072421,24,15,24,0,0,0,0,0
a6127100807,1,0,0,0,0,1,0,0
a6127428339,1,0,0,0,0,1,0,0
a6127571065,1,1,0,1,0,0,0,0
a6127580099,1,1,1,0,0,0,0,0
a6127920612,1,1,1,0,0,0,0,0
a6128355529,1,0,0,0,0,1,0,0
a6128355595,1,1,0,0,0,1,0,0
a6128355633,2,2,0,0,0,2,0,0
a6128372683,1,1,0,0,0,1,0,0
a6130317686,1,1,0,0,0,1,0,0
a6130716573,13,13,0,13,0,0,0,0
a6133390513,18,17,0,0,0,18,0,0
a6133391745,27,26,0,0,0,27,0,0
a6136628473,6,6,0,0,0,6,0,0
a6137486837,1,1,0,0,0,1,0,0
a6137668245,1,1,1,0,0,0,0,0
a6138063578,1,1,1,0,0,0,0,0
a6142662134,2,2,0,0,0,2,0,0
a6142668458,1,0,0,0,0,1,0,0
a6144560182,1,1,1,0,0,0,0,0
a6144911843,2,2,2,0,0,0,0,0
a6146435380,22,15,0,0,0,22,0,0
a6146482933,1,1,1,0,0,0,0,0
a6157324037,1,1,1,0,0,0,0,0
a6157428805,7,7,1,6,0,0,0,0
a6158468120,3,3,3,0,0,0,0,0
a6158642491,1,0,0,0,0,1,0,0
a6163757325,2,2,0,0,0,2,0,0
a6164657570,3,3,0,3,0,0,0,0
a6167726027,1,1,1,0,0,0,0,0
a6169829989,1,0,0,0,0,1,0,0
a6169830033,1,0,0,0,0,1,0,0
a6176114691,1,1,0,0,0,1,0,0
a6176858948,142,123,0,0,0,142,0,0
a6176871439,190,165,0,0,0,190,0,0
a6177502198,4,4,3,1,0,0,0,0
a6180822586,0,0,0,0,0,1,0,0
a6182353613,1,1,0,0,0,1,0,0
a6182366148,2,2,2,0,0,0,0,0
a6183750753,813,733,813,0,0,0,0,0
a6183750876,1,1,1,0,0,0,0,0
a6183975952,1,1,0,0,0,1,0,0
a6184860354,1,1,0,0,0,1,0,0
a6184995193,1,1,1,0,0,0,0,0
a6185029126,1,1,0,0,0,1,0,0
a6186120532,2,2,0,0,0,2,0,0
a6186409254,1,1,0,0,0,1,0,0
a6186569976,1,0,0,0,0,1,0,0
a6191358547,0,0,0,0,0,14,0,0
a6192229808,3,3,0,0,0,3,0,0
a6192229865,1,1,0,0,0,1,0,0
a6194223907,2,1,2,0,0,0,0,0
a6206860421,1,1,1,0,0,0,0,0
a6206862915,1,1,1,0,0,0,0,0
a6207106977,1,1,1,0,0,0,0,0
a6207117055,1,1,0,1,0,0,0,0
a6208865761,3,3,0,0,0,3,0,0
a6208968354,1,1,1,0,0,0,0,0
a6210787313,53,48,52,1,0,0,0,0
a6212233749,1,1,1,0,0,0,0,0
a6212235429,1,1,1,0,0,0,0,0
a6212616110,1,1,0,1,0,0,0,0
a6214245647,1,1,0,0,0,1,0,0
a6216049324,1,0,1,0,0,0,0,0
a6217183763,1,1,1,0,0,0,0,0
a6217657595,91,86,91,0,0,0,0,0
a6217659576,22,17,22,0,0,0,0,0
a6218141565,1,1,1,0,0,0,0,0
a6218225219,5,4,5,0,0,0,0,0
a6218225491,1,1,1,0,0,0,0,0
a6218225731,4,3,4,0,0,0,0,0
a6218225752,2,1,2,0,0,0,0,0
a6218406404,373,333,373,0,0,0,0,0
a6218469611,1,1,0,0,0,1,0,0
a6218470489,1,1,0,0,0,1,0,0
a6218700058,1,1,0,0,0,1,0,0
a6218706548,22,10,22,0,0,0,0,0
a6218949989,1,0,1,0,0,0,0,0
a6219557576,639,593,639,0,0,0,0,0
a6220082544,1,1,1,0,0,0,0,0
a6221861739,22,21,2,20,0,0,0,0
a6221861800,226160,216581,41677,184483,0,0,0,0
a6222327309,1,1,1,0,0,0,0,0
a6222611444,1,1,1,0,0,0,0,0
a6224307516,102,102,15,87,0,0,0,0
a6225099547,171,147,155,16,0,0,0,0
a6227242375,1,1,1,0,0,0,0,0
a6227403395,2,2,2,0,0,0,0,0
a6229519452,1,1,1,0,0,0,0,0
a6231386586,57,40,0,0,0,57,0,0
a6231386746,3,3,0,0,0,3,0,0
a6231387043,1,1,0,0,0,1,0,0
a6231394547,1,1,1,0,0,0,0,0
a6231698371,367,350,367,0,0,0,0,0
a6231758171,1,1,1,0,0,0,0,0
a6231758406,8,8,8,0,0,0,0,0
a6231778307,1,1,1,0,0,0,0,0
a6232112359,1,1,1,0,0,0,0,0
a6232606071,1,1,1,0,0,850,0,0
a6233016475,3,2,3,0,0,0,0,0
a6233150179,1,1,1,0,0,0,0,0
a6233284681,1,1,1,0,0,0,0,0
a6233554281,0,0,0,0,0,2,0,0
a6233554317,0,0,0,0,0,20,0,0
a6233555365,0,0,0,0,0,20,0,0
a6233557186,0,0,0,0,0,2,0,0
a6233557216,0,0,0,0,0,2,0,0
a6233557242,0,0,0,0,0,2,0,0
a6233557810,0,0,0,0,0,2,0,0
a6233557840,0,0,0,0,0,10,0,0
a6233557880,0,0,0,0,0,10,0,0
a6233557924,0,0,0,0,0,8,0,0
a6233557951,0,0,0,0,0,12,0,0
a6233560257,0,0,0,0,0,8,0,0
a6233560286,1,1,1,0,0,170,0,0
a6233560487,0,0,0,0,0,16,0,0
a6233560740,0,0,0,0,0,2,0,0
a6233560765,0,0,0,0,0,2,0,0
a6233560798,0,0,0,0,0,20,0,0
a6233561624,0,0,0,0,0,2,0,0
a6233561653,0,0,0,0,0,1,0,0
a6233561894,0,0,0,0,0,1,0,0
a6233561919,0,0,0,0,0,1,0,0
a6233569879,1,1,1,0,0,0,0,0
a6233966698,1,1,0,1,0,0,0,0
a6233966714,1,1,0,1,0,0,0,0
a6233966720,1,1,0,1,0,0,0,0
a6233966904,1,1,0,1,0,0,0,0
a6235196784,3,3,3,0,0,0,0,0
a6235196851,71,67,70,1,0,0,0,0
a6235197054,9,8,9,0,0,0,0,0
a6235405668,5,5,5,0,0,0,0,0
a6236432122,3,3,0,3,0,0,0,0
a6236432374,3,3,0,3,0,0,0,0
a6236788405,1,1,1,0,0,0,0,0
a6238013310,2,1,0,0,0,2,0,0
a6238013335,1,0,0,0,0,1,0,0
a6238105613,1,1,0,0,0,1,0,0
a6238340468,8085,6466,8077,8,0,0,0,0
a6238835525,4,4,3,1,0,0,0,0
a6238837081,2,2,0,2,0,0,0,0
a6238837822,4,4,1,3,0,0,0,0
a6238838528,2,2,1,1,0,0,0,0
a6238839290,4,4,1,3,0,0,0,0
a6238840043,3,3,2,1,0,0,0,0
a6238841354,1,1,0,1,0,0,0,0
a6238842343,3,3,2,1,0,0,0,0
a6238843128,5,5,1,4,0,0,0,0
a6238843875,1,1,0,1,0,0,0,0
a6239009799,1,1,1,0,0,0,0,0
a6239010113,4,3,4,0,0,0,0,0
a6239027387,1,1,0,0,0,1,0,0
a6239048926,1,1,1,0,0,0,0,0
a6240926079,4,4,4,0,0,0,0,0
a6240929498,1,1,0,0,0,1,0,0
a6243371515,4,3,3,1,0,0,0,0
a6246645375,0,0,0,1,0,0,0,0
a6246645461,0,0,0,0,0,20,0,0
a6246672279,0,0,0,1,0,0,0,0
a6246672407,0,0,0,0,0,20,0,0
a6246688501,0,0,0,1,0,0,0,0
a6246688560,0,0,0,0,0,100,0,0
a6249832520,1292,1203,1291,1,0,0,0,0
a6249834537,4100,3547,4100,0,0,0,0,0
a6252955579,1,0,0,0,0,1,0,0
a6253061949,3,1,0,0,0,3,0,0
a6253142013,0,0,0,0,0,1,0,0
a6253179871,8,7,8,0,0,0,0,0
a6253238383,0,0,0,0,0,1,0,0
a6253311409,0,0,0,0,0,1,0,0
a6254059822,1,1,1,0,0,0,0,0
a6254061824,3,3,3,0,0,0,0,0
a6254114881,3,3,3,0,0,0,0,0
a6254115034,11,11,11,0,0,0,0,0
a6254124438,5,4,3,2,0,0,0,0
a6254406443,22,19,22,0,0,0,0,0
a6254408608,2,2,2,0,0,0,0,0
a6254556571,1,1,1,0,0,0,0,0
a6254841253,0,0,0,0,0,1,0,0
a6254841322,0,0,0,0,0,120,0,0
a6254863748,2,2,2,0,0,0,0,0
a6255486427,7,6,7,0,0,0,0,0
a6255532702,3134,2449,3051,83,0,0,0,0
a6255599908,2,1,1,1,0,0,0,0
a6255706643,0,0,0,0,1,0,0,0
a6255708300,0,0,0,0,160,670,0,0
a6255734893,0,0,0,0,0,1,0,0
a6255735278,25,285,20,6,0,0,0,0
a6255751611,3,2,3,0,0,0,0,0
a6255885921,1,0,1,0,0,0,0,0
a6255892558,2,2,2,0,0,0,0,0
a6255967760,13,13,1,0,326,0,0,0
a6255979148,0,0,0,0,1,0,0,0
a6255979607,48,48,48,0,38,12,0,0
a6255981709,0,0,0,0,0,1,0,0
a6256014611,401,326,401,0,0,0,0,0
a6256018664,7,6,7,0,0,0,0,0
a6256018813,214,174,214,0,0,0,0,0
a6256027503,6,6,6,0,0,0,0,0
a6256046037,1,0,0,0,0,1,0,0
a6256046065,1,1,0,0,0,1,0,0
a6256046102,12,9,12,0,0,0,0,0
a6256049903,3,1,0,0,0,3,0,0
a6256049952,1,0,0,0,0,1,0,0
a6256049973,12,7,12,0,0,0,0,0
a6256140320,1,0,1,0,0,0,0,0
a6256183845,4,4,4,0,0,0,0,0
a6256184107,21,20,21,0,0,0,0,0
a6256185280,3,3,3,0,0,0,0,0
a6256219395,6,5,6,0,0,0,0,0
a6256256519,3,3,3,0,0,0,0,0
a6256256580,43,41,43,0,0,0,0,0
a6256256962,4,4,4,0,0,0,0,0
a6256516525,1,1,0,1,0,0,0,0
a6256519290,1,0,1,0,0,0,0,0
a6256599095,1,1,0,0,0,1,0,0
a6256646575,3,3,3,0,0,0,0,0
a6256649410,1,0,1,0,0,0,0,0
a6256810996,6,6,6,0,0,0,0,0
a6256895231,1,0,1,0,0,0,0,0
a6256998227,1,1,1,0,0,0,0,0
a6256999030,33,32,28,0,11,0,0,0
a6257101974,0,0,0,0,1,0,0,0
a6257247941,1,1,1,0,0,0,0,0
a6257250550,0,0,0,0,0,1,0,0
a6257250624,7,7,7,0,0,5,0,0
a6257250695,1,1,1,0,0,1,0,0
a6257250783,3,3,3,0,0,1,0,0
a6257428774,0,0,0,0,1,0,0,0
a6257428885,0,0,0,0,0,17,0,0
a6257429468,0,0,0,0,0,1,0,0
a6257429715,1,1,1,0,1,0,0,0
a6257429772,48,48,34,0,116,8,0,0
a6257432693,0,0,0,0,0,1,0,0
a6257433337,0,0,0,0,1,0,0,0
a6257435487,1,1,1,0,1,1,0,0
a6257436622,5,5,5,0,3,5,0,0
a6257439698,0,0,0,0,0,1,0,0
a6257462798,1,1,0,0,0,2,0,0
a6257489732,0,0,0,0,1,0,0,0
a6257489827,50,50,50,0,102,8,0,0
a6257490374,0,0,0,0,0,1,0,0
a6257568518,0,0,0,0,0,1,0,0
a6257597688,1,1,1,0,63,0,0,0
a6257652952,1,1,1,0,0,0,0,0
a6257653083,1831,1764,1438,77,0,331,0,0
a6257655536,4455,4192,4352,113,0,0,0,0
a6257669344,1777,1707,1777,0,0,0,0,0
a6257719116,0,0,0,0,1,0,0,0
a6257719158,1,1,0,0,1,0,0,0
a6257719183,1,1,0,0,1,0,0,0
a6257719327,0,0,0,0,1,0,0,0
a6257719370,1,1,0,0,0,0,0,0
a6257719391,0,0,0,0,1,0,0,0
a6257719418,1,1,0,0,1,0,0,0
a6257719469,1,1,0,0,1,0,0,0
a6257719504,1,1,0,0,1,0,0,0
a6257719536,1,1,0,0,1,0,0,0
a6257719559,1,1,0,0,1,0,0,0
a6257719591,0,0,0,0,1,0,0,0
a6257719621,1,1,0,0,1,0,0,0
a6257719639,1,1,0,0,1,0,0,0
a6257719675,1,1,0,0,1,0,0,0
a6257719735,1,1,0,0,1,0,0,0
a6257719831,0,0,0,0,1,0,0,0
a6257719855,1,1,0,0,0,0,0,0
a6257720323,1,1,0,0,0,0,0,0
a6257748110,21,14,0,0,0,21,0,0
a6257749407,2,1,2,0,0,0,0,0
a6257749653,9,2,9,0,0,0,0,0
a6257749745,1,0,1,0,0,0,0,0
a6257779830,0,0,0,0,1,0,0,0
a6257779974,0,0,0,0,5,2,0,0
a6257867677,0,0,0,0,1,0,0,0
a6257868503,0,0,0,0,7,2,0,0
a6257870939,0,0,0,0,1,1,0,0
a6257904564,406,353,392,1,0,13,0,0
a6257923053,22,20,22,0,0,0,0,0
a6257923865,5,4,5,0,0,0,0,0
a6258057312,0,0,0,0,0,31,0,0
a6258120377,2,2,2,0,0,0,0,0
a6258120690,0,0,0,0,379,0,0,0
a6258122030,4,4,4,0,0,0,0,0
a6258130280,0,0,0,0,1,0,0,0
a6258130316,0,0,0,0,1,0,0,0
a6258130392,5,5,0,1,47,24,0,0
a6258131618,0,0,0,0,0,1,0,0
a6258142244,0,0,0,0,1,0,0,0
a6258142523,15,15,0,0,1754,361,0,0
a6258145301,0,0,0,0,0,1,0,0
a6258156100,0,0,0,0,1,0,0,0
a6258156550,3,3,0,0,22,34,0,0
a6258158332,0,0,0,0,0,1,0,0
a6258172143,0,0,0,0,1,0,0,0
a6258172380,3,3,0,3,43,11,0,0
a6258173840,0,0,0,0,0,1,0,0
a6258179547,0,0,0,0,1,0,0,0
a6258179590,2,2,0,1,0,0,0,0
a6258179646,438,434,76,47,0,0,0,0
a6258191692,1,1,1,0,0,0,0,0
a6258204022,0,0,0,0,22,0,0,0
a6258205315,0,0,0,0,1,0,0,0
a6258205939,0,167,0,0,252,4,0,0
a6258207282,0,0,0,0,0,2,0,0
a6258212711,0,0,0,0,1,0,0,0
a6258213111,3,3,2,1,384,116,0,0
a6258260789,0,0,0,0,1,0,0,0
a6258262847,0,0,0,0,1,0,0,0
a6258262995,1,1,0,0,1,0,0,0
a6258266187,0,0,0,0,0,1,0,0
a6258266339,3,3,3,0,0,0,0,0
a6258289322,0,0,0,0,1,0,0,0
a6258289360,1,1,0,0,1,0,0,0
a6258291528,0,0,0,0,1,0,0,0
a6258298017,0,0,0,0,1,0,0,0
a6258298021,1,1,0,0,1,0,0,0
a6258298998,0,0,0,0,1,0,0,0
a6258299084,3,3,0,3,97,3,0,0
a6258299719,0,0,0,0,0,1,0,0
a6258302313,0,0,0,0,0,3,0,0
a6258311342,2,2,1,0,0,1,0,0
a6258311657,0,0,0,0,127,0,0,0
a6258312369,1,1,1,0,0,0,0,0
a6258313590,0,0,0,0,1,0,0,0
a6258313661,1,1,0,0,1,0,0,0
a6258313703,1,1,0,0,1,0,0,0
a6258317446,0,0,0,0,0,1,0,0
a6258325489,1,1,1,0,1,0,0,0
a6258325576,0,0,0,0,1,0,0,0
a6258325740,35,35,1,24,1035,25,0,0
a6258326881,13,8,13,0,1,999,0,0
a6258328269,0,0,0,0,0,1,0,0
a6258328702,0,0,0,0,1,0,0,0
a6258328788,116,116,1,35,2007,173,0,0
a6258334496,1,1,1,0,0,1,0,0
a6258334920,0,0,0,0,1,0,0,0
a6258335080,0,0,0,0,19,31,0,0
a6258335249,0,0,0,0,0,1,0,0
a6258344025,511,511,15,6,2058,425,0,0
a6258347244,0,0,0,0,0,1,0,0
a6258348035,0,0,0,0,1,0,0,0
a6258348064,0,0,0,0,1,0,0,0
a6258348101,1,1,0,0,1,0,0,0
a6258348103,1,1,0,0,1,0,0,0
a6258358895,1,1,0,0,1,0,0,0
a6258358897,0,0,0,0,0,5,0,0
a6258359001,0,0,0,0,0,1,0,0
a6258359497,0,0,0,0,1,0,0,0
a6258359830,1,1,0,0,1,0,0,0
a6258360696,0,0,0,0,0,1,0,0
a6258360756,0,0,0,0,1,0,0,0
a6258361130,0,0,0,0,1,0,0,0
a6258361132,0,0,0,0,1,0,0,0
a6258361134,0,0,0,0,1,0,0,0
a6258361363,1,1,0,0,1,0,0,0
a6258364131,0,0,0,0,1,0,0,0
a6258364262,0,0,0,0,10,1,0,0
a6258364375,0,0,0,0,5,1,0,0
a6258364838,0,0,0,0,0,1,0,0
a6258365830,0,0,0,0,1,0,0,0
a6258365976,0,0,0,0,1,0,0,0
a6258366067,0,0,0,0,2,0,0,0
a6258366152,0,0,0,0,189,9,0,0
a6258366450,0,0,0,0,0,1,0,0
a6258366554,0,0,0,0,1,0,0,0
a6258368501,0,0,0,0,0,1,0,0
a6258369272,0,0,0,0,0,1,0,0
a6258369459,0,0,0,0,1,0,0,0
a6258369570,0,0,0,0,2,0,0,0
a6258369663,0,0,0,0,7,2,0,0
a6258369768,0,0,0,0,0,1,0,0
a6258373158,1,1,0,0,1,0,0,0
a6258373282,1,1,0,0,1,0,0,0
a6258373284,1,1,0,0,1,0,0,0
a6258373332,2,2,1,0,1,0,0,0
a6258373334,2,2,1,0,1,0,0,0
a6258373394,1,1,0,0,1,0,0,0
a6258373439,11,11,0,0,8,3,0,0
a6258373576,1,1,0,0,1,0,0,0
a6258373578,14,14,0,0,13,1,0,0
a6258373618,1,1,0,0,1,0,0,0
a6258373657,1,1,0,0,1,0,0,0
a6258373704,1,1,0,0,1,0,0,0
a6258373851,1,1,0,0,1,0,0,0
a6258373890,1,1,0,0,1,0,0,0
a6258373892,2,2,1,0,0,1,0,0
a6258373894,1,1,0,0,1,0,0,0
a6258373935,1,1,0,0,1,0,0,0
a6258373937,1,1,0,0,1,0,0,0
a6258373978,1,1,0,0,1,0,0,0
a6258373980,1,1,0,0,1,0,0,0
a6258374018,1,1,0,0,1,0,0,0
a6258374211,1,1,0,0,1,0,0,0
a6258374365,1,1,0,0,1,0,0,0
a6258376174,1,1,0,0,1,0,0,0
a6258376176,278,278,77,1,176,24,0,0
a6258377912,1,1,0,0,0,1,0,0
a6258377978,1,1,0,0,1,0,0,0
a6258377980,1,1,0,0,1,0,0,0
a6258378083,50,50,0,0,33,17,0,0
a6258378172,1,1,0,0,1,0,0,0
a6258378779,1,1,0,0,1,0,0,0
a6258378842,2,2,1,0,0,1,0,0
a6258378878,2,2,0,0,1,1,0,0
a6258378902,1,1,0,0,1,0,0,0
a6258378938,1,1,0,0,1,0,0,0
a6258378940,1,1,0,0,1,0,0,0
a6258378942,1,1,0,0,1,0,0,0
a6258378944,1,1,0,0,1,0,0,0
a6258378968,18,18,0,0,8,10,0,0
a6258378987,1,1,0,0,0,0,0,0
a6258379013,1,1,0,0,1,0,0,0
a6258379324,60,60,0,0,37,23,0,0
a6258379813,1,1,0,0,0,0,0,0
a6258380499,2329,2284,290,0,0,39,0,0
a6258394409,1,1,0,1,0,0,0,0
a6258394553,4,4,3,0,0,0,0,0
a6258397329,2,2,0,0,0,0,0,0
a6258397565,20,20,0,0,0,0,0,0
a6258397610,20,20,0,0,0,0,0,0
a6258397652,2,2,0,0,0,0,0,0
a6258397893,2,2,0,0,0,0,0,0
a6258397916,2,2,0,0,0,0,0,0
a6258398137,2,2,0,0,0,0,0,0
a6258398181,10,10,0,0,0,0,0,0
a6258398225,10,10,0,0,0,0,0,0
a6258398294,8,8,0,0,0,0,0,0
a6258398371,12,12,0,0,0,0,0,0
a6258398442,8,8,0,0,0,0,0,0
a6258398523,170,170,0,0,0,0,0,0
a6258398750,16,16,0,0,0,0,0,0
a6258399301,2,2,0,0,0,0,0,0
a6258399359,2,2,0,0,0,0,0,0
a6258399394,20,20,0,0,0,0,0,0
a6258399446,2,2,0,0,0,0,0,0
a6258399504,1,1,0,0,0,0,0,0
a6258399539,1,1,0,0,0,0,0,0
a6258399541,1,1,0,0,1,0,0,0
a6258399543,1,1,0,0,1,0,0,0
a6258399578,1,1,0,0,0,0,0,0
a6258399651,2,2,0,0,2,0,0,0
a6258399654,1058,1058,0,5,1012,41,0,0
a6258400796,208,208,9,1,175,23,0,0
a6258400995,1,1,0,0,0,1,0,0
a6258402092,1,1,0,0,1,0,0,0
a6258405519,1,1,0,0,0,1,0,0
a6258406658,1,1,0,0,1,0,0,0
a6258406660,1,1,0,0,1,0,0,0
a6258406717,1,1,0,0,1,0,0,0
a6258406719,1,1,0,0,1,0,0,0
a6258406766,1,1,0,0,1,0,0,0
a6258406768,1,1,0,0,1,0,0,0
a6258406866,1,1,0,0,1,0,0,0
a6258406868,11,11,0,0,5,6,0,0
a6258406880,1,1,0,0,1,0,0,0
a6258407166,14,14,0,0,13,1,0,0
a6258408120,1,1,0,0,0,1,0,0
a6258408875,1,1,0,0,1,0,0,0
a6258408942,1,1,0,0,1,0,0,0
a6258408979,1,1,0,0,1,0,0,0
a6258409010,50,50,0,0,47,3,0,0
a6258409170,1,1,0,0,1,0,0,0
a6258409551,1,1,0,0,0,1,0,0
a6258410010,1,1,0,0,1,0,0,0
a6258411090,1,1,0,0,1,0,0,0
a6258411314,1,1,0,0,1,0,0,0
a6258411611,1,1,0,0,1,0,0,0
a6258412124,1,1,0,0,1,0,0,0
a6258413065,1,1,0,0,1,0,0,0
a6258413067,1,1,0,0,1,0,0,0
a6258413190,2,2,0,0,1,1,0,0
a6258413193,2,2,0,0,0,2,0,0
a6258413303,9,9,0,0,1,8,0,0
a6258413313,9,9,0,0,3,6,0,0
a6258413606,1,1,0,0,0,1,0,0
a6258413665,1,1,0,0,0,1,0,0
a6258413667,50,50,0,0,0,50,0,0
a6258414027,1,1,0,0,1,0,0,0
a6258414123,1,1,0,0,1,0,0,0
a6258414202,1,1,0,0,1,0,0,0
a6258414204,1,1,0,0,1,0,0,0
a6258414323,1,1,0,0,1,0,0,0
a6258414325,1,0,0,0,0,0,0,0
a6258414327,1,1,0,0,1,0,0,0
a6258414329,1,1,0,0,1,0,0,0
a6258414362,1,1,0,0,0,1,0,0
a6258414364,1,1,0,0,0,1,0,0
a6258414395,1,1,0,0,1,0,0,0
a6258414412,70,70,0,0,68,0,0,0
a6258414573,1,1,0,0,1,0,0,0
a6258414827,9,9,0,0,2,7,0,0
a6258414884,3,3,0,0,0,0,0,0
a6258414985,7,7,0,0,5,2,0,0
a6258415038,1,1,0,0,1,0,0,0
a6258415040,31,0,0,0,0,31,0,0
a6258415138,1,1,0,0,0,1,0,0
a6258415140,235,235,3,201,0,31,0,0
a6258416166,1,1,0,0,1,0,0,0
a6258416287,2,2,0,0,0,2,0,0
a6258416429,108,108,0,0,31,77,0,0
a6258418477,1,1,0,0,1,0,0,0
a6258422398,1,1,0,0,1,0,0,0
a6258422588,11,11,0,0,8,3,0,0
a6258422889,14,14,0,0,12,2,0,0
a6258423609,3,3,2,0,0,1,0,0
a6258424563,1,1,0,1,0,0,0,0
a6258424768,1,1,0,0,0,1,0,0
a6258424910,1,1,0,0,1,0,0,0
a6258425134,1,1,0,0,1,0,0,0
a6258425136,1,1,0,0,1,0,0,0
a6258425139,1,1,0,0,1,0,0,0
a6258425141,1,1,0,0,1,0,0,0
a6258425225,1,1,0,0,1,0,0,0
a6258425227,1,1,0,0,1,0,0,0
a6258425229,3,3,2,0,1,0,0,0
a6258425262,1,1,0,0,1,0,0,0
a6258426090,1,1,0,0,1,0,0,0
a6258426371,176,176,0,1,0,0,0,0
a6258426786,1,1,0,0,0,1,0,0
a6258426788,1,1,0,0,1,0,0,0
a6258427079,51,51,0,0,51,0,0,0
a6258427131,1,1,0,0,1,0,0,0
a6258428453,1,1,0,0,1,0,0,0
a6258428574,1,1,0,0,1,0,0,0
a6258428619,1,1,0,0,0,1,0,0
a6258428668,1,1,0,0,1,0,0,0
a6258428712,1,1,0,0,1,0,0,0
a6258428755,1,1,0,0,1,0,0,0
a6258428789,1,1,0,0,1,0,0,0
a6258428791,2,2,0,0,1,1,0,0
a6258428883,9,9,0,0,5,4,0,0
a6258429644,1,1,0,0,0,1,0,0
a6258430783,1,1,0,0,1,0,0,0
a6258430897,50,50,0,0,36,14,0,0
a6258431213,2273,2273,4,28,2074,167,0,0
a6258433960,1,1,0,1,0,0,0,0
a6258434008,1,1,0,0,1,0,0,0
a6258434296,1,1,0,0,0,1,0,0
a6258445556,1,1,0,0,1,0,0,0
a6258445914,246,246,46,0,185,15,0,0
a6258448493,1,1,0,0,0,1,0,0
a6258448939,10,10,0,0,0,10,0,5
a6258449135,1,1,0,0,0,1,0,0
a6258449276,1,1,0,0,1,0,0,0
a6258449538,1,1,0,0,1,0,0,0
a6258449540,1,1,0,0,1,0,0,0
a6258449542,1,1,0,0,1,0,0,0
a6258449544,1,1,0,0,1,0,0,0
a6258449546,1,1,0,0,1,0,0,0
a6258449834,1,1,0,0,1,0,0,0
a6258449949,1,1,0,0,1,0,0,0
a6258449951,1,1,0,0,1,0,0,0
a6258450097,1,1,0,0,1,0,0,0
a6258450099,1,1,0,0,1,0,0,0
a6258450101,1,1,0,0,1,0,0,0
a6258450229,2,2,0,0,2,0,0,0
a6258450304,1,1,0,0,0,1,0,0
a6258450441,1,1,0,0,1,0,0,0
a6258450496,1,1,0,0,0,1,0,0
a6258450573,1,1,0,0,1,0,0,0
a6258450877,1,1,0,0,0,1,0,0
a6258451043,1,1,0,0,1,0,0,0
a6258451088,1,1,0,0,1,0,0,0
a6258451620,1,1,0,0,1,0,0,0
a6258451892,1,1,0,0,1,0,0,0
a6258452161,1,1,0,0,1,0,0,0
a6258452292,1,1,0,0,1,0,0,0
a6258452435,13,13,0,0,11,2,0,0
a6258452580,9,9,0,0,8,1,0,0
a6258452688,1,1,0,0,0,1,0,0
a6258453377,1,1,0,0,0,0,0,0
a6258453486,20,20,0,0,0,0,0,0
a6258454462,1,1,0,0,1,0,0,0
a6258454587,50,50,0,0,29,21,0,0
a6258454741,1,1,0,0,1,0,0,0
a6258454865,50,50,0,0,21,29,0,0
a6258455042,1,1,0,0,1,0,0,0
a6258455083,1,1,0,0,1,0,0,0
a6258455085,1,1,0,0,1,0,0,0
a6258455127,1,1,0,0,1,0,0,0
a6258455129,1,1,0,0,0,1,0,0
a6258455262,1,1,0,0,1,0,0,0
a6258455395,5,5,2,0,1,2,0,0
a6258455399,2,2,1,0,0,1,0,0
a6258455569,1,1,0,0,1,0,0,0
a6258455571,1,1,0,0,1,0,0,0
a6258456136,50,50,0,0,7,43,0,0
a6258456340,1,1,0,0,1,0,0,0
a6258456426,1,1,0,0,1,0,0,0
a6258456458,50,50,0,0,16,34,0,0
a6258456579,2103,2103,0,0,1972,131,0,0
a6258458680,1,1,0,0,0,1,0,0
a6258458700,1,1,0,0,1,0,0,0
a6258458772,1,1,0,0,1,0,0,0
a6258458812,1,1,0,0,0,1,0,0
a6258458814,50,50,0,0,50,0,0,0
a6258458927,2,2,0,0,2,0,0,0
a6258459042,9,9,0,0,7,2,0,0
a6258459188,1,1,0,0,0,1,0,0
a6258460334,1,1,0,0,0,1,0,0
a6258460448,1,1,0,0,1,0,0,0
a6258460514,1,1,0,0,0,1,0,0
a6258460565,1,1,0,0,1,0,0,0
a6258460567,1,1,0,0,0,1,0,0
a6258460616,5,5,0,0,2,3,0,0
a6258460740,1,1,0,0,1,0,0,0
a6258460830,9,9,0,0,5,4,0,0
a6258460840,2,2,0,0,1,1,0,0
a6258460889,41,41,3,0,30,8,0,0
a6258460948,7,7,0,0,5,2,0,0
a6258467645,1,1,0,0,0,1,0,0
a6258469008,1,1,0,0,0,1,0,0
a6258469163,1,1,0,0,0,1,0,0
a6258469386,1,1,0,0,1,0,0,0
a6258469427,1,1,0,0,1,0,0,0
a6258469645,1,1,0,0,1,0,0,0
a6258469895,1,1,0,0,1,0,0,0
a6258469897,1,1,0,0,1,0,0,0
a6258470093,2,2,0,0,1,1,0,0
a6258470096,2,2,0,0,1,1,0,0
a6258470426,41,41,3,0,31,7,0,0
a6258470465,46,46,9,0,31,6,0,0
a6258471040,1,1,0,0,0,1,0,0
a6258471695,2,2,1,0,0,1,0,0
a6258472462,1,1,0,0,1,0,0,0
a6258472704,1,1,0,0,1,0,0,0
a6258472962,1,1,0,0,1,0,0,0
a6258474638,1,1,0,0,1,0,0,0
a6258474751,1,1,0,0,1,0,0,0
a6258474910,1,1,0,0,1,0,0,0
a6258475007,1,1,0,0,1,0,0,0
a6258475009,70,70,0,0,68,2,0,0
a6258475115,1,1,0,0,1,0,0,0
a6258475117,1,1,0,0,1,0,0,0
a6258475119,3,3,2,0,1,0,0,0
a6258475121,2,2,1,0,1,0,0,0
a6258475176,1,1,0,0,1,0,0,0
a6258475367,1,1,0,0,1,0,0,0
a6258475369,1,1,0,0,1,0,0,0
a6258475405,1,1,0,0,1,0,0,0
a6258475524,1,1,0,0,0,1,0,0
a6258475526,1,1,0,0,1,0,0,0
a6258475528,1,1,0,0,1,0,0,0
a6258475577,1,1,0,0,1,0,0,0
a6258475711,1,1,0,0,1,0,0,0
a6258475847,1,1,0,0,1,0,0,0
a6258475849,1,1,0,0,1,0,0,0
a6258475883,50,50,0,0,35,15,0,0
a6258476043,1,1,0,0,1,0,0,0
a6258476261,2,2,1,0,1,0,0,0
a6258476292,1,1,0,0,1,0,0,0
a6258477009,1,1,0,0,0,1,0,0
a6258477875,1,1,0,0,1,0,0,0
a6258478214,1,1,0,0,1,0,0,0
a6258478410,1,1,0,0,1,0,0,0
a6258478449,1,1,0,0,1,0,0,0
a6258478512,1002,1002,2,0,968,32,0,0
a6258481416,1,1,0,0,1,0,0,0
a6258481435,1,1,0,0,1,0,0,0
a6258481702,1051,1051,1,0,1020,30,0,0
a6258482791,103,103,1,2,85,15,0,0
a6258484066,1,1,0,0,0,1,0,0
a6258484068,1,1,0,0,0,1,0,0
a6258485392,1,1,0,0,1,0,0,0
a6258485799,2,2,0,0,0,2,0,0
a6258486095,1,1,0,0,1,0,0,0
a6258505055,1,1,0,0,0,1,0,0
a6258505492,1,1,0,0,1,0,0,0
a6258507019,1,1,0,0,1,0,0,0
a6258508683,1,1,0,0,1,0,0,0
a6258508813,2,2,0,1,1,0,0,0
a6258508878,5,5,0,0,2,3,0,0
a6258509145,72,72,0,0,46,26,0,0
a6258509348,1,1,0,0,1,0,0,0
a6258509447,1,1,0,0,0,1,0,0
a6258509554,48,48,0,0,45,3,0,0
a6258510249,1,1,0,0,1,0,0,0
a6258510342,102,102,0,2,89,11,0,0
a6258510551,1,1,0,0,0,1,0,0
a6258510599,1,1,0,0,0,1,0,0
a6258510912,1,1,0,0,1,0,0,0
a6258512185,1100,1100,0,14,1028,58,0,0
a6258513390,1,1,0,0,0,1,0,0
a6258513731,1,1,0,0,0,1,0,0
a6258513805,1,1,0,0,1,0,0,0
a6258513832,1,1,0,0,1,0,0,0
a6258517228,1,1,0,0,1,0,0,0
a6258517253,1,1,0,0,1,0,0,0
a6258517316,1,1,0,0,1,0,0,0
a6258517465,1,1,0,0,0,1,0,0
a6258518112,1,1,0,0,0,1,0,0
a6258519209,1,1,0,0,1,0,0,0
a6258519277,1,1,0,0,0,0,0,0
a6258519378,50,50,0,0,15,35,0,0
a6258519507,1145,1145,2,2,0,91,0,0
a6258520677,1,1,0,0,0,1,0,0
a6258520718,1,1,0,0,0,0,0,0
a6258520945,1026,1026,2,1,993,30,0,0
a6258522031,1,1,0,0,1,0,0,0
a6258522130,1,1,0,0,1,0,0,0
a6258522464,2,2,1,0,1,0,0,0
a6258549968,1,1,0,0,1,0,0,0
a6258550087,1,1,0,0,0,0,0,0
a6258550111,1,1,0,0,1,0,0,0
a6258553457,5,5,0,0,5,0,0,0
a6258553583,1,1,0,0,1,0,0,0
a6258553885,1,1,0,0,1,0,0,0
a6258554065,1,1,0,0,1,0,0,0
a6258554067,1,1,0,0,1,0,0,0
a6258554234,1,1,0,0,1,0,0,0
a6258556186,1,1,0,0,1,0,0,0
a6258556205,1,1,0,0,0,1,0,0
a6258556528,153,153,43,0,45,65,0,0
a6258556800,529,529,135,4,348,42,0,0
a6258561673,1,1,0,0,0,1,0,0
a6258562176,1,1,0,0,1,0,0,0
a6258565413,1,1,0,0,1,0,0,0
a6258565951,1,1,0,0,1,0,0,0
a6258566016,10,10,4,0,1,5,0,0
a6258566182,2,2,1,0,0,1,0,0
a6258567693,1,1,0,0,0,0,0,0
a6258567817,1271,1271,1,109,1080,25,0,0
a6258568868,1,1,0,0,1,0,0,0
a6258568998,1,1,0,0,0,0,0,0
a6258569000,1,1,0,0,1,0,0,0
a6258569159,1,1,0,0,1,0,0,0
a6258569213,1,1,0,0,1,0,0,0
a6258569215,1,1,0,0,1,0,0,0
a6258569290,1,1,0,0,1,0,0,0
a6258569293,1,1,0,0,1,0,0,0
a6258569465,1,1,0,0,1,0,0,0
a6258569532,1,1,0,0,1,0,0,0
a6258569696,1,1,0,0,1,0,0,0
a6258569698,1,1,0,0,1,0,0,0
a6258569793,2,2,0,0,1,1,0,0
a6258573115,2,2,1,0,0,1,0,0
a6258573144,1,1,0,0,1,0,0,0
a6258573838,1052,1052,1,1,1032,18,0,0
a6258575200,1,1,0,0,0,1,0,0
a6258576323,1,1,0,0,1,0,0,0
a6258577256,1,1,0,0,0,1,0,0
a6258577258,1,1,0,0,1,0,0,0
a6258580825,2,2,0,0,0,2,0,0
a6258581409,1,1,0,0,1,0,0,0
a6258581728,998,996,0,0,224,774,0,0
a6258583198,1,1,0,0,1,0,0,0
a6258583273,1,1,0,0,0,1,0,0
a6258583418,1,1,0,0,1,0,0,0
a6258583547,146,146,31,0,112,3,0,0
a6258583746,126,126,16,0,110,0,0,0
a6258584267,1,1,0,0,1,0,0,0
a6258584658,22,22,0,0,3,19,0,0
a6258584954,3,3,0,0,2,1,0,0
a6258584958,1,1,0,0,0,1,0,0
a6258585106,9,9,0,8,0,1,0,0
a6258594312,1,1,0,0,0,1,0,0
a6258594314,1,1,0,0,1,0,0,0
a6258594814,1,1,0,0,1,0,0,0
a6258594888,1,1,0,0,1,0,0,0
a6258594890,1,1,0,0,1,0,0,0
a6258594948,1,1,0,0,1,0,0,0
a6258594950,1,1,0,0,1,0,0,0
a6258595026,1,1,0,0,1,0,0,0
a6258595097,1,1,0,0,1,0,0,0
a6258595467,1,1,0,0,0,0,0,0
a6258595688,1,1,0,0,1,0,0,0
a6258595691,1,1,0,0,1,0,0,0
a6258595773,1,1,0,0,1,0,0,0
a6258595892,1,1,0,0,1,0,0,0
a6258595951,1,1,0,0,1,0,0,0
a6258595953,50,50,0,0,42,8,0,0
a6258596057,1,1,0,0,1,0,0,0
a6258596059,1,1,0,0,0,1,0,0
a6258596166,1,1,0,0,1,0,0,0
a6258596217,1,1,0,0,0,0,0,0
a6258596219,1,1,0,0,0,1,0,0
a6258596221,1,1,0,0,1,0,0,0
a6258596257,1,1,0,0,1,0,0,0
a6258596288,1,1,0,0,1,0,0,0
a6258596323,1,1,0,0,1,0,0,0
a6258596364,1,1,0,0,1,0,0,0
a6258597440,1,1,0,0,0,1,0,0
a6258597667,1,1,0,0,1,0,0,0
a6258602711,1,1,0,0,0,0,0,0
a6258603028,20,20,0,0,0,0,0,0
a6258603758,1,1,0,0,1,0,0,0
a6258603804,1,1,0,0,1,0,0,0
a6258603923,16,16,0,0,9,7,0,0
a6258603940,1,1,0,0,1,0,0,0
a6258604064,32,32,0,0,31,1,0,0
a6258604198,1001,1000,1,0,971,29,0,0
a6258605423,1,1,0,0,1,0,0,0
a6258605592,100,100,0,0,72,28,0,0
a6258605768,1,1,0,0,1,0,0,0
a6258605770,1,1,0,0,1,0,0,0
a6258605863,6,6,0,0,4,2,0,0
a6258605870,7,6,0,0,3,4,0,0
a6258605877,1,1,0,0,1,0,0,0
a6258605879,1,1,0,0,1,0,0,0
a6258605906,1,1,0,0,1,0,0,0
a6258605927,5,5,0,0,2,3,0,0
a6258605953,194,194,0,0,177,17,0,0
a6258606148,194,194,0,0,171,23,0,0
a6258614744,43,43,0,0,12,31,0,0
a6258614815,2,2,0,1,1,0,0,0
a6258614817,1,1,0,0,0,1,0,0
a6258614849,1,1,0,0,1,0,0,0
a6258614877,7,7,0,1,6,0,0,0
a6258614982,1,1,0,1,0,0,0,0
a6258615082,195,195,0,1,193,1,0,0
a6258615473,1,1,0,0,0,1,0,0
a6258615475,1,1,0,0,0,1,0,0
a6258615477,1,1,0,0,0,1,0,0
a6258615808,1,1,0,0,0,0,0,0
a6258615847,3,3,2,0,0,1,0,0
a6258615849,100,100,0,0,0,0,0,0
a6258620138,1,1,0,0,1,0,0,0
a6258620420,1,1,0,0,0,0,0,0
a6258621593,5,5,0,0,0,0,0,0
a6258623243,180,180,0,0,0,0,0,0
a6258624207,1,1,0,0,1,0,0,0
a6258624272,1,1,0,0,1,0,0,0
a6258626384,1,1,0,0,1,0,0,0
a6258627028,4,3,3,0,0,0,0,0
a6258627146,1,1,0,0,1,0,0,0
a6258627234,6,6,0,0,5,1,0,0
a6258627367,1,1,0,0,1,0,0,0
a6258627457,50,50,0,0,11,39,0,0
a6258627626,1,1,0,0,1,0,0,0
a6258627763,1,1,0,0,0,0,0,0
a6258627775,1,1,0,0,1,0,0,0
a6258627838,194,194,0,0,189,5,0,0
a6258628090,1,1,0,0,1,0,0,0
a6258628092,1,1,0,0,1,0,0,0
a6258628795,2,2,1,0,0,1,0,0
a6258630464,1,1,0,0,0,1,0,0
a6258631327,1,1,0,0,1,0,0,0
a6258631829,6,6,0,0,0,6,0,0
a6258632525,194,194,0,0,145,49,0,0
a6258633942,1,1,0,0,0,1,0,0
a6258634034,1,1,0,0,1,0,0,0
a6258634036,1,1,0,0,1,0,0,0
a6258634174,1,1,0,0,1,0,0,0
a6258634176,1,1,0,0,1,0,0,0
a6258634178,1,1,0,0,1,0,0,0
a6258634358,6,6,0,0,0,6,0,0
a6258636259,194,194,0,0,161,33,0,0
a6258636679,1,1,0,0,1,0,0,0
a6258636681,1,1,0,0,0,1,0,0
a6258636738,1,1,0,0,1,0,0,0
a6258636793,1,1,0,0,1,0,0,0
a6258636854,1,1,0,0,0,0,0,0
a6258636943,1,1,0,0,1,0,0,0
a6258640261,1,1,0,0,1,0,0,0
a6258640355,1,1,0,0,1,0,0,0
a6258640399,1051,1051,0,0,1001,50,0,0
a6258641672,1,1,0,0,1,0,0,0
a6258641749,1,1,0,0,1,0,0,0
a6258641751,1,1,0,0,1,0,0,0
a6258641753,1,1,0,0,0,1,0,0
a6258641755,2,2,1,0,1,0,0,0
a6258641795,2,2,1,0,1,0,0,0
a6258641962,1,1,0,0,1,0,0,0
a6258642086,6,6,0,0,6,0,0,0
a6258645518,1,1,0,0,1,0,0,0
a6258645538,194,194,0,0,185,9,0,0
a6258645922,3,3,2,0,0,1,0,0
a6258646076,1,1,0,0,1,0,0,0
a6258646177,3,3,0,0,1,2,0,0
a6258647856,1,1,0,0,0,1,0,0
a6258648608,1,1,0,0,0,1,0,0
a6258648610,1128,1128,4,14,1106,4,0,0
a6258649711,1,1,0,0,1,0,0,0
a6258649713,1,1,0,0,0,1,0,0
a6258649857,50,50,0,0,0,50,0,0
a6258649988,1,1,0,0,1,0,0,0
a6258650141,16,16,0,0,10,6,0,0
a6258650305,1,1,0,0,0,0,0,0
a6258650528,80,80,0,0,0,0,0,0
a6258650731,1,1,0,0,1,0,0,0
a6258660828,1,1,0,0,1,0,0,0
a6258662258,1,1,0,0,0,0,0,0
a6258664613,1,1,0,0,1,0,0,0
a6258664649,1,1,0,0,1,0,0,0
a6258666812,1,1,0,0,1,0,0,0
a6258666814,1,1,0,0,1,0,0,0
a6258666954,5,5,0,0,0,5,0,0
a6258667046,1,1,0,0,1,0,0,0
a6258667186,2,2,0,0,0,2,0,0
a6258667351,1,1,0,0,0,1,0,0
a6258667394,3,3,2,0,0,1,0,0
a6258667464,1,1,0,0,1,0,0,0
a6258667524,998,998,0,0,645,353,0,0
a6258668589,197,197,75,0,118,4,0,0
a6258669198,1,1,0,0,0,1,0,0
a6258669528,1,1,0,0,1,0,0,0
a6258669596,1,1,0,0,0,1,0,0
a6258669598,16,16,0,0,9,7,0,0
a6258669710,32,32,0,0,31,1,0,0
a6258669948,1,1,0,0,1,0,0,0
a6258675120,1,1,0,0,1,0,0,0
a6258675187,3,3,2,0,0,1,0,0
a6258676963,1,1,0,0,1,0,0,0
a6258677662,1,1,0,0,1,0,0,0
a6258677794,1,1,0,0,1,0,0,0
a6258677796,1,1,0,0,1,0,0,0
a6258677798,1,1,0,0,1,0,0,0
a6258677800,1,1,0,0,1,0,0,0
a6258677802,1,1,0,0,1,0,0,0
a6258677955,1,1,0,0,0,1,0,0
a6258678791,1,1,0,0,1,0,0,0
a6258678936,1,1,0,0,1,0,0,0
a6258679001,1,1,0,0,1,0,0,0
a6258679183,2,2,0,0,1,1,0,0
a6258679259,2,2,1,0,0,1,0,0
a6258679338,108,108,0,0,98,10,0,0
a6258680488,1,1,0,0,1,0,0,0
a6258680633,1,1,0,0,1,0,0,0
a6258680700,21,21,1,0,16,4,0,0
a6258681356,1,1,0,0,0,1,0,0
a6258681532,1,1,0,0,1,0,0,0
a6258681932,1,1,0,0,1,0,0,0
a6258682472,1,1,0,0,0,1,0,0
a6258682558,1,1,0,0,1,0,0,0
a6258682712,1,1,0,0,1,0,0,0
a6258682794,20,20,0,0,8,12,0,0
a6258683497,1,1,0,0,1,0,0,0
a6258683924,1,1,0,0,0,1,0,0
a6258688713,1,1,0,0,1,0,0,0
a6258689060,50,50,0,0,41,9,0,0
a6258691451,1,1,0,0,1,0,0,0
a6258691707,2,2,1,0,0,1,0,0
a6258691864,1,1,0,0,0,1,0,0
a6258691866,21,21,1,0,2,18,0,0
a6258691887,1,1,0,0,0,1,0,0
a6258692004,20,20,0,0,0,20,0,0
a6258692293,1,1,0,0,0,1,0,0
a6258692941,1,1,0,0,1,0,0,0
a6258693850,1000,1000,0,0,896,104,0,0
a6258695096,1007,1007,6,1,0,0,0,0
a6258698920,1,1,0,0,1,0,0,0
a6258698999,1,1,0,0,1,0,0,0
a6258702091,101,101,1,0,80,20,0,0
a6258702211,1,1,0,0,1,0,0,0
a6258702213,1,1,0,0,1,0,0,0
a6258702215,1,1,0,0,1,0,0,0
a6258702217,1,1,0,0,1,0,0,0
a6258702242,5,5,0,0,3,2,0,0
a6258703092,15,15,0,0,15,0,0,0
a6258704639,1,1,0,0,1,0,0,0
a6258713026,50,50,0,0,32,18,0,0
a6258714003,1105,1105,1,4,1040,60,0,0
a6258716107,1,1,0,0,0,1,0,0
a6258719180,1,1,0,0,1,0,0,0
a6258719205,1,1,0,0,1,0,0,0
a6258727629,104,104,0,4,94,6,0,0
a6258727801,1,1,0,0,0,1,0,0
a6258727803,1,1,0,0,1,0,0,0
a6258728113,1,1,0,0,1,0,0,0
a6258728115,1,1,0,0,1,0,0,0
a6258728138,1,1,0,0,1,0,0,0
a6258730718,1,1,0,0,0,1,0,0
a6258731581,1,1,0,0,1,0,0,0
a6258732658,1,1,0,0,1,0,0,0
a6258733662,1,1,0,0,1,0,0,0
a6258733771,1,1,0,0,1,0,0,0
a6258734604,1,1,0,0,1,0,0,0
a6258734697,1,1,0,0,1,0,0,0
a6258734926,1,1,0,0,1,0,0,0
a6258734928,1,1,0,0,1,0,0,0
a6258734930,1,1,0,0,1,0,0,0
a6258735005,1,1,0,0,1,0,0,0
a6258735379,1,1,0,0,1,0,0,0
a6258735882,1,1,0,0,1,0,0,0
a6258735884,1,1,0,0,1,0,0,0
a6258735974,1,1,0,0,1,0,0,0
a6258737347,1,1,0,0,1,0,0,0
a6258737625,1,1,0,0,1,0,0,0
a6258738382,1,1,0,0,0,0,0,0
a6258740643,1,1,0,0,1,0,0,0
a6258745168,1,1,0,0,1,0,0,0
a6258745984,1,1,0,0,1,0,0,0
a6258746319,2,2,1,0,0,1,0,0
a6258746427,1,1,0,0,1,0,0,0
a6258746551,1,1,0,0,1,0,0,0
a6258746652,48,48,0,0,37,11,0,0
a6258746701,17,17,3,0,13,1,0,0
a6258746845,3,3,0,0,0,3,0,0
a6258746849,1,1,0,0,1,0,0,0
a6258747059,62,62,0,0,55,7,0,0
a6258747240,2,2,0,0,0,2,0,0
a6258747243,2,2,1,0,0,1,0,0
a6258747401,50,50,0,0,29,21,0,0
a6258747541,1,1,0,0,0,1,0,0
a6258747650,1,1,0,0,0,1,0,0
a6258748075,1,1,0,0,0,1,0,0
a6258748243,1,1,0,0,1,0,0,0
a6258748397,1,1,0,0,0,1,0,0
a6258749925,1,1,0,0,1,0,0,0
a6258750236,1,1,0,0,0,0,0,0
a6258750855,1,1,0,0,0,1,0,0
a6258754449,1,1,0,0,1,0,0,0
a6258754765,1,1,0,0,1,0,0,0
a6258754893,50,50,0,0,38,12,0,0
a6258755439,1,1,0,0,0,1,0,0
a6258755764,1,1,0,0,0,0,0,0
a6258755878,1,1,0,0,0,0,0,0
a6258755975,1,1,0,0,0,0,0,0
a6258756075,1,1,0,0,0,0,0,0
a6258757731,1,1,0,0,1,0,0,0
a6258758831,1,1,0,0,1,0,0,0
a6258759045,1,1,0,0,1,0,0,0
a6258759157,1050,1050,0,0,998,52,0,0
a6258760668,1,1,0,0,0,1,0,0
a6258760670,1,1,0,0,1,0,0,0
a6258760950,2,2,0,0,0,2,0,0
a6258761856,998,997,0,0,365,633,0,0
a6258762981,1,1,0,0,1,0,0,0
a6258763114,1,1,0,0,0,0,0,0
a6258763286,1179,1179,3,12,1041,123,0,0
a6258764337,1,1,0,0,1,0,0,0
a6258764339,1,1,0,0,1,0,0,0
a6258764341,120,120,0,0,0,0,0,0
a6258764519,51,51,0,0,47,0,0,0
a6258764602,1,1,0,0,1,0,0,0
a6258764604,922,922,1,0,885,36,0,0
a6258765564,1,1,0,0,1,0,0,0
a6258769097,5,5,0,0,0,5,0,0
a6258769131,1,1,0,0,0,1,0,0
a6258770565,1,1,0,0,0,1,0,0
a6258771355,1,1,0,0,1,0,0,0
a6258771629,1,1,0,0,0,0,0,0
a6258771758,1066,1066,3,2,994,67,0,0
a6258772887,1,1,0,0,0,1,0,0
a6258785612,1,1,0,0,1,0,0,0
a6258790743,1,1,0,0,1,0,0,0
a6258791015,1,1,0,0,1,0,0,0
a6258791017,1,1,0,0,1,0,0,0
a6258791019,1,1,0,0,1,0,0,0
a6258791021,1,1,0,0,1,0,0,0
a6258791063,1,1,0,0,1,0,0,0
a6258791101,1,1,0,0,1,0,0,0
a6258791103,50,50,0,0,15,35,0,0
a6258791655,1,1,0,0,1,0,0,0
a6258791657,1,1,0,0,1,0,0,0
a6258791734,1,1,0,0,1,0,0,0
a6258791736,1,1,0,0,0,1,0,0
a6258791738,1,1,0,0,1,0,0,0
a6258796763,1,1,0,0,1,0,0,0
a6258797514,1,1,0,1,0,0,0,0
a6258800894,1,1,0,0,1,0,0,0
a6258801685,1,1,0,0,1,0,0,0
a6258802426,1,1,0,0,1,0,0,0
a6258803241,1001,999,1,0,953,47,0,0
a6258804822,1,1,0,0,0,0,0,0
a6258806026,101,101,0,1,74,0,0,0
a6258806127,1,1,0,0,1,0,0,0
a6258806129,1,1,0,0,1,0,0,0
a6258806394,1,1,0,0,1,0,0,0
a6258806397,2,2,1,0,1,0,0,0
a6258806399,1,1,0,0,1,0,0,0
a6258806861,1,1,0,0,1,0,0,0
a6258806864,1,1,0,0,1,0,0,0
a6258806898,1,1,0,0,1,0,0,0
a6258807373,49,49,0,0,42,7,0,0
a6258808186,1,1,0,0,0,1,0,0
a6258818476,1,1,0,0,1,0,0,0
a6258819100,1,1,0,0,1,0,0,0
a6258819394,1,1,0,0,1,0,0,0
a6258820086,16,16,0,0,11,5,0,0
a6258824141,1,1,0,0,1,0,0,0
a6258825388,1,1,0,0,1,0,0,0
a6258826103,1,1,0,0,1,0,0,0
a6258826244,1,1,0,0,1,0,0,0
a6258826246,1,1,0,0,1,0,0,0
a6258826248,1,1,0,0,1,0,0,0
a6258826397,15,15,0,0,6,9,0,0
a6258826996,1,1,0,0,0,1,0,0
a6258827633,1,1,0,0,0,1,0,0
a6258827635,1,1,0,0,1,0,0,0
a6258827638,1,1,0,0,0,1,0,0
a6258827777,50,50,0,0,0,50,0,0
a6258827828,9,9,0,8,0,0,0,0
a6258828021,15,15,0,0,0,15,0,0
a6258828631,1,1,0,0,0,1,0,0
a6258829087,3,3,2,0,0,1,0,0
a6258829468,1,1,0,0,1,0,0,0
a6258829921,52,52,2,0,50,0,0,0
a6258831078,1,1,0,0,0,1,0,0
a6258832511,1,1,0,0,1,0,0,0
a6258833001,2,2,0,0,1,1,0,0
a6258833656,108,108,0,0,38,70,0,0
a6258836340,1,1,0,0,1,0,0,0
a6258836560,1,1,0,0,0,1,0,0
a6258840670,1,1,0,0,1,0,0,0
a6258840809,1,1,0,0,1,0,0,0
a6258840995,6,6,0,0,2,4,0,0
a6258841159,1,1,0,0,1,0,0,0
a6258841161,1,1,0,0,1,0,0,0
a6258841437,1,1,0,0,1,0,0,0
a6258841439,104,104,0,0,47,57,0,0
a6258843228,1,1,0,0,1,0,0,0
a6258843768,1,1,0,0,0,1,0,0
a6258844223,1,1,0,0,0,1,0,0
a6258844976,1,1,0,0,1,0,0,0
a6258845272,6,6,0,0,3,3,0,0
a6258845563,105,105,1,0,26,78,0,0
a6258847376,1,1,0,0,1,0,0,0
a6258847704,3,3,0,0,2,1,0,0
a6258848031,337,337,10,0,260,67,0,0
a6258851365,1,1,0,0,0,1,0,0
a6258851367,1,1,0,0,0,1,0,0
a6258852265,1,1,0,0,1,0,0,0
a6258852267,1,1,0,0,1,0,0,0
a6258852796,100,100,0,0,50,50,0,0
a6258854830,1,1,0,0,0,1,0,0
a6258856834,1,1,0,0,0,0,0,0
a6258857209,210,202,90,0,59,2,0,0
a6258858324,1331,1331,119,2,1209,0,0,0
a6258865035,1,1,0,0,1,0,0,0
a6258866712,1,1,0,0,0,0,0,0
a6258867508,1,1,0,0,1,0,0,0
a6258867976,103,103,0,0,98,5,0,0
a6258868461,1,1,0,0,1,0,0,0
a6258868680,819,819,0,0,804,15,0,0
a6258869705,1,1,0,0,1,0,0,0
a6258869951,50,50,0,0,31,19,0,0
a6258872243,1,1,0,0,1,0,0,0
a6258872523,1,1,0,0,0,1,0,0
a6258876847,1,1,0,0,1,0,0,0
a6258876849,50,50,0,0,20,30,0,0
a6258878740,2,2,1,0,0,0,0,0
a6258879028,1,1,0,0,1,0,0,0
a6258879291,1,1,0,0,0,1,0,0
a6258880997,2,2,0,0,0,2,0,0
a6258881197,1,1,0,0,1,0,0,0
a6258882905,998,998,0,0,868,130,0,0
a6258885098,1,1,0,0,1,0,0,0
a6258887374,1,1,0,0,1,0,0,0
a6258892807,2,2,1,0,0,0,0,0
a6258893564,6,4,4,0,0,0,0,0
a6258896618,1017,19,19,0,0,0,0,0
a6258904776,1,1,0,0,1,0,0,0
a6258904778,1,1,0,0,1,0,0,0
a6258905020,1,1,0,0,0,0,0,0
a6258905022,1,1,0,0,1,0,0,0
a6258905024,1,1,0,0,1,0,0,0
a6258905026,1,1,0,0,1,0,0,0
a6258905264,1,1,0,0,1,0,0,0
a6258905266,1,1,0,0,1,0,0,0
a6258905628,1,1,0,0,1,0,0,0
a6258905632,1,1,0,0,1,0,0,0
a6258906680,1,1,0,0,1,0,0,0
a6258906918,1,1,0,0,1,0,0,0
a6258907292,2,1,1,0,0,0,0,0
a6258910003,1,1,0,0,1,0,0,0
a6258910542,2,1,0,0,0,1,0,0
a6258911307,1,1,0,0,1,0,0,0
a6258912549,1,1,0,0,1,0,0,0
a6258913057,1,1,0,0,0,0,0,0
a6258913059,1056,1055,2,0,1039,15,0,0
a6258914673,3,3,1,0,0,0,0,0
a6258914676,1,1,0,0,0,1,0,0
a6258914678,3,3,2,0,1,0,0,0
a6258914680,1,1,0,0,1,0,0,0
a6258914682,1,1,0,0,1,0,0,0
a6258914684,1,1,0,0,1,0,0,0
a6258914686,39,38,21,0,0,0,0,0
a6258914705,3,3,2,0,1,0,0,0
a6258914995,1,1,0,0,0,0,0,0
a6258917182,1,1,0,1,0,0,0,0
a6258917184,1,1,0,0,1,0,0,0
a6258922557,1,1,0,0,0,1,0,0
a6258922559,1,1,0,0,0,0,0,0
a6258924735,1,1,0,0,1,0,0,0
a6258925582,65,64,15,0,44,6,0,0
a6258927007,1,1,0,0,0,1,0,0
a6258927286,1,1,0,0,0,1,0,0
a6258928984,1,1,0,0,1,0,0,0
a6258931165,1,1,0,0,1,0,0,0
a6258931817,100,100,0,0,41,59,0,0
a6258936117,1,1,0,0,1,0,0,0
a6258936683,9,9,3,0,0,6,0,0
a6258936840,1,1,0,0,1,0,0,0
a6258937276,29,29,5,0,0,24,0,0
a6258938735,1,1,0,1,0,0,0,0
a6258939180,8,8,1,1,0,6,0,0
a6258939626,286,286,67,3,129,87,0,0
a6258941848,1,1,0,0,0,1,0,0
a6258942023,1,1,0,0,0,1,0,0
a6258942367,1,1,0,0,1,0,0,0
a6258944502,1001,1001,0,1,934,66,0,0
a6258946534,1,1,0,0,0,0,0,0
a6258947067,1,1,0,0,1,0,0,0
a6258947251,101,101,0,1,0,0,0,0
a6258947732,1,1,0,0,1,0,0,0
a6258955209,1006,1006,0,6,752,248,0,0
a6258956951,2,2,1,0,1,0,0,0
a6258956953,1,1,0,0,1,0,0,0
a6258956955,1,1,0,0,1,0,0,0
a6258956957,1,1,0,0,1,0,0,0
a6258956959,1,1,0,0,1,0,0,0
a6258957569,2,2,1,0,1,0,0,0
a6258957571,1,1,0,0,0,0,0,0
a6258957607,1,1,0,0,1,0,0,0
a6258958128,104,104,1,3,0,0,0,0
a6258959880,1,1,0,0,1,0,0,0
a6258975439,1,1,0,0,1,0,0,0
a6258975479,1,1,0,0,1,0,0,0
a6258975481,1,1,0,0,1,0,0,0
a6258975525,1,1,0,0,1,0,0,0
a6258977334,1,1,0,0,1,0,0,0
a6258979902,2,2,1,0,1,0,0,0
a6258980546,1889,1889,2,837,730,0,0,0
a6258982249,1,1,0,0,1,0,0,0
a6258982289,1,1,0,0,1,0,0,0
a6258982291,1,1,0,0,1,0,0,0
a6258982293,1,1,0,0,1,0,0,0
a6258984556,1,1,0,0,1,0,0,0
a6258984924,431,429,0,39,367,25,0,0
a6258999264,1,1,0,0,0,0,0,0
a6259000996,1,1,0,0,1,0,0,0
a6259001563,1,1,0,0,1,0,0,0
a6259002259,2,2,0,0,0,2,0,0
a6259002442,1,1,0,0,1,0,0,0
a6259002801,18,18,0,0,0,18,0,0
a6259003108,1,1,0,0,1,0,0,0
a6259003444,61,61,0,1,47,13,0,0
a6259004824,1,1,0,0,1,0,0,0
a6259005044,1,1,0,0,1,0,0,0
a6259005832,2,2,0,0,0,2,0,0
a6259006111,1,1,0,0,0,0,0,0
a6259006162,1,1,0,0,0,0,0,0
a6259006858,1,1,0,0,1,0,0,0
a6259006860,98,98,0,0,54,44,0,0
a6259011168,1,1,0,0,1,0,0,0
a6259011880,1,1,0,0,1,0,0,0
a6259015544,1,1,0,0,1,0,0,0
a6259019085,1,1,0,0,0,0,0,0
a6259019782,1,1,0,0,0,0,0,0
a6259020477,1,1,0,0,1,0,0,0
a6259021455,1,1,0,0,1,0,0,0
a6259021695,40,40,0,0,36,4,0,0
a6259023198,2,2,1,0,1,0,0,0
a6259023944,1,1,0,0,1,0,0,0
a6259027475,1,1,0,0,1,0,0,0
a6259027864,1,1,0,0,1,0,0,0
a6259027866,1,1,0,0,1,0,0,0
a6259028981,1,1,0,0,0,0,0,0
a6259029533,1,1,0,0,1,0,0,0
a6259029794,2,2,0,0,2,0,0,0
a6259031271,2,2,0,0,0,0,0,0
a6259031507,9,9,0,0,0,9,0,0
a6259032015,30,30,0,0,0,0,0,0
a6259032275,7,7,0,0,4,3,0,0
a6259032673,998,998,0,0,846,152,0,0
a6259033672,1,1,0,0,0,1,0,0
a6259034109,1,1,0,0,1,0,0,0
a6259034816,1,1,0,0,1,0,0,0
a6259034818,1,1,0,0,1,0,0,0
a6259034820,1,1,0,0,1,0,0,0
a6259034822,1,1,0,0,1,0,0,0
a6259034824,1,1,0,0,1,0,0,0
a6259035052,1,1,0,0,1,0,0,0
a6259035054,1,1,0,0,1,0,0,0
a6259035056,2,2,0,0,0,2,0,0
a6259035064,90,87,0,59,0,0,0,0
a6259035096,1,1,0,0,0,0,0,0
a6259035899,31,0,0,0,0,0,0,0
a6259035931,998,998,0,0,650,348,0,0
a6259042414,1,1,0,0,1,0,0,0
a6259042417,1,1,0,0,1,0,0,0
a6259042444,1,1,0,0,0,0,0,0
a6259042446,1,1,0,0,0,0,0,0
a6259043490,100,100,0,0,39,61,0,0
a6259043617,25,23,14,0,0,0,0,0
a6259044621,51,47,18,0,0,0,0,0
a6259044688,1,1,0,0,1,0,0,0
a6259044690,1,1,0,0,1,0,0,0
a6259045124,1,1,0,0,0,0,0,0
a6259055488,1,1,0,0,0,0,0,0
a6259056378,20,19,9,0,0,0,0,0
a6259056888,1,1,0,0,0,0,0,0
a6259057318,161,146,54,0,5,3,0,0
a6259057789,48,48,0,3,0,0,0,0
a6259058406,4,3,3,0,0,0,0,0
a6259058441,1,1,0,0,1,0,0,0
a6259059095,57,56,7,0,36,14,0,0
a6259059494,2,2,1,0,0,1,0,0
a6259064364,1,1,0,0,1,0,0,0
a6259065492,1,1,0,0,1,0,0,0
a6259065495,13,13,1,0,0,0,0,0
a6259065502,1,1,0,0,1,0,0,0
a6259065504,1,1,0,0,1,0,0,0
a6259065691,4,4,3,0,1,0,0,0
a6259065693,1,1,0,0,0,0,0,0
a6259065695,1,1,0,0,1,0,0,0
a6259065868,1,1,0,0,1,0,0,0
a6259066088,1,1,0,0,0,0,0,0
a6259066107,1,1,0,0,0,0,0,0
a6259066468,1,1,0,0,0,0,0,0
a6259066796,50,50,0,0,0,0,0,0
a6259066847,1001,1001,1,0,0,0,0,0
a6259068622,1,1,0,0,1,0,0,0
a6259069103,11,11,0,0,0,11,0,0
a6259069409,132,132,0,0,30,102,0,0
a6259069701,1,1,0,0,0,0,0,0
a6259070073,1,1,0,0,0,1,0,0
a6259070075,1,1,0,0,1,0,0,0
a6259070363,23,19,12,0,0,0,0,0
a6259070375,1,1,0,0,0,0,0,0
a6259070606,11,11,0,0,7,4,0,0
a6259071135,22,15,7,1,3,0,0,0
a6259071147,489,489,0,0,488,1,0,0
a6259072443,3,2,2,0,0,0,0,0
a6259072445,2,2,1,0,0,1,0,0
a6259079294,1,1,0,0,1,0,0,0
a6259079350,1,1,0,0,0,0,0,0
a6259080715,101,101,0,1,0,0,0,0
a6259080901,3,2,2,0,0,0,0,0
a6259081935,1,1,0,0,1,0,0,0
a6259083111,1,1,0,0,0,0,0,0
a6259083113,1,1,0,0,1,0,0,0
a6259089353,1,1,0,0,1,0,0,0
a6259089830,190,189,1,0,0,0,0,0
a6259090454,1,1,0,0,1,0,0,0
a6259093257,1001,1001,1,0,937,63,0,0
a6259098136,1,1,0,0,0,0,0,0
a6259100809,1,1,0,0,1,0,0,0
a6259100842,101,101,0,1,0,0,0,0
a6259101448,1,1,0,0,1,0,0,0
a6259102147,1,1,0,0,0,1,0,0
a6259102851,1,1,0,0,1,0,0,0
a6259103442,2,2,0,0,0,2,0,0
a6259103867,1003,1003,0,3,766,234,0,0
a6259104903,98,98,0,0,49,49,0,0
a6259112443,1,1,0,0,0,0,0,0
a6259113322,101,101,0,1,0,0,0,0
a6259113423,1,1,0,0,0,0,0,0
a6259114198,1,1,0,0,1,0,0,0
a6259114625,67,67,17,0,25,25,0,0
a6259116564,1,1,0,0,0,1,0,0
a6259116725,1,1,0,0,0,0,0,0
a6259116727,1,1,0,0,1,0,0,0
a6259126440,1,1,0,0,1,0,0,0
a6259126442,1,1,0,0,1,0,0,0
a6259126444,1,1,0,0,1,0,0,0
a6259126446,1,1,0,0,1,0,0,0
a6259126448,1,1,0,0,1,0,0,0
a6259126538,1,1,0,0,1,0,0,0
a6259126569,1,1,0,0,0,0,0,0
a6259126573,1060,1060,0,1,947,112,0,0
a6259127852,1,1,0,0,0,1,0,0
a6259127890,1,1,0,0,1,0,0,0
a6259128743,1,1,0,0,0,0,0,0
a6259128811,1,1,0,0,0,0,0,0
a6259128917,1,1,0,0,0,0,0,0
a6259128953,1,1,0,0,1,0,0,0
a6259128993,5,5,0,0,0,0,0,0
a6259129026,1100,1100,0,0,0,0,0,0
a6259133191,1,1,0,0,0,0,0,0
a6259133264,190,189,1,0,0,0,0,0
a6259133454,1,1,0,0,0,0,0,0
a6259138337,1,1,0,0,1,0,0,0
a6259139141,1,1,0,0,1,0,0,0
a6259139143,1,1,0,0,1,0,0,0
a6259147675,1,1,0,0,1,0,0,0
a6259150313,1,1,0,0,0,0,0,0
a6259150315,1,1,0,0,1,0,0,0
a6259150354,1,1,0,0,0,0,0,0
a6259150356,1,1,0,0,1,0,0,0
a6259150761,1,1,0,0,0,0,0,0
a6259150814,14,11,3,0,7,4,0,0
a6259151181,1,1,0,0,0,1,0,0
a6259152366,14,14,0,0,0,0,0,0
a6259152381,1,1,0,0,1,0,0,0
a6259152485,1,1,0,0,0,0,0,0
a6259152527,11,11,0,0,0,0,0,0
a6259152645,489,489,0,0,7,0,0,0
a6259153918,2,1,1,0,0,0,0,0
a6259164755,1,1,0,0,1,0,0,0
a6259165156,397,397,0,0,316,81,0,0
a6259168326,1,1,0,0,0,1,0,0
a6259169339,1,1,0,0,1,0,0,0
a6259169341,1,1,0,0,1,0,0,0
a6259171860,1,1,0,0,1,0,0,0
a6259171885,1,1,0,0,1,0,0,0
a6259172163,2,2,0,0,1,1,0,0
a6259172166,61,59,17,0,33,11,0,0
a6259172730,50,50,0,0,28,22,0,0
a6259172935,43,39,5,0,27,11,0,0
a6259172974,85,84,19,0,63,3,0,0
a6259173448,1,1,0,0,0,1,0,0
a6259173489,1,1,0,0,0,1,0,0
a6259174094,1,1,0,0,0,0,0,0
a6259174273,1,1,0,0,0,1,0,0
a6259174298,1,1,0,0,0,0,0,0
a6259174544,4,2,1,0,1,0,0,0
a6259174869,2,2,0,0,1,0,0,0
a6259174900,40,39,2,0,28,0,0,0
a6259175348,45,40,7,0,21,0,0,0
a6259175942,1,1,0,0,0,0,0,0
a6259176529,2,1,1,0,0,0,0,0
a6259179871,1,1,0,0,1,0,0,0
a6259180411,100,100,0,0,5,95,0,0
a6259181876,1,1,0,0,1,0,0,0
a6259182806,602,602,0,0,349,253,0,0
a6259184115,1,1,0,0,0,1,0,0
a6259184547,1,1,0,0,1,0,0,0
a6259184549,1,1,0,0,1,0,0,0
a6259184551,1,1,0,0,1,0,0,0
a6259185398,1,1,0,0,1,0,0,0
a6259185400,1,1,0,0,1,0,0,0
a6259185402,1,1,0,0,0,0,0,0
a6259185404,1,1,0,0,1,0,0,0
a6259185408,1,1,0,0,1,0,0,0
a6259185450,1,1,0,0,1,0,0,0
a6259185874,1,1,0,0,1,0,0,0
a6259185876,1,1,0,0,1,0,0,0
a6259185905,1,1,0,0,1,0,0,0
a6259186338,190,190,0,1,0,0,0,0
a6259188074,2,2,0,0,0,2,0,0
a6259192675,998,998,0,0,586,412,0,0
a6259195906,1,1,0,0,1,0,0,0
a6259196036,1,1,0,0,0,0,0,0
a6259205765,2,2,0,0,1,1,0,0
a6259205789,1,1,0,0,1,0,0,0
a6259205876,53,50,3,0,10,40,0,0
a6259205927,1,1,0,0,1,0,0,0
a6259206118,998,998,0,0,284,714,0,0
a6259207167,2,1,1,0,0,1,0,0
a6259207714,1,1,0,0,0,0,0,0
a6259219741,1,1,0,0,1,0,0,0
a6259219768,1,1,0,0,0,0,0,0
a6259219792,1,1,0,0,1,0,0,0
a6259219827,1,1,0,0,0,0,0,0
a6259219891,1,1,0,0,1,0,0,0
a6259219893,1,1,0,0,0,0,0,0
a6259219939,1,1,0,0,0,0,0,0
a6259219972,1,1,0,0,0,0,0,0
a6259220027,1,1,0,0,0,0,0,0
a6259220063,1,1,0,0,0,0,0,0
a6259220112,1,1,0,0,0,0,0,0
a6259220337,1,1,0,0,0,0,0,0
a6259220372,1,1,0,0,0,0,0,0
a6259222054,1,1,0,0,1,0,0,0
a6259222522,1,1,0,0,1,0,0,0
a6259225770,2,2,0,0,2,0,0,0
a6259225773,1,1,0,0,0,0,0,0
a6259225857,98,98,0,0,41,57,0,0
a6259225956,1050,1050,0,0,0,0,0,0
a6259227007,190,190,0,1,0,0,0,0
a6259227568,1,1,0,0,0,0,0,0
a6259227857,1,1,0,0,1,0,0,0
a6259228701,1,1,0,0,0,0,0,0
a6259229046,13,11,2,0,0,0,0,0
a6259229510,2,1,1,0,0,0,0,0
a6259231591,1,1,0,0,0,0,0,0
a6259232861,2,0,0,0,0,0,0,0
a6259232890,1,1,0,0,0,0,0,0
a6259232947,9,0,0,0,0,0,0,0
a6259235105,1,0,0,0,0,0,0,0
a6259240378,1,1,0,0,0,0,0,0
a6259240879,1000,1000,0,0,0,0,0,0
a6259241880,1,1,0,0,0,0,0,0
a6259242202,1,1,0,0,0,0,0,0
a6259242204,5,5,0,0,0,0,0,0
a6259242647,100,100,0,0,0,0,0,0
a6259243026,1,0,0,0,0,0,0,0
a6259243059,1,1,0,0,0,0,0,0
a6259243061,1,1,0,0,0,0,0,0
a6259243866,1,1,0,0,1,0,0,0
a6259243932,40,40,0,0,0,0,0,0
a6259244105,1,1,0,0,0,0,0,0
a6259244659,1000,1000,0,0,0,0,0,0
a6259261365,1,1,0,0,0,0,0,0
a6259261367,57,57,0,0,0,0,0,0
a6259261460,1,1,0,0,0,0,0,0
a6259261541,44,0,0,0,0,0,0,0
a6259262428,189,187,0,0,0,0,0,0
a6259262618,1,1,0,0,1,0,0,0
a6259262677,100,100,0,0,0,0,0,0
a6259265505,1,1,0,0,0,0,0,0
a6259265544,1,0,0,0,0,0,0,0
a6259265579,1,0,0,0,0,0,0,0
a6259265581,1,1,0,0,0,0,0,0
a6259265583,1,1,0,0,1,0,0,0
a6259265613,1,1,0,0,1,0,0,0
a6259265615,50,0,0,0,0,0,0,0
a6259265666,1,0,0,0,0,0,0,0
a6259276229,1,0,0,0,0,0,0,0
a6259276272,1,1,0,0,1,0,0,0
a6259277411,1,1,0,0,0,0,0,0
a6259280607,50,50,0,0,0,0,0,0
a6259280729,1,1,0,0,0,0,0,0
a6259281393,1,1,0,0,0,0,0,0
a6259281673,5,5,0,0,0,0,0,0
a6259281745,90,74,0,0,0,0,0,0
a6259282095,1,0,0,0,0,0,0,0
a6259282297,1,1,0,0,1,0,0,0
a6259282688,1,0,0,0,0,0,0,0
a6259283273,1,1,0,0,0,0,0,0
a6259283310,1,1,0,0,0,0,0,0
a698645235,1,1,0,1,0,0,0,0
a778322517,18,18,0,0,0,18,0,0
a840454103,1,1,1,0,0,0,0,0