,a1,a1a1,a2,a2a2,a3,a3a3,a4a4,a5a5,a6a6,a7a7,a8a8,a9a9,b1b1,b2,b3,b4,b5,b5a1,b5b2,b5b5
1,11,0,0,0,0,0,0,0,0,0,0,0,0,33,0,0,20,0,0,5
10,7,0,0,0,0,0,0,0,0,0,0,0,0,30,0,0,11,0,0,10
100,11,0,0,0,0,0,0,0,0,0,0,0,0,30,0,0,24,0,0,0
1000,0,0,0,0,0,0,0,0,0,0,0,0,0,33,0,0,23,0,0,0
1001,0,0,0,0,0,11,0,0,0,0,0,0,0,0,0,0,0,0,0,0
1002,0,0,0,0,0,11,0,0,0,0,0,0,0,0,0,0,0,0,0,0
1003,0,0,0,9,0,0,0,0,0,0,0,0,0,0,0,0,0,0,0,0
1004,0,0,0,7,0,0,0,0,0,0,0,0,0,0,0,0,0,0,0,0
1005,0,0,0,0,0,9,0,0,0,0,0,0,0,0,0,0,0,0,0,0
1006,0,0,0,0,0,5,0,0,0,0,0,0,0,0,0,0,0,0,0,0
1008,0,0,0,0,0,0,0,0,0,9,0,0,0,0,0,0,0,0,0,0
1009,0,0,0,0,0,0,0,14,0,0,0,0,0,0,0,0,0,0,0,0
101,5,0,0,0,0,0,0,0,0,0,0,0,0,46,0,0,31,0,0,0
1010,0,0,0,0,0,5,0,0,0,0,0,0,0,0,0,0,0,0,0,0
1011,0,0,0,0,0,0,0,0,0,7,0,0,0,0,0,0,0,0,0,0
1012,0,0,0,15,0,0,0,0,0,0,0,0,0,0,0,0,0,0,0,0
1013,0,0,0,8,0,0,0,0,0,0,0,0,0,0,0,0,0,0,0,0
1014,0,0,0,14,0,0,0,0,0,0,0,0,0,0,0,0,0,0,0,0
1015,0,0,0,8,0,0,0,0,0,0,0,0,0,0,0,0,0,0,0,0
1016,0,0,0,6,0,0,0,0,0,0,0,0,0,0,0,0,0,0,0,0
1017,0,0,0,0,0,5,0,0,0,0,0,0,0,0,0,0,0,0,0,0
1018,0,0,0,0,0,0,12,0,0,0,0,0,0,0,0,0,0,0,0,0
1019,0,0,0,5,0,0,0,0,0,0,0,0,0,0,0,0,0,0,0,0
102,9,0,0,0,0,0,0,0,0,0,0,0,0,24,0,0,13,0,5,0
1020,0,0,0,0,0,0,0,0,0,8,0,0,0,0,0,0,0,0,0,0
1021,0,0,0,7,0,0,0,0,0,0,0,0,0,0,0,0,0,0,0,0
1022,0,0,0,0,0,0,0,0,0,0,0,6,0,0,0,0,0,0,0,0
1024,0,0,6,0,0,0,0,0,0,0,0,0,0,0,0,0,0,0,0,0
1025,0,0,0,0,0,8,0,0,0,0,0,0,0,0,0,0,0,0,0,0
1026,0,0,0,12,0,0,0,0,0,0,0,0,0,0,0,0,0,0,0,0
1027,0,0,0,0,0,0,0,6,0,0,0,0,0,0,0,0,0,0,0,0
1028,0,0,0,0,0,0,0,0,0,9,0,0,0,0,0,0,0,0,0,0
1029,0,0,0,0,0,8,0,0,0,0,0,0,0,0,0,0,0,0,0,0
103,6,0,0,0,0,0,0,0,0,0,0,0,0,28,0,0,12,0,5,7
1030,0,0,0,8,0,0,0,0,0,0,0,0,0,0,0,0,0,0,0,0
1032,0,0,0,7,0,0,0,0,0,0,0,0,0,0,0,0,0,0,0,0
1033,0,0,0,0,0,0,6,0,0,0,0,0,0,0,0,0,0,0,0,0
1034,0,0,0,13,0,0,0,0,0,0,0,0,0,0,0,0,0,0,0,0
1035,0,0,0,0,0,8,0,0,0,0,0,0,0,0,0,0,0,0,0,0
1037,0,0,0,9,0,0,0,0,0,0,0,0,0,0,0,0,0,0,0,0
1038,0,0,0,6,0,0,0,0,0,0,0,0,0,0,0,0,0,0,0,0
1039,0,6,0,0,0,13,0,0,0,0,0,0,0,0,0,0,0,0,0,0
104,10,0,0,0,0,0,0,0,0,0,0,0,0,22,0,0,16,0,0,0
1040,0,0,0,8,0,0,0,0,0,0,0,0,0,0,0,0,0,0,0,0
1041,0,0,0,8,0,0,0,0,0,0,0,0,0,0,0,0,0,0,0,0
1042,0,0,0,0,0,11,0,0,0,0,0,0,0,0,0,0,0,0,0,0
1043,0,0,0,8,0,0,0,0,0,0,0,0,0,0,0,0,0,0,0,0
1044,0,0,0,0,0,9,0,0,0,0,0,0,0,0,0,0,0,0,0,0
1045,0,0,0,0,0,11,0,0,0,0,0,0,0,0,0,0,0,0,0,0
1046,0,0,0,7,0,0,0,0,0,0,0,0,0,0,0,0,0,0,0,0
1047,0,0,0,0,0,9,0,0,0,0,0,0,0,0,0,0,0,0,0,0
1048,0,0,0,0,0,12,0,0,0,0,0,0,0,0,0,0,0,0,0,0
1049,0,0,0,0,0,0,0,0,0,9,0,0,0,0,0,0,0,0,0,0
105,9,0,0,0,0,0,0,0,0,0,0,0,0,21,0,0,8,0,0,7
1050,0,0,0,11,0,0,0,0,0,0,0,0,0,0,0,0,0,0,0,0
1052,0,0,0,7,0,0,0,0,0,0,0,0,0,0,0,0,0,0,0,0
1053,0,0,0,0,0,12,0,0,0,0,0,0,0,0,0,0,0,0,0,0
1054,0,0,0,0,0,13,0,0,0,0,0,0,0,0,0,0,0,0,0,0
1055,0,0,0,0,0,14,0,0,0,0,0,0,0,0,0,0,0,0,0,0
1057,0,0,0,7,0,0,0,0,0,0,0,0,0,0,0,0,0,0,0,0
1058,0,0,0,8,0,0,0,0,0,0,0,0,0,0,0,0,0,0,0,0
1059,0,0,0,8,0,0,0,0,0,0,0,0,0,0,0,0,0,0,0,0
106,6,0,0,0,0,0,0,0,0,0,0,0,0,29,0,0,12,0,0,7
1060,0,0,0,0,0,0,0,0,0,10,0,0,0,0,0,0,0,0,0,0
1062,0,0,0,10,0,0,0,0,0,0,0,0,0,0,0,0,0,0,0,0
1063,0,0,0,0,0,7,0,0,0,0,0,0,0,0,0,0,0,0,0,0
1064,0,0,0,0,0,0,5,0,0,0,0,0,0,0,0,0,0,0,0,0
1065,0,0,0,0,0,8,0,0,0,0,0,0,0,0,0,0,0,0,0,0
1066,0,0,0,0,0,8,0,0,0,0,0,0,0,0,0,0,0,0,0,0
1067,0,0,0,0,0,0,13,0,0,0,0,0,0,0,0,0,0,0,0,0
1068,0,0,0,7,0,0,0,0,0,0,0,0,0,0,0,0,0,0,0,0
1069,0,0,0,0,0,0,5,0,0,0,0,0,0,0,0,0,0,0,0,0
107,14,0,0,0,0,0,0,0,0,0,0,0,0,23,0,0,9,0,0,0
1070,0,0,0,10,0,0,0,0,0,0,0,0,0,0,0,0,0,0,0,0
1071,0,0,0,0,0,9,0,0,0,0,0,0,0,0,0,0,0,0,0,0
1073,0,0,0,0,0,6,0,0,0,0,0,0,0,0,0,0,0,0,0,0
1075,0,0,0,8,0,0,0,0,0,0,0,0,0,0,0,0,0,0,0,0
1076,0,0,0,6,0,0,0,0,0,0,0,0,0,0,0,0,0,0,0,0
1077,0,5,0,0,0,0,0,0,0,0,0,0,0,0,0,0,0,0,0,0
1078,0,0,0,0,0,7,0,0,0,0,0,0,0,0,0,0,0,0,0,0
1079,0,0,0,0,0,11,0,0,0,0,0,0,0,0,0,0,0,0,0,0
108,0,0,0,0,0,0,0,0,0,0,0,0,0,36,0,0,28,0,0,0
1082,0,0,0,0,0,12,0,0,0,0,0,0,0,0,0,0,0,0,0,0
1083,0,0,0,5,0,0,0,0,0,0,0,0,0,0,0,0,0,0,0,0
1084,0,0,0,15,0,0,0,0,0,0,0,0,0,0,0,0,0,0,0,0
1085,0,0,0,0,0,5,0,0,0,0,0,0,0,0,0,0,0,0,0,0
1086,0,0,0,0,0,6,0,0,0,0,0,0,0,0,0,0,0,0,0,0
1088,0,0,0,0,0,10,0,0,0,0,0,0,0,0,0,0,0,0,0,0
1089,0,0,0,0,0,11,0,0,0,0,0,0,0,0,0,0,0,0,0,0
109,10,0,0,0,0,0,0,0,0,0,0,0,0,32,0,0,12,0,0,8
1091,0,0,0,0,0,11,0,0,0,0,0,0,0,0,0,0,0,0,0,0
1093,0,0,0,8,0,0,0,0,0,0,0,0,0,0,0,0,0,0,0,0
1094,0,0,0,12,0,0,0,0,0,0,0,0,0,0,0,0,0,0,0,0
1095,0,0,0,9,0,0,0,0,0,0,0,0,0,0,0,0,0,0,0,0
1096,0,0,0,0,0,0,0,12,0,0,0,0,0,0,0,0,0,0,0,0
1097,0,0,0,10,0,0,0,0,0,0,0,0,0,0,0,0,0,0,0,0
1099,0,0,0,0,0,21,0,0,0,0,0,0,0,0,0,0,0,0,0,0
11,9,0,0,0,0,0,0,0,0,0,0,0,0,27,0,0,9,0,0,5
110,14,0,0,0,0,0,0,0,0,0,0,0,0,34,0,0,10,0,0,13
1100,0,0,0,9,0,0,0,0,0,0,0,0,0,0,0,0,0,0,0,0
1101,0,0,0,7,0,0,0,0,0,0,0,0,0,0,0,0,0,0,0,0
1102,0,0,0,0,0,6,0,0,0,0,0,0,0,0,0,0,0,0,0,0
1103,0,0,0,0,0,7,0,0,0,0,0,0,0,0,0,0,0,0,0,0
1104,0,0,0,0,0,0,0,0,0,10,0,0,0,0,0,0,0,0,0,0
1105,0,0,0,0,0,9,0,0,0,0,0,0,0,0,0,0,0,0,0,0
1106,0,0,0,5,0,0,0,0,0,0,0,0,0,0,0,0,0,0,0,0
1107,0,0,0,10,0,0,0,0,0,0,0,0,0,0,0,0,0,0,0,0
1108,0,0,0,0,0,6,0,0,0,0,0,0,0,0,0,0,0,0,0,0
1109,0,0,0,8,0,0,0,0,0,0,0,0,0,0,0,0,0,0,0,0
111,12,0,0,0,0,0,0,0,0,0,0,0,0,33,0,0,8,0,0,15
1110,0,0,0,0,0,11,0,0,0,0,0,0,0,0,0,0,0,0,0,0
1111,0,0,0,0,0,13,0,0,0,0,0,0,0,0,0,0,0,0,0,0
1112,0,0,0,0,0,0,0,0,0,8,0,0,0,0,0,0,0,0,0,0
1113,0,0,0,0,0,0,0,0,0,0,0,0,8,0,0,0,0,0,0,0
1115,0,0,0,0,0,10,0,0,0,0,0,0,0,0,0,0,0,0,0,0
1116,0,0,0,0,0,0,0,0,0,0,0,0,5,0,0,0,0,0,0,0
1118,0,0,0,0,0,9,0,0,0,0,0,0,0,0,0,0,0,0,0,0
1119,0,0,0,6,0,0,0,0,0,0,0,0,0,0,0,0,0,0,0,0
112,8,0,0,0,0,0,0,0,0,0,0,0,0,29,0,0,22,0,0,0
1121,0,0,0,0,0,0,10,0,0,0,0,0,0,0,0,0,0,0,0,0
1123,0,0,0,17,0,0,0,0,0,0,0,0,0,0,0,0,0,0,0,0
1124,0,0,0,6,0,0,0,0,0,0,0,0,0,0,0,0,0,0,0,0
1125,0,0,0,0,0,0,5,0,0,0,0,0,0,0,0,0,0,0,0,0
1126,0,0,0,0,0,13,0,0,0,0,0,0,0,0,0,0,0,0,0,0
1127,0,0,0,0,0,0,0,0,0,9,0,0,0,0,0,0,0,0,0,0
1128,0,0,0,5,0,0,0,0,0,0,0,0,0,0,0,0,0,0,0,0
1129,0,0,0,5,0,7,0,0,0,0,0,0,0,0,0,0,0,0,0,0
113,6,0,0,0,0,0,0,0,0,0,0,0,0,23,0,0,9,0,0,6
1131,0,0,0,11,0,0,0,0,0,0,0,0,0,0,0,0,0,0,0,0
1132,0,0,0,9,0,0,0,0,0,0,0,0,0,0,0,0,0,0,0,0
1133,0,0,0,0,0,6,0,0,0,0,0,0,0,0,0,0,0,0,0,0
1134,0,0,0,10,0,0,0,0,0,0,0,0,0,0,0,0,0,0,0,0
1135,0,0,0,0,0,0,0,0,0,10,0,0,0,0,0,0,0,0,0,0
1136,0,0,0,12,0,0,0,0,0,0,0,0,0,0,0,0,0,0,0,0
1137,0,0,0,8,0,0,0,0,0,0,0,0,0,0,0,0,0,0,0,0
1138,0,0,0,0,0,12,0,0,0,0,0,0,0,0,0,0,0,0,0,0
114,7,0,0,0,0,0,0,0,0,0,0,0,0,34,0,0,15,0,0,5
1141,0,0,0,5,0,0,0,0,0,0,0,0,0,0,0,0,0,0,0,0
1144,0,0,0,0,0,8,0,0,0,0,0,0,0,0,0,0,0,0,0,0
1145,0,0,0,9,0,0,0,0,0,0,0,0,0,0,0,0,0,0,0,0
1146,0,0,0,10,0,0,0,0,0,0,0,0,0,0,0,0,0,0,0,0
1147,0,0,0,9,0,0,0,0,0,0,0,0,0,0,0,0,0,0,0,0
1148,0,0,0,10,0,0,0,0,0,0,0,0,0,0,0,0,0,0,0,0
1149,0,0,0,10,0,0,0,0,0,0,0,0,0,0,0,0,0,0,0,0
115,5,0,0,0,0,0,0,0,0,0,0,0,0,28,0,0,20,0,0,0
1150,0,0,0,0,0,10,0,0,0,0,0,0,0,0,0,0,0,0,0,0
1151,0,0,0,6,0,0,0,0,0,0,0,0,0,0,0,0,0,0,0,0
1153,0,0,0,0,0,19,0,0,0,0,0,0,0,0,0,0,0,0,0,0
1154,0,0,0,0,0,20,0,0,0,0,0,0,0,0,0,0,0,0,0,0
1155,0,0,0,12,0,0,0,0,0,0,0,0,0,0,0,0,0,0,0,0
1156,0,0,0,5,0,0,0,0,0,0,0,0,0,0,0,0,0,0,0,0
1157,0,0,0,6,0,0,0,0,0,0,0,0,0,0,0,0,0,0,0,0
1159,0,0,0,0,0,5,0,0,0,0,0,0,0,0,0,0,0,0,0,0
116,6,0,0,0,0,0,0,0,0,0,0,0,0,37,0,0,31,0,0,0
1161,0,0,0,0,0,7,0,0,0,0,0,0,0,0,0,0,0,0,0,0
1162,0,0,0,8,0,0,0,0,0,0,0,0,0,0,0,0,0,0,0,0
1163,0,0,0,8,0,0,0,0,0,0,0,0,0,0,0,0,0,0,0,0
1164,0,0,0,8,0,0,0,0,0,0,0,0,0,0,0,0,0,0,0,0
1165,0,0,0,0,0,10,0,0,0,0,0,0,0,0,0,0,0,0,0,0
1166,0,0,0,0,0,12,0,0,0,0,0,0,0,0,0,0,0,0,0,0
1167,0,0,0,0,0,12,0,0,0,0,0,0,0,0,0,0,0,0,0,0
1168,0,0,0,8,0,0,0,0,0,0,0,0,0,0,0,0,0,0,0,0
1169,0,0,0,6,0,0,0,0,0,0,0,0,0,0,0,0,0,0,0,0
117,10,0,0,0,0,0,0,0,0,0,0,0,0,38,0,0,33,0,0,0
1170,0,0,0,0,0,11,0,0,0,0,0,0,0,0,0,0,0,0,0,0
1171,0,0,6,7,0,0,0,0,0,0,0,0,0,0,0,0,0,0,0,0
1172,0,0,0,0,0,0,0,0,0,0,0,0,6,0,0,0,0,0,0,0
1174,0,0,0,0,0,6,0,0,0,0,0,0,0,0,0,0,0,0,0,0
1175,0,0,0,6,0,0,0,0,0,0,0,0,0,0,0,0,0,0,0,0
1177,0,0,0,0,0,8,0,0,0,0,0,0,0,0,0,0,0,0,0,0
1178,0,0,0,5,0,0,0,0,0,0,0,0,0,0,0,0,0,0,0,0
1179,0,0,0,0,0,0,0,0,0,0,0,7,0,0,0,0,0,0,0,0
118,10,0,0,0,0,0,0,0,0,0,0,0,0,37,0,0,12,0,6,11
1180,0,0,0,0,0,0,12,0,0,0,0,0,0,0,0,0,0,0,0,0
1181,0,0,0,0,0,0,12,0,0,0,0,0,0,0,0,0,0,0,0,0
1182,0,0,0,0,0,5,0,0,0,0,0,0,0,0,0,0,0,0,0,0
1183,0,0,0,0,0,12,0,0,0,0,0,0,0,0,0,0,0,0,0,0
1184,0,0,0,9,0,0,0,0,0,0,0,0,0,0,0,0,0,0,0,0
1185,0,0,6,0,0,0,0,0,0,0,0,0,0,0,0,0,0,0,0,0
1187,0,0,0,0,0,8,0,0,0,0,0,0,0,0,0,0,0,0,0,0
1188,0,0,0,7,0,0,0,0,0,0,0,0,0,0,0,0,0,0,0,0
1189,0,0,0,5,0,0,0,0,0,0,0,0,0,0,0,0,0,0,0,0
119,11,0,0,0,0,0,0,0,0,0,0,0,0,40,0,0,13,0,0,9
1190,0,0,0,0,0,12,0,0,0,0,0,0,0,0,0,0,0,0,0,0
1192,0,0,0,0,0,0,0,0,0,11,0,0,0,0,0,0,0,0,0,0
1194,0,0,0,8,0,0,0,0,0,0,0,0,0,0,0,0,0,0,0,0
1195,0,0,0,8,0,0,0,0,0,0,0,0,0,0,0,0,0,0,0,0
1196,0,0,0,10,0,0,0,0,0,0,0,0,0,0,0,0,0,0,0,0
1198,0,0,0,9,0,0,0,0,0,0,0,0,0,0,0,0,0,0,0,0
1199,0,0,0,0,0,8,0,0,0,0,0,0,0,0,0,0,0,0,0,0
12,7,0,0,0,0,0,0,0,0,0,0,0,0,30,0,0,18,0,0,0
120,0,0,0,0,0,0,0,0,0,0,0,0,0,19,0,0,8,0,0,0
1200,0,0,0,12,0,0,0,0,0,0,0,0,0,0,0,0,0,0,0,0
1201,0,0,0,11,0,0,0,0,0,0,0,0,0,0,0,0,0,0,0,0
1202,0,0,0,8,0,0,0,0,0,0,0,0,0,0,0,0,0,0,0,0
1203,0,0,0,8,0,0,0,0,0,0,0,0,0,0,0,0,0,0,0,0
1205,0,0,0,0,0,9,0,0,0,0,0,0,0,0,0,0,0,0,0,0
1206,0,0,0,0,0,0,6,0,0,0,0,0,0,0,0,0,0,0,0,0
1208,0,0,0,9,0,0,0,0,0,0,0,0,0,0,0,0,0,0,0,0
1209,0,0,0,8,0,0,0,0,0,0,0,0,0,0,0,0,0,0,0,0
121,6,0,0,0,0,0,0,0,0,0,0,0,0,23,0,0,11,0,0,0
1211,0,0,0,5,0,0,0,0,0,0,0,0,0,0,0,0,0,0,0,0
1212,0,0,0,6,0,0,0,0,0,0,0,0,0,0,0,0,0,0,0,0
1213,0,0,0,0,0,6,0,0,0,0,0,0,0,0,0,0,0,0,0,0
1214,0,0,0,0,0,0,0,0,0,10,0,0,0,0,0,0,0,0,0,0
1216,0,0,0,10,0,0,0,0,0,0,0,0,0,0,0,0,0,0,0,0
1217,0,0,0,8,0,0,0,0,0,0,0,0,0,0,0,0,0,0,0,0
1218,0,0,0,9,0,0,0,0,0,0,0,0,0,0,0,0,0,0,0,0
1219,0,0,0,11,0,0,0,0,0,0,0,0,0,0,0,0,0,0,0,0
122,10,0,0,0,0,0,0,0,0,0,0,0,0,28,0,0,6,0,0,13
1220,0,0,0,0,0,13,0,0,0,0,0,0,0,0,0,0,0,0,0,0
1221,0,0,0,0,0,0,0,0,0,9,0,0,0,0,0,0,0,0,0,0
1222,0,0,0,0,0,0,0,0,0,0,9,0,0,0,0,0,0,0,0,0
1223,0,0,0,11,0,0,0,0,0,0,0,0,0,0,0,0,0,0,0,0
1224,0,0,0,0,0,8,0,0,0,0,0,0,0,0,0,0,0,0,0,0
1225,0,0,0,0,0,9,0,0,0,0,0,0,0,0,0,0,0,0,0,0
1227,0,0,0,0,0,0,12,0,0,0,0,0,0,0,0,0,0,0,0,0
1228,0,0,0,10,0,0,0,0,0,0,0,0,0,0,0,0,0,0,0,0
1229,0,0,0,0,5,9,0,0,0,0,0,0,0,0,0,0,0,0,0,0
123,6,0,0,0,0,0,0,0,0,0,0,0,0,29,0,0,8,0,6,9
1230,0,0,0,14,0,0,0,0,0,0,0,0,0,0,0,0,0,0,0,0
1231,0,0,0,7,0,0,0,0,0,0,0,0,0,0,0,0,0,0,0,0
1232,0,0,0,9,0,0,0,0,0,0,0,0,0,0,0,0,0,0,0,0
1233,0,0,0,0,0,10,0,0,0,0,0,0,0,0,0,0,0,0,0,0
1234,0,0,0,0,0,8,0,0,0,0,0,0,0,0,0,0,0,0,0,0
1236,0,0,0,7,0,0,0,0,0,0,0,0,0,0,0,0,0,0,0,0
1237,0,0,0,0,0,7,0,0,0,0,0,0,0,0,0,0,0,0,0,0
1238,0,0,0,0,0,0,11,0,0,0,0,0,0,0,0,0,0,0,0,0
1239,0,0,0,5,0,5,0,0,0,0,0,0,0,0,0,0,0,0,0,0
124,9,0,0,0,0,0,0,0,0,0,0,0,0,31,0,0,13,0,6,7
1240,0,0,0,11,0,0,0,0,0,0,0,0,0,0,0,0,0,0,0,0
1241,0,0,0,17,0,0,0,0,0,0,0,0,0,0,0,0,0,0,0,0
1242,0,0,0,0,0,5,6,0,0,0,0,0,0,0,0,0,0,0,0,0
1245,0,0,0,10,0,0,0,0,0,0,0,0,0,0,0,0,0,0,0,0
1246,0,0,0,0,0,0,0,11,0,0,0,0,0,0,0,0,0,0,0,0
1247,0,0,0,8,0,0,0,0,0,0,0,0,0,0,0,0,0,0,0,0
1248,0,0,0,8,0,0,0,0,0,0,0,0,0,0,0,0,0,0,0,0
1249,0,0,0,5,0,0,0,0,0,0,0,0,0,0,0,0,0,0,0,0
125,7,0,0,0,0,0,0,0,0,0,0,0,0,25,0,0,10,0,0,6
1250,0,0,0,0,0,16,0,0,0,0,0,0,0,0,0,0,0,0,0,0
1251,0,0,0,0,0,11,0,0,0,0,0,0,0,0,0,0,0,0,0,0
1252,0,0,0,0,0,8,0,0,0,0,0,0,0,0,0,0,0,0,0,0
1253,0,0,0,0,0,13,0,0,0,0,0,0,0,0,0,0,0,0,0,0
1255,0,0,0,0,0,14,0,0,0,0,0,0,0,0,0,0,0,0,0,0
1256,0,0,0,7,0,0,0,0,0,0,0,0,0,0,0,0,0,0,0,0
1257,0,0,0,0,0,10,0,0,0,0,0,0,0,0,0,0,0,0,0,0
1258,0,0,0,0,0,0,0,0,0,9,0,0,0,0,0,0,0,0,0,0
1259,0,0,0,0,0,9,0,0,0,0,0,0,0,0,0,0,0,0,0,0
126,10,0,0,0,0,0,0,0,0,0,0,0,0,25,0,0,14,0,7,5
1261,0,0,0,8,0,0,0,0,0,0,0,0,0,0,0,0,0,0,0,0
1263,0,0,0,0,0,0,11,0,0,0,0,0,0,0,0,0,0,0,0,0
1264,0,0,6,0,0,0,0,0,0,0,0,0,0,0,0,0,0,0,0,0
1265,0,0,0,15,0,0,0,0,0,0,0,0,0,0,0,0,0,0,0,0
1266,0,0,0,7,0,0,0,0,0,0,0,0,0,0,0,0,0,0,0,0
1267,0,0,0,0,0,7,0,0,0,0,0,0,0,0,0,0,0,0,0,0
1269,0,0,0,0,0,8,0,0,0,0,0,0,0,0,0,0,0,0,0,0
127,6,0,0,0,0,0,0,0,0,0,0,0,0,46,0,0,23,0,6,11
1270,0,0,0,9,0,0,0,0,0,0,0,0,0,0,0,0,0,0,0,0
1271,0,0,0,0,0,0,0,0,0,6,0,0,0,0,0,0,0,0,0,0
1272,0,0,0,0,0,13,0,0,0,0,0,0,0,0,0,0,0,0,0,0
1273,0,0,0,12,0,0,0,0,0,0,0,0,0,0,0,0,0,0,0,0
1274,0,0,0,0,0,16,0,0,0,0,0,0,0,0,0,0,0,0,0,0
1275,0,0,0,0,0,0,0,0,0,7,0,0,0,0,0,0,0,0,0,0
1276,0,0,0,0,0,0,7,0,0,0,0,0,0,0,0,0,0,0,0,0
1277,0,0,0,8,0,0,0,0,0,0,0,0,0,0,0,0,0,0,0,0
1278,0,0,0,0,0,11,0,0,0,0,0,0,0,0,0,0,0,0,0,0
1279,0,0,0,6,0,0,5,0,0,0,0,0,0,0,0,0,0,0,0,0
128,6,0,0,0,0,0,0,0,0,0,0,0,0,31,0,0,19,0,0,6
1280,0,0,0,0,0,12,0,0,0,0,0,0,0,0,0,0,0,0,0,0
1281,0,0,0,0,0,13,0,0,0,0,0,0,0,0,0,0,0,0,0,0
1282,0,0,0,5,0,0,0,0,0,0,0,0,0,0,0,0,0,0,0,0
1284,0,0,0,0,0,0,8,0,0,0,0,0,0,0,0,0,0,0,0,0
1285,0,0,0,0,0,5,0,0,0,0,0,0,0,0,0,0,0,0,0,0
1286,0,0,0,0,0,10,0,0,0,0,0,0,0,0,0,0,0,0,0,0
1288,0,0,0,5,0,0,0,0,0,0,0,0,0,0,0,0,0,0,0,0
1289,0,0,0,7,0,0,0,0,0,0,0,0,0,0,0,0,0,0,0,0
129,6,0,0,0,0,0,0,0,0,0,0,0,0,28,0,0,11,0,6,5
1290,0,0,0,13,0,0,0,0,0,0,0,0,0,0,0,0,0,0,0,0
1291,0,0,0,12,0,0,0,0,0,0,0,0,0,0,0,0,0,0,0,0
1292,0,0,0,0,0,6,0,0,0,0,0,0,0,0,0,0,0,0,0,0
1293,0,0,0,10,0,0,0,0,0,0,0,0,0,0,0,0,0,0,0,0
1294,0,0,0,15,0,0,0,0,0,0,0,0,0,0,0,0,0,0,0,0
1295,0,0,0,0,0,5,0,0,0,0,0,0,0,0,0,0,0,0,0,0
1296,0,0,0,5,0,0,0,0,0,0,0,0,0,0,0,0,0,0,0,0
1297,0,0,0,10,0,0,0,0,0,0,0,0,0,0,0,0,0,0,0,0
1298,0,0,0,7,0,0,0,0,0,0,0,0,0,0,0,0,0,0,0,0
1299,0,0,0,10,0,0,0,0,0,0,0,0,0,0,0,0,0,0,0,0
13,9,0,0,0,0,0,0,0,0,0,0,0,0,33,0,0,13,0,0,11
130,6,0,0,0,0,0,0,0,0,0,0,0,0,31,0,0,19,0,0,5
1300,0,0,0,8,0,0,0,0,0,0,0,0,0,0,0,0,0,0,0,0
1301,0,0,0,0,0,0,0,0,6,0,0,0,0,0,0,0,0,0,0,0
1302,0,0,0,0,0,8,0,0,0,0,0,0,0,0,0,0,0,0,0,0
1303,0,0,0,5,0,0,0,0,0,0,0,0,0,0,0,0,0,0,0,0
1304,0,0,0,0,0,0,0,0,8,0,0,0,0,0,0,0,0,0,0,0
1306,0,0,0,0,0,0,0,0,0,0,0,6,0,0,0,0,0,0,0,0
1307,0,0,0,0,0,10,0,0,0,0,0,0,0,0,0,0,0,0,0,0
1308,0,0,0,0,0,12,0,0,0,0,0,0,0,0,0,0,0,0,0,0
1309,0,5,0,0,0,0,0,0,0,0,0,0,0,0,0,0,0,0,0,0
131,5,0,0,0,0,0,0,0,0,0,0,0,0,28,0,0,19,0,0,0
1310,0,0,0,5,0,0,0,0,0,0,0,0,0,0,0,0,0,0,0,0
1311,0,0,0,7,0,0,0,0,0,0,0,0,0,0,0,0,0,0,0,0
1312,0,0,0,0,0,0,0,0,0,0,0,7,0,0,0,0,0,0,0,0
1313,0,0,0,0,0,10,0,0,0,0,0,0,0,0,0,0,0,0,0,0
1314,0,0,0,10,0,0,0,0,0,0,0,0,0,0,0,0,0,0,0,0
1315,0,0,0,0,0,10,0,0,0,0,0,0,0,0,0,0,0,0,0,0
1316,0,0,0,0,0,7,0,0,0,0,0,0,0,0,0,0,0,0,0,0
1317,0,0,0,6,0,0,0,0,0,0,0,0,0,0,0,0,0,0,0,0
1318,0,0,0,9,0,0,0,0,0,0,0,0,0,0,0,0,0,0,0,0
1319,0,0,0,0,0,9,0,0,0,0,0,0,0,0,0,0,0,0,0,0
132,9,0,0,0,0,0,0,0,0,0,0,0,0,30,0,0,13,0,0,5
1320,0,0,0,0,0,18,0,0,0,0,0,0,0,0,0,0,0,0,0,0
1321,0,0,0,6,0,0,0,0,0,0,0,0,0,0,0,0,0,0,0,0
1323,0,0,0,0,0,0,8,0,0,0,0,0,0,0,0,0,0,0,0,0
1324,0,0,0,0,0,6,0,0,0,0,0,0,0,0,0,0,0,0,0,0
1326,0,0,0,10,0,0,0,0,0,0,0,0,0,0,0,0,0,0,0,0
1327,0,0,0,11,0,0,0,0,0,0,0,0,0,0,0,0,0,0,0,0
1328,0,0,0,0,0,0,6,0,0,0,0,0,0,0,0,0,0,0,0,0
1329,0,0,0,0,0,12,0,0,0,0,0,0,0,0,0,0,0,0,0,0
133,9,0,0,0,0,0,0,0,0,0,0,0,0,32,0,0,15,0,0,7
1330,0,0,0,0,0,0,0,0,0,14,0,0,0,0,0,0,0,0,0,0
1332,0,5,0,9,0,0,0,0,0,0,0,0,0,0,0,0,0,0,0,0
1333,0,0,0,0,0,0,0,0,0,8,0,0,0,0,0,0,0,0,0,0
1334,0,0,0,0,0,0,0,0,0,14,0,0,0,0,0,0,0,0,0,0
1335,0,0,0,0,0,8,0,0,0,0,0,0,0,0,0,0,0,0,0,0
1336,0,0,0,10,0,0,0,0,0,0,0,0,0,0,0,0,0,0,0,0
1337,0,0,0,0,0,8,0,0,0,0,0,0,0,0,0,0,0,0,0,0
1338,0,0,0,8,0,0,0,0,0,0,0,0,0,0,0,0,0,0,0,0
1339,0,0,6,0,0,0,0,0,0,0,0,0,0,0,0,0,0,0,0,0
134,8,0,0,0,0,0,0,0,0,0,0,0,0,30,0,0,20,0,0,0
1341,0,0,0,8,0,0,0,0,0,0,0,0,0,0,0,0,0,0,0,0
1342,0,0,0,6,0,0,0,0,0,0,0,0,0,0,0,0,0,0,0,0
1343,0,0,0,13,0,0,0,0,0,0,0,0,0,0,0,0,0,0,0,0
1344,0,0,0,0,0,11,0,0,0,0,0,0,0,0,0,0,0,0,0,0
1345,0,0,0,10,0,0,0,0,0,0,0,0,0,0,0,0,0,0,0,0
1346,0,0,0,0,0,0,5,0,0,0,0,0,0,0,0,0,0,0,0,0
1349,0,0,0,9,0,0,0,0,0,0,0,0,0,0,0,0,0,0,0,0
135,12,0,0,0,0,0,0,0,0,0,0,0,0,34,0,0,23,0,0,0
1350,0,0,0,14,0,0,0,0,0,0,0,0,0,0,0,0,0,0,0,0
1352,0,0,8,0,0,0,0,0,0,0,0,0,0,0,0,0,0,0,0,0
1354,0,0,0,0,0,11,0,0,0,0,0,0,0,0,0,0,0,0,0,0
1355,0,0,0,0,0,0,9,0,0,0,0,0,0,0,0,0,0,0,0,0
1356,0,0,0,14,0,0,0,0,0,0,0,0,0,0,0,0,0,0,0,0
1357,0,0,0,10,0,0,0,0,0,0,0,0,0,0,0,0,0,0,0,0
1358,0,0,0,0,0,15,0,0,0,0,0,0,0,0,0,0,0,0,0,0
1359,0,0,0,0,0,9,0,0,0,0,0,0,0,0,0,0,0,0,0,0
136,10,0,0,0,0,0,0,0,0,0,0,0,0,39,0,0,18,0,5,0
1360,0,0,0,9,0,0,0,0,0,0,0,0,0,0,0,0,0,0,0,0
1361,0,0,0,11,0,0,0,0,0,0,0,0,0,0,0,0,0,0,0,0
1362,0,0,0,8,0,0,0,0,0,0,0,0,0,0,0,0,0,0,0,0
1363,0,0,0,0,0,5,0,0,0,0,0,0,0,0,0,0,0,0,0,0
1364,0,0,0,5,0,0,0,0,0,0,0,0,0,0,0,0,0,0,0,0
1365,0,0,0,0,0,6,0,0,0,0,0,0,0,0,0,0,0,0,0,0
1366,0,0,0,0,0,0,0,0,13,0,0,0,0,0,0,0,0,0,0,0
1367,0,0,0,0,0,0,11,0,0,0,0,0,0,0,0,0,0,0,0,0
1368,0,0,0,7,0,0,0,0,0,0,0,0,0,0,0,0,0,0,0,0
1369,0,0,0,0,0,0,0,0,0,12,0,0,0,0,0,0,0,0,0,0
137,0,0,0,0,0,0,0,0,0,0,0,0,0,27,0,0,9,0,7,6
1370,0,0,0,0,0,6,0,0,0,0,0,0,0,0,0,0,0,0,0,0
1371,0,0,0,0,0,0,0,0,0,9,0,0,0,0,0,0,0,0,0,0
1372,0,0,0,0,0,8,0,0,0,0,0,0,0,0,0,0,0,0,0,0
1373,0,0,0,9,0,0,0,0,0,0,0,0,0,0,0,0,0,0,0,0
1374,0,0,0,0,0,0,6,0,0,0,0,0,0,0,0,0,0,0,0,0
1379,0,0,0,5,0,0,0,0,0,0,0,0,0,0,0,0,0,0,0,0
138,9,0,0,0,0,0,0,0,0,0,0,0,0,35,0,0,26,0,0,0
1380,0,0,0,6,0,0,0,0,0,0,0,0,0,0,0,0,0,0,0,0
1381,0,0,0,14,0,0,0,0,0,0,0,0,0,0,0,0,0,0,0,0
1383,0,0,0,0,0,8,0,0,0,0,0,0,0,0,0,0,0,0,0,0
1384,0,0,0,12,0,0,0,0,0,0,0,0,0,0,0,0,0,0,0,0
1385,0,0,0,9,0,0,0,0,0,0,0,0,0,0,0,0,0,0,0,0
1386,0,0,0,0,0,10,0,0,0,0,0,0,0,0,0,0,0,0,0,0
1387,0,0,0,5,0,6,0,0,0,0,0,0,0,0,0,0,0,0,0,0
1388,0,0,0,5,0,0,0,0,0,0,0,0,0,0,0,0,0,0,0,0
1389,0,0,0,12,0,0,0,0,0,0,0,0,0,0,0,0,0,0,0,0
139,10,0,0,0,0,0,0,0,0,0,0,0,0,46,0,0,37,0,0,0
1390,0,0,0,0,0,8,0,0,0,0,0,0,0,0,0,0,0,0,0,0
1391,0,0,0,0,0,0,0,9,0,0,0,0,0,0,0,0,0,0,0,0
1392,0,0,0,7,0,0,0,0,0,0,0,0,0,0,0,0,0,0,0,0
1396,0,0,0,0,0,0,8,0,0,0,0,0,0,0,0,0,0,0,0,0
1397,0,0,0,0,0,7,0,0,0,0,0,0,0,0,0,0,0,0,0,0
1398,0,0,0,0,0,8,0,0,0,0,0,0,0,0,0,0,0,0,0,0
1399,0,0,0,0,0,0,0,0,0,10,0,0,0,0,0,0,0,0,0,0
14,11,0,0,0,0,0,0,0,0,0,0,0,0,18,0,0,16,0,0,0
140,8,0,0,0,0,0,0,0,0,0,0,0,0,17,0,0,5,0,0,0
1400,0,0,0,0,0,5,0,0,0,0,0,0,0,0,0,0,0,0,0,0
1401,0,0,0,14,0,0,0,0,0,0,0,0,0,0,0,0,0,0,0,0
1403,0,0,0,0,0,11,0,0,0,0,0,0,0,0,0,0,0,0,0,0
1404,0,0,0,0,0,0,10,0,0,0,0,0,0,0,0,0,0,0,0,0
1405,0,0,0,0,0,0,0,0,0,7,0,0,0,0,0,0,0,0,0,0
1406,0,0,6,0,0,8,0,0,0,0,0,0,0,0,0,0,0,0,0,0
1407,0,0,0,0,0,0,0,0,0,7,0,0,0,0,0,0,0,0,0,0
1408,0,0,0,12,0,0,0,0,0,0,0,0,0,0,0,0,0,0,0,0
1409,0,0,0,0,0,0,0,0,0,0,0,0,9,0,0,0,0,0,0,0
141,7,0,0,0,0,0,0,0,0,0,0,0,0,23,0,0,7,0,7,8
1410,0,0,0,0,0,11,0,0,0,0,0,0,0,0,0,0,0,0,0,0
1411,0,0,0,0,0,5,0,0,0,0,0,0,0,0,0,0,0,0,0,0
1412,0,0,0,8,0,0,0,0,0,0,0,0,0,0,0,0,0,0,0,0
1414,0,0,0,9,0,0,0,0,0,0,0,0,0,0,0,0,0,0,0,0
1415,0,0,0,11,0,0,0,0,0,0,0,0,0,0,0,0,0,0,0,0
1417,0,0,0,5,0,0,0,0,0,0,0,0,0,0,0,0,0,0,0,0
142,8,0,0,0,0,0,0,0,0,0,0,0,0,35,0,0,26,0,0,0
1420,0,0,0,0,0,8,0,0,0,0,0,0,0,0,0,0,0,0,0,0
1421,0,0,0,0,0,6,0,0,0,0,0,0,0,0,0,0,0,0,0,0
1422,0,0,0,0,0,0,0,0,0,8,0,0,0,0,0,0,0,0,0,0
1424,0,0,0,8,0,0,0,0,0,0,0,0,0,0,0,0,0,0,0,0
1425,0,0,0,0,0,8,0,0,0,0,0,0,0,0,0,0,0,0,0,0
1426,0,0,0,0,0,7,0,0,0,0,0,0,0,0,0,0,0,0,0,0
1427,0,0,0,0,0,9,0,0,0,0,0,0,0,0,0,0,0,0,0,0
1428,0,0,0,0,0,9,0,0,0,0,0,0,0,0,0,0,0,0,0,0
1429,0,0,0,0,0,0,0,0,0,11,0,0,0,0,0,0,0,0,0,0
143,0,0,0,0,0,0,0,0,0,0,0,0,0,32,0,0,14,0,8,8
1430,0,0,0,0,0,11,0,0,0,0,0,0,0,0,0,0,0,0,0,0
1431,0,0,0,0,0,7,0,0,0,0,0,0,0,0,0,0,0,0,0,0
1432,0,0,0,0,0,0,0,0,5,0,0,0,0,0,0,0,0,0,0,0
1433,0,0,0,0,0,0,9,0,0,0,0,0,0,0,0,0,0,0,0,0
1434,0,0,0,0,0,0,7,0,0,0,0,0,0,0,0,0,0,0,0,0
1436,0,0,0,7,0,0,0,0,0,0,0,0,0,0,0,0,0,0,0,0
1437,0,0,0,0,0,9,0,0,0,0,0,0,0,0,0,0,0,0,0,0
1438,0,0,0,0,0,0,0,0,0,7,0,0,0,0,0,0,0,0,0,0
1439,0,0,0,0,0,0,14,0,0,0,0,0,0,0,0,0,0,0,0,0
144,0,0,0,0,0,0,0,0,0,0,0,0,0,29,0,0,7,0,7,6
1440,0,0,0,6,0,0,0,0,0,0,0,0,0,0,0,0,0,0,0,0
1442,0,0,0,0,0,10,0,0,0,0,0,0,0,0,0,0,0,0,0,0
1443,0,0,0,0,0,6,0,0,0,0,0,0,0,0,0,0,0,0,0,0
1444,0,0,0,0,0,0,0,12,0,0,0,0,0,0,0,0,0,0,0,0
1446,0,0,0,13,0,0,0,0,0,0,0,0,0,0,0,0,0,0,0,0
1447,0,0,0,0,0,20,0,0,0,0,0,0,0,0,0,0,0,0,0,0
1449,0,0,0,11,0,0,0,0,0,0,0,0,0,0,0,0,0,0,0,0
145,9,0,0,0,0,0,0,0,0,0,0,0,0,28,0,0,13,0,8,5
1450,0,0,0,0,0,0,7,0,0,0,0,0,0,0,0,0,0,0,0,0
1451,0,0,0,0,0,0,0,0,0,8,0,0,0,0,0,0,0,0,0,0
1452,0,0,0,0,0,11,0,0,0,0,0,0,0,0,0,0,0,0,0,0
1453,0,0,0,9,0,0,0,0,0,0,0,0,0,0,0,0,0,0,0,0
1454,0,0,0,7,0,0,0,0,0,0,0,0,0,0,0,0,0,0,0,0
1455,0,0,0,0,0,0,0,0,6,0,0,0,0,0,0,0,0,0,0,0
1456,0,0,0,0,0,5,0,0,0,0,0,0,0,0,0,0,0,0,0,0
1457,0,0,0,6,0,5,0,0,0,0,0,0,0,0,0,0,0,0,0,0
1458,0,0,0,7,0,0,0,0,0,0,0,0,0,0,0,0,0,0,0,0
1459,0,0,0,9,0,0,0,0,0,0,0,0,0,0,0,0,0,0,0,0
146,8,0,0,0,0,0,0,0,0,0,0,0,0,43,0,0,14,0,0,12
1460,0,0,0,7,0,0,0,0,0,0,0,0,0,0,0,0,0,0,0,0
1461,0,0,0,12,0,0,0,0,0,0,0,0,0,0,0,0,0,0,0,0
1462,0,0,0,14,0,0,0,0,0,0,0,0,0,0,0,0,0,0,0,0
1463,0,0,0,0,0,16,0,0,0,0,0,0,0,0,0,0,0,0,0,0
1464,0,0,0,0,0,0,11,0,0,0,0,0,0,0,0,0,0,0,0,0
1465,0,0,0,0,0,0,0,0,0,10,0,0,0,0,0,0,0,0,0,0
1466,0,0,0,6,0,0,0,0,0,0,0,0,0,0,0,0,0,0,0,0
1467,0,0,0,0,0,0,10,0,0,0,0,0,0,0,0,0,0,0,0,0
1468,0,0,0,0,0,0,0,0,0,6,0,0,0,0,0,0,0,0,0,0
1469,0,0,0,0,0,7,0,0,0,0,0,0,0,0,0,0,0,0,0,0
147,11,0,0,0,0,0,0,0,0,0,0,0,0,36,0,0,17,0,5,6
1471,0,0,0,5,0,0,6,0,0,0,0,0,0,0,0,0,0,0,0,0
1472,0,0,0,0,0,0,6,0,0,0,0,0,0,0,0,0,0,0,0,0
1473,0,0,0,0,0,0,11,0,0,0,0,0,0,0,0,0,0,0,0,0
1474,0,0,0,7,0,0,0,0,0,0,0,0,0,0,0,0,0,0,0,0
1475,0,0,0,0,0,0,0,0,10,0,0,0,0,0,0,0,0,0,0,0
1476,0,0,0,9,0,0,0,0,0,0,0,0,0,0,0,0,0,0,0,0
1477,0,0,0,0,0,0,6,0,0,0,0,0,0,0,0,0,0,0,0,0
1478,0,0,0,0,0,0,0,0,0,7,0,0,0,0,0,0,0,0,0,0
1479,0,0,0,0,0,13,0,0,0,0,0,0,0,0,0,0,0,0,0,0
148,0,0,0,0,0,0,0,0,0,0,0,0,0,28,0,0,20,0,0,0
1480,0,0,0,0,0,0,7,0,0,0,0,0,0,0,0,0,0,0,0,0
1481,0,0,0,15,0,0,0,0,0,0,0,0,0,0,0,0,0,0,0,0
1482,0,0,0,6,0,0,0,0,0,0,0,0,0,0,0,0,0,0,0,0
1483,0,0,0,10,0,0,0,0,0,0,0,0,0,0,0,0,0,0,0,0
1484,0,0,0,14,0,0,0,0,0,0,0,0,0,0,0,0,0,0,0,0
1485,0,0,0,10,0,0,0,0,0,0,0,0,0,0,0,0,0,0,0,0
1486,0,0,0,0,0,12,0,0,0,0,0,0,0,0,0,0,0,0,0,0
1487,0,0,0,5,0,0,0,0,0,0,0,0,0,0,0,0,0,0,0,0
1488,0,0,0,0,0,11,0,0,0,0,0,0,0,0,0,0,0,0,0,0
149,6,0,0,0,0,0,0,0,0,0,0,0,0,35,7,5,33,0,0,0
1490,0,0,0,0,0,0,10,0,0,0,0,0,0,0,0,0,0,0,0,0
1491,0,0,0,7,0,0,0,0,0,0,0,0,0,0,0,0,0,0,0,0
1492,0,0,0,0,0,5,0,0,0,0,0,0,0,0,0,0,0,0,0,0
1493,0,0,0,0,0,10,0,0,0,0,0,0,0,0,0,0,0,0,0,0
1494,0,0,0,15,0,0,0,0,0,0,0,0,0,0,0,0,0,0,0,0
1495,0,0,0,6,0,0,0,0,0,0,0,0,0,0,0,0,0,0,0,0
1496,0,0,0,8,0,0,0,0,0,0,0,0,0,0,0,0,0,0,0,0
1498,0,0,0,0,0,9,0,0,0,0,0,0,0,0,0,0,0,0,0,0
1499,0,0,0,0,0,0,0,0,0,0,0,0,10,0,0,0,0,0,0,0
15,8,0,0,0,0,0,0,0,0,0,0,0,0,34,0,0,14,0,0,10
150,14,0,0,0,0,0,0,0,0,0,0,0,0,29,0,0,22,0,0,0
1500,0,0,0,5,0,0,0,0,0,0,0,0,0,0,0,0,0,0,0,0
1501,0,0,0,5,0,0,0,0,0,0,0,0,0,0,0,0,0,0,0,0
1502,0,0,0,7,0,0,0,0,0,0,0,0,0,0,0,0,0,0,0,0
1503,0,0,0,8,0,0,0,0,0,0,0,0,0,0,0,0,0,0,0,0
1504,0,0,0,0,0,6,0,0,0,0,0,0,0,0,0,0,0,0,0,0
1505,0,0,0,15,0,0,0,0,0,0,0,0,0,0,0,0,0,0,0,0
1506,0,0,0,0,0,7,0,0,0,0,0,0,0,0,0,0,0,0,0,0
1507,0,0,0,0,0,0,6,0,0,0,0,0,0,0,0,0,0,0,0,0
1508,0,0,0,0,0,0,6,0,0,0,0,0,0,0,0,0,0,0,0,0
1509,0,0,0,0,0,0,11,0,0,0,0,0,0,0,0,0,0,0,0,0
151,11,0,0,0,0,0,0,0,0,0,0,0,0,30,0,0,14,0,0,7
1510,0,0,0,8,0,0,0,0,0,0,0,0,0,0,0,0,0,0,0,0
1511,0,0,0,0,0,0,0,0,0,12,0,0,0,0,0,0,0,0,0,0
1513,0,0,0,0,0,8,0,0,0,0,0,0,0,0,0,0,0,0,0,0
1514,0,0,8,0,0,0,0,0,0,0,0,0,0,0,0,0,0,0,0,0
1515,0,0,0,8,0,0,0,0,0,0,0,0,0,0,0,0,0,0,0,0
1517,0,0,6,9,0,0,0,0,0,0,0,0,0,0,0,0,0,0,0,0
1518,0,0,0,0,0,5,0,0,0,0,0,0,0,0,0,0,0,0,0,0
1519,0,0,0,0,0,0,7,0,0,0,0,0,0,0,0,0,0,0,0,0
152,7,0,0,0,0,0,0,0,0,0,0,0,0,33,0,0,10,0,8,8
1520,0,0,0,0,0,0,0,0,0,10,0,0,0,0,0,0,0,0,0,0
1521,0,0,0,8,0,0,0,0,0,0,0,0,0,0,0,0,0,0,0,0
1522,0,0,0,0,0,0,0,0,0,0,0,11,0,0,0,0,0,0,0,0
1523,0,0,0,0,0,0,0,0,0,7,0,0,0,0,0,0,0,0,0,0
1525,0,0,0,6,0,0,0,0,0,0,0,0,0,0,0,0,0,0,0,0
1526,0,0,0,11,0,0,0,0,0,0,0,0,0,0,0,0,0,0,0,0
1527,0,0,0,0,0,8,0,0,0,0,0,0,0,0,0,0,0,0,0,0
1528,0,0,0,0,0,10,0,0,0,0,0,0,0,0,0,0,0,0,0,0
1529,0,0,0,0,0,0,0,0,10,0,0,0,0,0,0,0,0,0,0,0
153,0,0,0,0,0,0,0,0,0,0,0,0,0,35,0,0,25,0,0,0
1530,0,0,0,0,0,0,0,8,0,0,0,0,0,0,0,0,0,0,0,0
1531,0,0,0,6,0,0,0,0,0,0,0,0,0,0,0,0,0,0,0,0
1532,0,0,0,9,0,0,0,0,0,0,0,0,0,0,0,0,0,0,0,0
1533,0,0,0,0,0,7,0,0,0,0,0,0,0,0,0,0,0,0,0,0
1534,0,0,0,7,0,0,0,0,0,0,0,0,0,0,0,0,0,0,0,0
1535,0,0,0,0,0,9,0,0,0,0,0,0,0,0,0,0,0,0,0,0
1536,0,0,0,6,0,8,0,0,0,0,0,0,0,0,0,0,0,0,0,0
1537,0,0,0,0,0,14,0,0,0,0,0,0,0,0,0,0,0,0,0,0
1539,0,0,0,0,0,6,0,0,0,0,0,0,0,0,0,0,0,0,0,0
154,11,0,0,0,0,0,0,0,0,0,0,0,0,37,0,0,12,0,6,12
1540,0,0,0,11,0,0,0,0,0,0,0,0,0,0,0,0,0,0,0,0
1541,0,0,0,0,0,0,11,0,0,0,0,0,0,0,0,0,0,0,0,0
1542,0,0,0,0,0,8,0,0,0,0,0,0,0,0,0,0,0,0,0,0
1543,0,0,0,0,0,7,0,0,0,0,0,0,0,0,0,0,0,0,0,0
1544,0,0,0,0,0,10,0,0,0,0,0,0,0,0,0,0,0,0,0,0
1545,0,0,0,0,0,11,0,0,0,0,0,0,0,0,0,0,0,0,0,0
1546,0,0,0,11,0,0,0,0,0,0,0,0,0,0,0,0,0,0,0,0
1547,0,0,0,5,0,0,0,0,0,0,0,0,0,0,0,0,0,0,0,0
1548,0,0,0,9,0,0,0,0,0,0,0,0,0,0,0,0,0,0,0,0
1549,0,0,0,0,0,5,0,0,0,0,0,0,0,0,0,0,0,0,0,0
155,6,0,0,0,0,0,0,0,0,0,0,0,0,36,0,0,10,0,0,13
1550,0,0,0,0,0,0,0,0,0,7,0,0,0,0,0,0,0,0,0,0
1552,0,0,0,0,0,0,8,0,0,0,0,0,0,0,0,0,0,0,0,0
1553,0,0,0,5,0,0,0,0,0,0,0,0,0,0,0,0,0,0,0,0
1554,0,0,0,5,0,0,0,0,0,0,0,0,0,0,0,0,0,0,0,0
1555,0,0,0,0,0,12,0,0,0,0,0,0,0,0,0,0,0,0,0,0
1556,0,0,0,13,0,0,0,0,0,0,0,0,0,0,0,0,0,0,0,0
1557,0,0,0,8,0,0,0,0,0,0,0,0,0,0,0,0,0,0,0,0
1558,0,0,0,0,0,11,0,0,0,0,0,0,0,0,0,0,0,0,0,0
1559,0,0,0,0,0,0,10,0,0,0,0,0,0,0,0,0,0,0,0,0
156,0,0,0,0,0,0,0,0,0,0,0,0,0,32,0,0,12,0,6,10
1560,0,0,0,0,0,14,0,0,0,0,0,0,0,0,0,0,0,0,0,0
1561,0,0,0,5,0,0,0,0,0,0,0,0,0,0,0,0,0,0,0,0
1562,0,0,0,12,0,0,0,0,0,0,0,0,0,0,0,0,0,0,0,0
1563,0,0,0,9,0,0,0,0,0,0,0,0,0,0,0,0,0,0,0,0
1564,0,0,0,0,0,0,5,0,0,0,0,0,0,0,0,0,0,0,0,0
1565,0,0,0,7,0,0,0,0,0,0,0,0,0,0,0,0,0,0,0,0
1566,0,0,0,8,0,0,0,0,0,0,0,0,0,0,0,0,0,0,0,0
1567,0,0,0,8,0,0,0,0,0,0,0,0,0,0,0,0,0,0,0,0
1568,0,0,0,5,0,0,0,0,0,0,0,0,0,0,0,0,0,0,0,0
1569,0,0,0,0,0,8,0,0,0,0,0,0,0,0,0,0,0,0,0,0
157,0,0,0,0,0,0,0,0,0,0,0,0,0,38,0,0,35,0,0,0
1570,0,0,0,0,0,0,10,0,0,0,0,0,0,0,0,0,0,0,0,0
1571,0,0,0,0,0,11,0,0,0,0,0,0,0,0,0,0,0,0,0,0
1572,0,0,0,0,0,8,0,0,0,0,0,0,0,0,0,0,0,0,0,0
1573,0,0,0,5,0,0,0,0,0,0,0,0,0,0,0,0,0,0,0,0
1574,0,0,0,0,0,0,6,0,0,0,0,0,0,0,0,0,0,0,0,0
1575,0,0,0,0,0,9,0,0,0,0,0,0,0,0,0,0,0,0,0,0
1576,0,0,0,8,0,0,0,0,0,0,0,0,0,0,0,0,0,0,0,0
1578,0,0,0,11,0,0,0,0,0,0,0,0,0,0,0,0,0,0,0,0
1579,0,0,0,7,0,0,0,0,0,0,0,0,0,0,0,0,0,0,0,0
158,0,0,0,0,0,0,0,0,0,0,0,0,0,29,0,0,13,0,8,6
1580,0,0,0,0,0,0,0,0,0,7,0,0,0,0,0,0,0,0,0,0
1581,0,0,0,8,0,0,0,0,0,0,0,0,0,0,0,0,0,0,0,0
1582,0,0,0,0,0,0,9,0,0,0,0,0,0,0,0,0,0,0,0,0
1584,0,0,0,0,0,0,8,0,0,0,0,0,0,0,0,0,0,0,0,0
1585,0,0,0,0,0,0,0,0,0,7,0,0,0,0,0,0,0,0,0,0
1586,0,0,0,7,0,0,0,0,0,0,0,0,0,0,0,0,0,0,0,0
1587,0,0,0,0,0,0,10,0,0,0,0,0,0,0,0,0,0,0,0,0
1588,0,0,0,9,0,0,0,0,0,0,0,0,0,0,0,0,0,0,0,0
1589,0,0,0,12,0,0,0,0,0,0,0,0,0,0,0,0,0,0,0,0
159,5,0,0,0,0,0,0,0,0,0,0,0,0,30,0,0,6,0,0,11
1590,0,0,0,0,0,15,0,0,0,0,0,0,0,0,0,0,0,0,0,0
1591,0,0,0,0,0,11,0,0,0,0,0,0,0,0,0,0,0,0,0,0
1592,0,0,0,0,0,15,0,0,0,0,0,0,0,0,0,0,0,0,0,0
1593,0,0,0,0,0,8,0,0,0,0,0,0,0,0,0,0,0,0,0,0
1595,0,0,0,14,0,0,0,0,0,0,0,0,0,0,0,0,0,0,0,0
1596,0,0,0,5,0,0,0,0,0,0,0,0,0,0,0,0,0,0,0,0
1597,0,0,0,0,0,0,11,0,0,0,0,0,0,0,0,0,0,0,0,0
1598,0,0,0,8,0,0,0,0,0,0,0,0,0,0,0,0,0,0,0,0
1599,0,0,0,11,0,0,0,0,0,0,0,0,0,0,0,0,0,0,0,0
16,0,0,0,0,0,0,0,0,0,0,0,0,0,31,0,0,16,0,0,7
160,9,0,0,0,0,0,0,0,0,0,0,0,0,35,0,0,15,0,0,11
1600,0,0,0,10,0,0,0,0,0,0,0,0,0,0,0,0,0,0,0,0
1601,0,0,0,0,0,0,9,0,0,0,0,0,0,0,0,0,0,0,0,0
1602,0,0,0,11,0,0,0,0,0,0,0,0,0,0,0,0,0,0,0,0
1603,0,0,0,7,0,0,0,0,0,0,0,0,0,0,0,0,0,0,0,0
1604,0,0,0,10,0,0,0,0,0,0,0,0,0,0,0,0,0,0,0,0
1605,0,0,0,13,0,0,0,0,0,0,0,0,0,0,0,0,0,0,0,0
1606,0,0,0,15,0,0,0,0,0,0,0,0,0,0,0,0,0,0,0,0
1607,0,0,0,0,0,9,0,0,0,0,0,0,0,0,0,0,0,0,0,0
1608,0,0,0,0,0,0,10,0,0,0,0,0,0,0,0,0,0,0,0,0
1609,0,0,0,0,0,0,0,0,0,5,0,0,0,0,0,0,0,0,0,0
161,9,0,0,0,0,0,0,0,0,0,0,0,0,24,0,0,14,0,5,0
1610,0,0,0,8,0,0,0,0,0,0,0,0,0,0,0,0,0,0,0,0
1611,0,0,0,15,0,0,0,0,0,0,0,0,0,0,0,0,0,0,0,0
1612,0,0,0,0,0,12,0,0,0,0,0,0,0,0,0,0,0,0,0,0
1613,0,0,0,0,0,11,0,0,0,0,0,0,0,0,0,0,0,0,0,0
1614,0,0,0,9,0,0,0,0,0,0,0,0,0,0,0,0,0,0,0,0
1615,0,0,0,0,0,7,0,0,0,0,0,0,0,0,0,0,0,0,0,0
1616,0,0,0,12,0,0,0,0,0,0,0,0,0,0,0,0,0,0,0,0
1618,0,0,0,6,0,0,0,0,0,0,0,0,0,0,0,0,0,0,0,0
1619,0,0,0,18,0,0,0,0,0,0,0,0,0,0,0,0,0,0,0,0
162,12,0,0,0,0,0,0,0,0,0,0,0,0,23,0,0,15,0,0,0
1620,0,0,0,0,0,10,0,0,0,0,0,0,0,0,0,0,0,0,0,0
1621,0,0,0,0,0,0,0,0,0,0,0,10,0,0,0,0,0,0,0,0
1622,0,0,0,0,0,13,0,0,0,0,0,0,0,0,0,0,0,0,0,0
1623,0,0,0,0,0,0,0,11,0,0,0,0,0,0,0,0,0,0,0,0
1624,0,0,0,10,0,0,0,0,0,0,0,0,0,0,0,0,0,0,0,0
1626,0,0,0,0,0,8,0,0,0,0,0,0,0,0,0,0,0,0,0,0
1629,0,0,0,0,0,9,0,0,0,0,0,0,0,0,0,0,0,0,0,0
163,6,0,0,0,0,0,0,0,0,0,0,0,0,32,0,0,26,0,6,0
1631,0,0,0,7,0,0,0,0,0,0,0,0,0,0,0,0,0,0,0,0
1632,0,0,0,0,0,0,6,0,0,0,0,0,0,0,0,0,0,0,0,0
1635,0,0,0,0,0,7,0,0,0,0,0,0,0,0,0,0,0,0,0,0
1636,0,0,0,0,0,0,0,0,0,7,0,0,0,0,0,0,0,0,0,0
1637,0,0,0,0,0,7,0,0,0,0,0,0,0,0,0,0,0,0,0,0
1639,0,0,0,0,0,5,0,0,0,0,0,0,0,0,0,0,0,0,0,0
164,9,0,0,0,0,0,0,0,0,0,0,0,0,34,0,0,23,0,0,0
1640,0,0,0,10,0,0,0,0,0,0,0,0,0,0,0,0,0,0,0,0
1641,0,0,0,17,0,0,0,0,0,0,0,0,0,0,0,0,0,0,0,0
1642,0,0,0,0,0,0,0,0,0,0,0,6,0,0,0,0,0,0,0,0
1643,0,0,0,0,0,10,0,0,0,0,0,0,0,0,0,0,0,0,0,0
1644,0,0,0,0,0,0,9,0,0,0,0,0,0,0,0,0,0,0,0,0
1646,0,0,0,8,0,0,0,0,0,0,0,0,0,0,0,0,0,0,0,0
1647,0,0,0,17,0,0,0,0,0,0,0,0,0,0,0,0,0,0,0,0
1648,0,0,0,0,0,0,0,0,0,12,0,0,0,0,0,0,0,0,0,0
1649,0,0,0,6,0,0,0,0,0,0,0,0,0,0,0,0,0,0,0,0
165,9,0,0,0,0,0,0,0,0,0,0,0,0,49,0,0,34,0,0,0
1650,0,0,0,10,0,0,0,0,0,0,0,0,0,0,0,0,0,0,0,0
1652,0,0,0,0,0,9,0,0,0,0,0,0,0,0,0,0,0,0,0,0
1653,0,0,0,6,0,0,0,0,0,0,0,0,0,0,0,0,0,0,0,0
1654,0,0,0,0,0,12,0,0,0,0,0,0,0,0,0,0,0,0,0,0
1656,0,0,8,6,0,0,0,0,0,0,0,0,0,0,0,0,0,0,0,0
1657,0,0,0,8,0,0,0,0,0,0,0,0,0,0,0,0,0,0,0,0
1658,0,0,0,0,0,16,0,0,0,0,0,0,0,0,0,0,0,0,0,0
1659,0,0,0,0,0,10,0,0,0,0,0,0,0,0,0,0,0,0,0,0
166,6,0,0,0,0,0,0,0,0,0,0,0,0,32,0,0,22,0,0,0
1660,0,0,0,0,0,0,0,0,0,11,0,0,0,0,0,0,0,0,0,0
1661,0,0,0,0,0,8,0,0,0,0,0,0,0,0,0,0,0,0,0,0
1662,0,0,0,0,0,13,0,0,0,0,0,0,0,0,0,0,0,0,0,0
1663,0,0,0,11,0,0,0,0,0,0,0,0,0,0,0,0,0,0,0,0
1664,0,0,0,0,0,0,0,0,11,0,0,0,0,0,0,0,0,0,0,0
1665,0,0,0,0,0,8,0,0,0,0,0,0,0,0,0,0,0,0,0,0
1667,0,0,0,0,0,0,0,0,0,9,0,0,0,0,0,0,0,0,0,0
1669,0,0,0,6,0,0,0,0,0,0,0,0,0,0,0,0,0,0,0,0
167,5,0,0,0,0,0,0,0,0,0,0,0,0,34,0,0,27,0,0,0
1670,0,0,0,0,0,0,0,0,0,0,0,0,8,0,0,0,0,0,0,0
1671,0,0,0,0,0,0,8,0,0,0,0,0,0,0,0,0,0,0,0,0
1672,0,0,0,6,0,0,0,0,0,0,0,0,0,0,0,0,0,0,0,0
1673,0,0,0,0,0,0,0,0,0,10,0,0,0,0,0,0,0,0,0,0
1675,0,0,0,0,0,17,0,0,0,0,0,0,0,0,0,0,0,0,0,0
1676,0,0,0,0,0,12,0,0,0,0,0,0,0,0,0,0,0,0,0,0
1678,0,0,0,8,0,0,0,0,0,0,0,0,0,0,0,0,0,0,0,0
1679,0,0,0,0,0,0,0,0,0,10,0,0,0,0,0,0,0,0,0,0
168,7,0,0,0,0,0,0,0,0,0,0,0,0,23,0,0,8,0,7,7
1680,0,0,0,0,0,6,0,0,0,0,0,0,0,0,0,0,0,0,0,0
1681,0,0,0,0,0,10,0,0,0,0,0,0,0,0,0,0,0,0,0,0
1682,0,0,0,0,0,0,0,0,0,7,0,0,0,0,0,0,0,0,0,0
1683,0,0,0,0,0,14,0,0,0,0,0,0,0,0,0,0,0,0,0,0
1684,0,0,0,10,0,0,0,0,0,0,0,0,0,0,0,0,0,0,0,0
1685,0,0,0,9,0,0,0,0,0,0,0,0,0,0,0,0,0,0,0,0
1686,0,0,0,0,0,6,0,0,0,0,0,0,0,0,0,0,0,0,0,0
1687,0,0,0,0,0,6,0,0,0,0,0,0,0,0,0,0,0,0,0,0
1688,0,0,0,0,0,0,0,0,0,10,0,0,0,0,0,0,0,0,0,0
1689,0,0,0,9,0,0,0,0,0,0,0,0,0,0,0,0,0,0,0,0
169,5,0,0,0,0,0,0,0,0,0,0,0,0,31,0,0,17,0,5,0
1690,0,0,0,0,0,12,0,0,0,0,0,0,0,0,0,0,0,0,0,0
1691,0,0,0,14,0,0,0,0,0,0,0,0,0,0,0,0,0,0,0,0
1692,0,0,0,6,0,0,0,0,0,0,0,0,0,0,0,0,0,0,0,0
1693,0,0,0,0,0,0,0,0,0,0,11,0,0,0,0,0,0,0,0,0
1694,0,0,0,8,0,0,0,0,0,0,0,0,0,0,0,0,0,0,0,0
1695,0,0,0,7,0,0,0,0,0,0,0,0,0,0,0,0,0,0,0,0
1696,0,0,0,11,0,0,0,0,0,0,0,0,0,0,0,0,0,0,0,0
1697,0,0,0,0,0,0,11,0,0,0,0,0,0,0,0,0,0,0,0,0
1698,0,0,0,0,0,7,0,0,0,0,0,0,0,0,0,0,0,0,0,0
1699,0,0,0,8,0,0,0,0,0,0,0,0,0,0,0,0,0,0,0,0
17,10,0,0,0,0,0,0,0,0,0,0,0,0,26,0,0,11,0,10,5
170,9,0,0,0,0,0,0,0,0,0,0,0,0,33,0,0,12,0,0,8
1700,0,0,0,10,0,0,0,0,0,0,0,0,0,0,0,0,0,0,0,0
1701,0,6,0,14,0,0,0,0,0,0,0,0,0,0,0,0,0,0,0,0
1705,0,0,0,0,0,0,0,0,0,0,6,0,0,0,0,0,0,0,0,0
1708,0,0,0,0,0,6,0,0,0,0,0,0,0,0,0,0,0,0,0,0
1709,0,0,0,0,0,0,0,5,0,0,0,0,0,0,0,0,0,0,0,0
171,9,0,0,0,0,0,0,0,0,0,0,0,0,38,0,0,19,0,0,8
1711,0,0,6,0,0,0,0,0,0,0,0,0,0,0,0,0,0,0,0,0
1713,0,0,0,0,0,11,0,0,0,0,0,0,0,0,0,0,0,0,0,0
1714,0,0,0,8,0,0,0,0,0,0,0,0,0,0,0,0,0,0,0,0
1715,0,0,0,5,0,0,0,0,0,0,0,0,0,0,0,0,0,0,0,0
1716,0,0,0,0,0,0,0,0,0,5,0,0,0,0,0,0,0,0,0,0
1717,0,0,0,0,0,9,0,0,0,0,0,0,0,0,0,0,0,0,0,0
1718,0,0,0,15,0,0,0,0,0,0,0,0,0,0,0,0,0,0,0,0
1719,0,0,0,6,0,0,0,0,0,0,0,0,0,0,0,0,0,0,0,0
172,5,0,0,0,0,0,0,0,0,0,0,0,0,38,0,0,13,0,0,16
1720,0,0,0,10,0,0,0,0,0,0,0,0,0,0,0,0,0,0,0,0
1722,0,0,0,11,0,0,0,0,0,0,0,0,0,0,0,0,0,0,0,0
1723,0,0,0,9,0,0,0,0,0,0,0,0,0,0,0,0,0,0,0,0
1724,0,0,0,0,0,5,0,0,0,0,0,0,0,0,0,0,0,0,0,0
1725,0,0,0,0,0,0,10,0,0,0,0,0,0,0,0,0,0,0,0,0
1726,0,0,0,13,0,0,0,0,0,0,0,0,0,0,0,0,0,0,0,0
1727,0,0,0,0,0,0,13,0,0,0,0,0,0,0,0,0,0,0,0,0
1728,0,0,0,7,0,0,0,0,0,0,0,0,0,0,0,0,0,0,0,0
1729,0,0,0,0,0,0,5,0,0,0,0,0,0,0,0,0,0,0,0,0
173,14,0,0,0,0,0,0,0,0,0,0,0,0,27,0,0,20,0,0,0
1730,0,0,0,15,0,0,0,0,0,0,0,0,0,0,0,0,0,0,0,0
1731,0,0,0,5,0,0,7,0,0,0,0,0,0,0,0,0,0,0,0,0
1734,0,0,0,0,0,6,0,0,0,0,0,0,0,0,0,0,0,0,0,0
1735,0,0,0,8,0,0,0,0,0,0,0,0,0,0,0,0,0,0,0,0
1736,0,0,0,0,0,7,0,0,0,0,0,0,0,0,0,0,0,0,0,0
1738,0,0,0,0,0,7,0,0,0,0,0,0,0,0,0,0,0,0,0,0
1739,0,0,0,0,0,0,12,0,0,0,0,0,0,0,0,0,0,0,0,0
174,8,0,0,0,0,0,0,0,0,0,0,0,0,31,0,0,11,0,0,8
1740,0,0,0,13,0,0,0,0,0,0,0,0,0,0,0,0,0,0,0,0
1741,0,0,0,6,0,0,0,0,0,0,0,0,0,0,0,0,0,0,0,0
1742,0,0,0,0,0,0,0,0,0,6,0,0,0,0,0,0,0,0,0,0
1743,0,0,0,0,0,15,0,0,0,0,0,0,0,0,0,0,0,0,0,0
1744,0,0,0,8,0,0,0,0,0,0,0,0,0,0,0,0,0,0,0,0
1745,0,0,0,5,0,0,0,0,0,0,0,0,0,0,0,0,0,0,0,0
1746,0,0,0,11,0,0,0,0,0,0,0,0,0,0,0,0,0,0,0,0
1747,0,0,0,12,0,0,0,0,0,0,0,0,0,0,0,0,0,0,0,0
1748,0,0,0,7,0,0,0,0,0,0,0,0,0,0,0,0,0,0,0,0
1749,0,0,0,9,0,0,0,0,0,0,0,0,0,0,0,0,0,0,0,0
175,5,0,0,0,0,0,0,0,0,0,0,0,0,33,0,0,22,0,0,5
1750,0,0,0,7,0,0,0,0,0,0,0,0,0,0,0,0,0,0,0,0
1754,0,0,0,17,0,0,0,0,0,0,0,0,0,0,0,0,0,0,0,0
1755,0,0,0,0,0,0,8,0,0,0,0,0,0,0,0,0,0,0,0,0
1756,0,0,0,6,0,0,0,0,0,0,0,0,0,0,0,0,0,0,0,0
1757,0,0,0,12,0,0,0,0,0,0,0,0,0,0,0,0,0,0,0,0
1758,0,0,0,8,0,0,0,0,0,0,0,0,0,0,0,0,0,0,0,0
1759,0,0,0,6,0,0,0,0,0,0,0,0,0,0,0,0,0,0,0,0
176,9,0,0,0,0,0,0,0,0,0,0,0,0,20,0,0,10,0,0,5
1760,0,0,0,16,0,0,0,0,0,0,0,0,0,0,0,0,0,0,0,0
1761,0,0,0,0,0,9,0,0,0,0,0,0,0,0,0,0,0,0,0,0
1762,0,0,0,0,0,0,0,0,0,8,0,0,0,0,0,0,0,0,0,0
1763,0,0,0,6,0,0,0,0,0,0,0,0,0,0,0,0,0,0,0,0
1764,0,0,0,0,0,9,0,0,0,0,0,0,0,0,0,0,0,0,0,0
1765,0,0,0,16,0,0,0,0,0,0,0,0,0,0,0,0,0,0,0,0
1766,0,0,0,0,0,6,0,0,0,0,0,0,0,0,0,0,0,0,0,0
1767,0,0,0,14,0,0,0,0,0,0,0,0,0,0,0,0,0,0,0,0
1768,0,0,0,6,0,0,0,0,0,0,0,0,0,0,0,0,0,0,0,0
1769,0,0,0,6,0,0,0,0,0,0,0,0,0,0,0,0,0,0,0,0
177,10,0,0,0,0,0,0,0,0,0,0,0,0,24,0,0,17,0,0,0
1770,0,0,0,11,0,0,0,0,0,0,0,0,0,0,0,0,0,0,0,0
1771,0,0,0,7,0,0,0,0,0,0,0,0,0,0,0,0,0,0,0,0
1772,0,0,0,10,0,0,0,0,0,0,0,0,0,0,0,0,0,0,0,0
1773,0,0,0,0,0,10,0,0,0,0,0,0,0,0,0,0,0,0,0,0
1777,0,0,0,0,0,17,0,0,0,0,0,0,0,0,0,0,0,0,0,0
1778,0,0,0,12,0,0,0,0,0,0,0,0,0,0,0,0,0,0,0,0
1779,0,0,0,9,0,0,0,0,0,0,0,0,0,0,0,0,0,0,0,0
178,8,0,0,0,0,0,0,0,0,0,0,0,0,43,0,0,36,0,0,0
1780,0,0,0,0,0,0,15,0,0,0,0,0,0,0,0,0,0,0,0,0
1781,0,0,0,5,0,0,0,0,0,0,0,0,0,0,0,0,0,0,0,0
1782,0,0,0,12,0,0,0,0,0,0,0,0,0,0,0,0,0,0,0,0
1783,0,0,0,0,0,0,10,0,0,0,0,0,0,0,0,0,0,0,0,0
1784,0,0,0,0,0,15,0,0,0,0,0,0,0,0,0,0,0,0,0,0
1786,0,0,0,13,0,0,0,0,0,0,0,0,0,0,0,0,0,0,0,0
1787,0,0,0,0,0,9,0,0,0,0,0,0,0,0,0,0,0,0,0,0
1789,0,0,0,8,0,0,0,0,0,0,0,0,0,0,0,0,0,0,0,0
179,0,0,0,0,0,0,0,0,0,0,0,0,0,35,0,0,20,0,0,6
1790,0,0,0,13,0,0,0,0,0,0,0,0,0,0,0,0,0,0,0,0
1791,0,0,0,0,0,6,0,0,0,0,0,0,0,0,0,0,0,0,0,0
1792,0,0,0,16,0,0,0,0,0,0,0,0,0,0,0,0,0,0,0,0
1793,0,0,0,0,0,0,17,0,0,0,0,0,0,0,0,0,0,0,0,0
1794,0,0,0,7,0,0,0,0,0,0,0,0,0,0,0,0,0,0,0,0
1795,0,0,0,0,0,0,0,0,0,12,0,0,0,0,0,0,0,0,0,0
1796,0,0,0,0,0,0,7,0,0,0,0,0,0,0,0,0,0,0,0,0
1797,0,0,0,9,0,0,0,0,0,0,0,0,0,0,0,0,0,0,0,0
1799,0,0,0,0,0,9,0,0,0,0,0,0,0,0,0,0,0,0,0,0
18,7,0,0,0,0,0,0,0,0,0,0,0,0,29,0,0,27,0,0,0
180,0,0,0,0,0,0,0,0,0,0,0,0,0,30,0,0,23,0,0,0
1801,0,0,0,0,0,15,0,0,0,0,0,0,0,0,0,0,0,0,0,0
1802,0,0,0,5,0,0,0,0,0,0,0,0,0,0,0,0,0,0,0,0
1803,0,0,0,17,0,0,0,0,0,0,0,0,0,0,0,0,0,0,0,0
1804,0,0,0,8,0,0,0,0,0,0,0,0,0,0,0,0,0,0,0,0
1805,0,0,0,6,0,0,0,0,0,0,0,0,0,0,0,0,0,0,0,0
1806,0,0,0,0,0,16,0,0,0,0,0,0,0,0,0,0,0,0,0,0
1807,0,0,0,0,0,0,12,0,0,0,0,0,0,0,0,0,0,0,0,0
1808,0,0,0,8,0,0,0,0,0,0,0,0,0,0,0,0,0,0,0,0
1809,0,0,0,0,0,0,0,0,0,7,0,0,0,0,0,0,0,0,0,0
181,8,0,0,0,0,0,0,0,0,0,0,0,0,23,0,0,12,0,0,0
1810,0,0,0,5,0,0,0,0,0,0,0,0,0,0,0,0,0,0,0,0
1811,0,0,0,0,0,10,0,0,0,0,0,0,0,0,0,0,0,0,0,0
1813,0,0,0,0,0,0,10,0,0,0,0,0,0,0,0,0,0,0,0,0
1814,0,0,0,5,0,0,0,0,0,0,0,0,0,0,0,0,0,0,0,0
1819,0,0,0,9,0,0,0,0,0,0,0,0,0,0,0,0,0,0,0,0
182,12,0,0,0,0,0,0,0,0,0,0,0,0,33,0,0,25,0,0,0
1820,0,0,0,0,0,11,0,0,0,0,0,0,0,0,0,0,0,0,0,0
1821,0,0,0,6,0,0,0,0,0,0,0,0,0,0,0,0,0,0,0,0
1822,0,0,0,0,0,0,0,0,0,11,0,0,0,0,0,0,0,0,0,0
1823,0,0,0,0,0,0,0,0,0,0,0,0,9,0,0,0,0,0,0,0
1824,0,0,0,9,0,0,0,0,0,0,0,0,0,0,0,0,0,0,0,0
1825,0,0,0,0,0,0,0,0,8,0,0,0,0,0,0,0,0,0,0,0
1826,0,0,0,11,0,0,0,0,0,0,0,0,0,0,0,0,0,0,0,0
1827,0,0,6,5,0,0,0,0,0,0,0,0,0,0,0,0,0,0,0,0
1828,0,0,0,16,0,0,0,0,0,0,0,0,0,0,0,0,0,0,0,0
1829,0,0,0,0,0,0,0,0,0,5,0,0,0,0,0,0,0,0,0,0
183,0,0,0,0,0,0,0,0,0,0,0,0,0,31,0,0,10,0,7,8
1830,0,0,0,0,0,0,0,0,0,0,0,0,5,0,0,0,0,0,0,0
1831,0,0,0,0,0,6,0,0,0,0,0,0,0,0,0,0,0,0,0,0
1832,0,0,0,6,0,0,0,0,0,0,0,0,0,0,0,0,0,0,0,0
1833,0,0,0,0,0,13,0,0,0,0,0,0,0,0,0,0,0,0,0,0
1834,0,0,0,0,0,0,0,0,0,7,0,0,0,0,0,0,0,0,0,0
1835,0,0,0,0,0,5,0,0,0,0,0,0,0,0,0,0,0,0,0,0
1836,0,0,0,11,0,0,0,0,0,0,0,0,0,0,0,0,0,0,0,0
1837,0,0,0,0,0,11,0,0,0,0,0,0,0,0,0,0,0,0,0,0
1838,0,0,0,0,0,0,0,0,0,5,0,0,0,0,0,0,0,0,0,0
1839,0,0,0,11,0,0,0,0,0,0,0,0,0,0,0,0,0,0,0,0
184,9,0,0,0,0,0,0,0,0,0,0,0,0,35,0,0,10,0,8,11
1840,0,0,0,0,0,6,0,0,0,0,0,0,0,0,0,0,0,0,0,0
1841,0,0,0,0,0,0,0,0,0,0,0,7,0,0,0,0,0,0,0,0
1842,0,0,0,5,0,0,0,0,0,0,0,0,0,0,0,0,0,0,0,0
1843,0,0,0,9,0,0,0,0,0,0,0,0,0,0,0,0,0,0,0,0
1844,0,0,0,0,0,0,0,0,0,7,0,0,0,0,0,0,0,0,0,0
1845,0,0,0,0,0,0,12,0,0,0,0,0,0,0,0,0,0,0,0,0
1847,0,0,0,5,0,0,0,0,0,0,0,0,0,0,0,0,0,0,0,0
1848,0,0,0,0,0,11,0,0,0,0,0,0,0,0,0,0,0,0,0,0
185,7,0,0,0,0,0,0,0,0,0,0,0,0,30,0,0,23,0,0,0
1850,0,0,0,8,0,0,0,0,0,0,0,0,0,0,0,0,0,0,0,0
1851,0,0,0,0,0,9,0,0,0,0,0,0,0,0,0,0,0,0,0,0
1852,0,0,0,0,0,7,0,0,0,0,0,0,0,0,0,0,0,0,0,0
1853,0,0,0,0,0,9,0,0,0,0,0,0,0,0,0,0,0,0,0,0
1854,0,0,0,0,0,12,0,0,0,0,0,0,0,0,0,0,0,0,0,0
1855,0,0,0,5,0,0,0,0,0,0,0,0,0,0,0,0,0,0,0,0
1857,0,0,0,0,0,0,0,0,0,11,0,0,0,0,0,0,0,0,0,0
1858,0,0,0,0,0,0,9,0,0,0,0,0,0,0,0,0,0,0,0,0
1859,0,0,0,10,0,0,0,0,0,0,0,0,0,0,0,0,0,0,0,0
186,7,0,0,0,0,0,0,0,0,0,0,0,0,28,0,0,14,0,0,5
1860,0,0,0,0,0,0,0,0,0,5,0,0,0,0,0,0,0,0,0,0
1861,0,0,0,8,0,0,0,0,0,0,0,0,0,0,0,0,0,0,0,0
1862,0,0,0,7,0,0,0,0,0,0,0,0,0,0,0,0,0,0,0,0
1863,0,0,0,16,0,0,0,0,0,0,0,0,0,0,0,0,0,0,0,0
1864,0,0,0,5,0,0,0,0,0,0,0,0,0,0,0,0,0,0,0,0
1865,0,0,0,6,0,0,0,0,0,0,0,0,0,0,0,0,0,0,0,0
1866,0,0,0,11,0,0,0,0,0,0,0,0,0,0,0,0,0,0,0,0
1867,0,0,0,0,0,13,0,0,0,0,0,0,0,0,0,0,0,0,0,0
1868,0,0,0,0,0,12,0,0,0,0,0,0,0,0,0,0,0,0,0,0
1869,0,0,0,0,0,0,0,0,0,11,0,0,0,0,0,0,0,0,0,0
187,6,0,0,0,0,0,0,0,0,0,0,0,0,37,0,0,10,0,0,15
1870,0,0,0,0,0,0,0,0,8,0,0,0,0,0,0,0,0,0,0,0
1871,0,0,0,0,0,14,0,0,0,0,0,0,0,0,0,0,0,0,0,0
1872,0,0,0,11,0,0,0,0,0,0,0,0,0,0,0,0,0,0,0,0
1873,0,0,0,0,0,0,7,0,0,0,0,0,0,0,0,0,0,0,0,0
1875,0,0,0,0,0,7,0,0,0,0,0,0,0,0,0,0,0,0,0,0
1876,0,0,0,0,0,6,0,0,0,0,0,0,0,0,0,0,0,0,0,0
1877,0,0,0,5,0,0,0,0,0,0,0,0,0,0,0,0,0,0,0,0
1878,0,0,0,0,0,0,0,8,0,0,0,0,0,0,0,0,0,0,0,0
1879,0,0,0,9,0,0,0,0,0,0,0,0,0,0,0,0,0,0,0,0
188,11,0,0,0,0,0,0,0,0,0,0,0,0,35,0,0,18,0,5,7
1881,0,0,0,0,0,0,0,0,0,16,0,0,0,0,0,0,0,0,0,0
1882,0,0,0,10,0,0,0,0,0,0,0,0,0,0,0,0,0,0,0,0
1883,0,0,0,6,0,0,0,0,0,0,0,0,0,0,0,0,0,0,0,0
1884,0,0,0,0,0,8,0,0,0,0,0,0,0,0,0,0,0,0,0,0
1885,0,0,0,5,0,0,0,0,0,0,0,0,0,0,0,0,0,0,0,0
1886,0,0,0,0,0,18,0,0,0,0,0,0,0,0,0,0,0,0,0,0
1887,0,0,0,10,0,0,0,0,0,0,0,0,0,0,0,0,0,0,0,0
1888,0,0,0,0,0,0,0,0,0,0,0,0,11,0,0,0,0,0,0,0
1889,0,0,0,5,0,0,0,0,0,0,0,0,0,0,0,0,0,0,0,0
189,9,0,0,0,0,0,0,0,0,0,0,0,0,28,0,0,21,0,0,0
1890,0,0,0,0,0,9,0,0,0,0,0,0,0,0,0,0,0,0,0,0
1891,0,0,0,14,0,0,0,0,0,0,0,0,0,0,0,0,0,0,0,0
1892,0,0,0,0,0,8,0,0,0,0,0,0,0,0,0,0,0,0,0,0
1893,0,0,0,0,0,0,11,0,0,0,0,0,0,0,0,0,0,0,0,0
1894,0,0,0,5,0,5,0,0,0,0,0,0,0,0,0,0,0,0,0,0
1895,0,0,0,8,0,0,0,0,0,0,0,0,0,0,0,0,0,0,0,0
1896,0,0,0,0,0,9,0,0,0,0,0,0,0,0,0,0,0,0,0,0
1897,0,0,0,16,0,0,0,0,0,0,0,0,0,0,0,0,0,0,0,0
1898,0,0,0,9,0,0,0,0,0,0,0,0,0,0,0,0,0,0,0,0
1899,0,0,0,11,0,0,0,0,0,0,0,0,0,0,0,0,0,0,0,0
19,5,0,0,0,0,0,0,0,0,0,0,0,0,26,0,0,17,0,7,0
190,12,0,0,0,0,0,0,0,0,0,0,0,0,35,0,0,30,0,0,0
1900,0,0,0,0,0,0,12,0,0,0,0,0,0,0,0,0,0,0,0,0
1901,0,0,0,0,0,13,0,0,0,0,0,0,0,0,0,0,0,0,0,0
1902,0,0,0,0,0,0,0,0,0,8,0,0,0,0,0,0,0,0,0,0
1903,0,0,6,9,0,0,0,0,0,0,0,0,0,0,0,0,0,0,0,0
1904,0,0,0,0,0,0,12,0,0,0,0,0,0,0,0,0,0,0,0,0
1905,0,0,0,0,0,0,12,0,0,0,0,0,0,0,0,0,0,0,0,0
1906,0,0,0,0,0,0,0,0,0,7,0,0,0,0,0,0,0,0,0,0
1907,0,0,0,8,0,0,0,0,0,0,0,0,0,0,0,0,0,0,0,0
1908,0,0,0,6,0,0,0,0,0,0,0,0,0,0,0,0,0,0,0,0
1909,0,0,0,7,0,0,0,0,0,0,0,0,0,0,0,0,0,0,0,0
191,9,0,0,0,0,0,0,0,0,0,0,0,0,30,0,0,18,0,0,0
1910,0,0,0,10,0,0,0,0,0,0,0,0,0,0,0,0,0,0,0,0
1911,0,0,0,16,0,0,0,0,0,0,0,0,0,0,0,0,0,0,0,0
1912,0,0,0,5,0,0,0,0,0,0,0,0,0,0,0,0,0,0,0,0
1913,0,0,0,14,0,0,0,0,0,0,0,0,0,0,0,0,0,0,0,0
1915,0,0,0,11,0,0,0,0,0,0,0,0,0,0,0,0,0,0,0,0
1916,0,0,0,0,0,9,0,0,0,0,0,0,0,0,0,0,0,0,0,0
1917,0,0,0,10,0,0,0,0,0,0,0,0,0,0,0,0,0,0,0,0
1918,0,0,0,6,0,0,0,0,0,0,0,0,0,0,0,0,0,0,0,0
192,12,0,0,0,0,0,0,0,0,0,0,0,0,37,0,0,31,0,0,0
1920,0,0,0,0,0,5,0,0,0,0,0,0,0,0,0,0,0,0,0,0
1921,0,0,0,9,0,0,0,0,0,0,0,0,0,0,0,0,0,0,0,0
1922,0,0,0,12,0,0,0,0,0,0,0,0,0,0,0,0,0,0,0,0
1923,0,0,0,5,0,0,0,0,0,0,0,0,0,0,0,0,0,0,0,0
1924,0,0,0,0,0,5,0,0,0,0,0,0,0,0,0,0,0,0,0,0
1925,0,0,0,7,0,0,0,0,0,0,0,0,0,0,0,0,0,0,0,0
1926,0,0,0,9,0,0,0,0,0,0,0,0,0,0,0,0,0,0,0,0
1927,0,0,0,0,0,9,0,0,0,0,0,0,0,0,0,0,0,0,0,0
1928,0,0,0,0,0,0,0,0,0,12,0,0,0,0,0,0,0,0,0,0
193,7,0,0,0,0,0,0,0,0,0,0,0,0,34,0,0,17,0,0,5
1930,0,0,0,0,0,0,0,0,0,0,0,0,6,0,0,0,0,0,0,0
1931,0,0,0,11,0,0,0,0,0,0,0,0,0,0,0,0,0,0,0,0
1932,0,0,0,0,0,0,12,0,0,0,0,0,0,0,0,0,0,0,0,0
1933,0,0,0,9,0,0,0,0,0,0,0,0,0,0,0,0,0,0,0,0
1936,0,0,0,7,0,0,0,0,0,0,0,0,0,0,0,0,0,0,0,0
1937,0,0,0,8,0,0,0,0,0,0,0,0,0,0,0,0,0,0,0,0
1938,0,0,0,0,0,14,0,0,0,0,0,0,0,0,0,0,0,0,0,0
1939,0,0,0,0,0,0,5,0,0,0,0,0,0,0,0,0,0,0,0,0
194,9,0,0,0,0,0,0,0,0,0,0,0,0,27,0,0,14,0,7,9
1940,0,0,0,0,0,0,12,0,0,0,0,0,0,0,0,0,0,0,0,0
1942,0,0,0,5,0,0,0,0,0,0,0,0,0,0,0,0,0,0,0,0
1944,0,0,0,0,0,12,0,0,0,0,0,0,0,0,0,0,0,0,0,0
1945,0,0,0,12,0,0,0,0,0,0,0,0,0,0,0,0,0,0,0,0
1946,0,0,0,9,0,0,0,0,0,0,0,0,0,0,0,0,0,0,0,0
1948,0,0,0,10,0,0,0,0,0,0,0,0,0,0,0,0,0,0,0,0
1949,0,0,0,7,0,0,0,0,0,0,0,0,0,0,0,0,0,0,0,0
195,11,0,0,0,0,0,0,0,0,0,0,0,0,26,0,0,9,0,5,8
1950,0,0,0,10,0,0,0,0,0,0,0,0,0,0,0,0,0,0,0,0
1951,0,0,0,9,0,0,0,0,0,0,0,0,0,0,0,0,0,0,0,0
1953,0,0,0,0,0,0,0,0,0,15,0,0,0,0,0,0,0,0,0,0
1954,0,0,0,0,0,0,0,0,0,0,0,7,0,0,0,0,0,0,0,0
1955,0,0,0,0,0,0,0,0,6,0,0,0,0,0,0,0,0,0,0,0
1956,0,0,0,0,0,0,10,0,0,0,0,0,0,0,0,0,0,0,0,0
1957,0,0,0,6,0,0,0,0,0,0,0,0,0,0,0,0,0,0,0,0
1959,0,0,0,16,0,0,0,0,0,0,0,0,0,0,0,0,0,0,0,0
196,10,0,0,0,0,0,0,0,0,0,0,0,0,20,0,0,6,0,0,5
1960,0,0,0,0,0,8,0,0,0,0,0,0,0,0,0,0,0,0,0,0
1961,0,0,0,0,0,8,0,0,0,0,0,0,0,0,0,0,0,0,0,0
1962,0,0,0,0,0,8,0,0,0,0,0,0,0,0,0,0,0,0,0,0
1963,0,0,0,0,0,5,0,0,0,0,0,0,0,0,0,0,0,0,0,0
1964,0,0,0,8,0,0,0,0,0,0,0,0,0,0,0,0,0,0,0,0
1965,0,0,0,0,0,0,9,0,0,0,0,0,0,0,0,0,0,0,0,0
1966,0,0,0,0,0,11,0,0,0,0,0,0,0,0,0,0,0,0,0,0
1967,0,0,0,9,0,0,0,0,0,0,0,0,0,0,0,0,0,0,0,0
1968,0,0,0,0,0,7,0,0,0,0,0,0,0,0,0,0,0,0,0,0
197,6,0,0,0,0,0,0,0,0,0,0,0,0,37,5,0,26,0,0,0
1970,0,0,0,6,0,0,0,0,0,0,0,0,0,0,0,0,0,0,0,0
1971,0,0,0,8,0,0,0,0,0,0,0,0,0,0,0,0,0,0,0,0
1972,0,0,0,9,0,0,0,0,0,0,0,0,0,0,0,0,0,0,0,0
1973,0,0,0,0,0,0,9,0,0,0,0,0,0,0,0,0,0,0,0,0
1974,0,0,0,9,0,0,0,0,0,0,0,0,0,0,0,0,0,0,0,0
1975,0,0,0,6,0,0,0,0,0,0,0,0,0,0,0,0,0,0,0,0
1976,0,0,0,0,0,0,0,0,0,0,0,0,9,0,0,0,0,0,0,0
1977,0,0,0,0,0,7,0,0,0,0,0,0,0,0,0,0,0,0,0,0
1978,0,0,0,0,0,8,0,0,0,0,0,0,0,0,0,0,0,0,0,0
198,5,0,0,0,0,0,0,0,0,0,0,0,0,33,0,0,29,0,0,0
1982,0,0,0,0,0,7,0,0,0,0,0,0,0,0,0,0,0,0,0,0
1983,0,0,0,7,0,0,0,0,0,0,0,0,0,0,0,0,0,0,0,0
1986,0,0,0,13,0,0,0,0,0,0,0,0,0,0,0,0,0,0,0,0
1987,0,0,0,0,0,11,0,0,0,0,0,0,0,0,0,0,0,0,0,0
1988,0,0,0,11,0,0,0,0,0,0,0,0,0,0,0,0,0,0,0,0
1989,0,0,0,6,0,0,0,0,0,0,0,0,0,0,0,0,0,0,0,0
199,12,0,0,0,0,0,0,0,0,0,0,0,0,31,0,0,16,0,0,8
1990,0,0,0,0,0,8,0,0,0,0,0,0,0,0,0,0,0,0,0,0
1991,0,0,0,0,0,5,0,0,0,0,0,0,0,0,0,0,0,0,0,0
1992,0,0,0,20,0,0,0,0,0,0,0,0,0,0,0,0,0,0,0,0
1993,0,0,0,0,0,8,0,0,0,0,0,0,0,0,0,0,0,0,0,0
1994,0,0,0,0,0,0,0,0,0,0,0,0,6,0,0,0,0,0,0,0
1995,0,0,0,0,0,9,0,0,0,0,0,0,0,0,0,0,0,0,0,0
1997,0,0,0,0,0,5,0,0,0,0,0,0,0,0,0,0,0,0,0,0
1998,0,0,0,0,0,8,0,0,0,0,0,0,0,0,0,0,0,0,0,0
1999,0,0,0,7,0,0,0,0,0,0,0,0,0,0,0,0,0,0,0,0
2,12,0,0,0,0,0,0,0,0,0,0,0,0,36,0,0,11,0,0,13
20,7,0,0,0,0,0,0,0,0,0,0,0,0,29,0,0,12,0,7,6
200,8,0,0,0,0,0,0,0,0,0,0,0,0,35,0,0,26,0,0,0
201,9,0,0,0,0,0,0,0,0,0,0,0,0,29,0,0,21,0,0,0
202,5,0,0,0,0,0,0,0,0,0,0,0,0,28,0,0,10,0,0,8
203,6,0,0,0,0,0,0,0,0,0,0,0,0,22,0,0,9,0,5,5
204,13,0,0,0,0,0,0,0,0,0,0,0,0,29,0,0,23,0,0,0
205,7,0,0,0,0,0,0,0,0,0,0,0,0,33,0,0,15,0,9,6
206,9,0,0,0,0,0,0,0,0,0,0,0,0,24,0,0,5,0,0,13
207,8,0,0,0,0,0,0,0,0,0,0,0,0,32,0,0,21,0,0,0
208,0,0,0,0,0,0,0,0,0,0,0,0,0,41,0,0,11,0,9,11
209,0,0,0,0,0,0,0,0,0,0,0,0,0,37,0,0,16,0,9,10
21,7,0,0,0,0,0,0,0,0,0,0,0,0,49,0,0,26,0,0,7
210,13,0,0,0,0,0,0,0,0,0,0,0,0,40,0,0,16,0,0,11
211,6,0,0,0,0,0,0,0,0,0,0,0,0,31,0,0,15,0,0,5
212,10,0,0,0,0,0,0,0,0,0,0,0,0,42,0,0,15,0,5,8
213,8,0,0,0,0,0,0,0,0,0,0,0,0,38,0,0,8,0,0,11
214,6,0,0,0,0,0,0,0,0,0,0,0,0,40,0,0,27,0,0,0
215,11,0,0,0,0,0,0,0,0,0,0,0,0,34,0,0,11,0,8,7
216,5,0,0,0,0,0,0,0,0,0,0,0,0,33,0,0,23,0,0,0
217,5,0,0,0,0,0,0,0,0,0,0,0,0,28,0,0,15,0,0,6
218,0,0,0,0,0,0,0,0,0,0,0,0,0,32,0,0,26,0,0,0
219,10,0,0,0,0,0,0,0,0,0,0,0,0,39,0,0,29,0,0,0
22,6,0,0,0,0,0,0,0,0,0,0,0,0,34,0,0,13,0,0,6
220,7,0,0,0,0,0,0,0,0,0,0,0,0,27,0,0,21,0,0,0
221,14,0,0,0,0,0,0,0,0,0,0,0,0,33,0,0,16,0,6,7
222,8,0,0,0,0,0,0,0,0,0,0,0,0,45,0,0,35,0,5,0
223,0,0,0,0,0,0,0,0,0,0,0,0,0,34,0,0,18,0,0,6
224,6,0,0,0,0,0,0,0,0,0,0,0,0,33,0,0,9,0,5,11
225,7,0,0,0,0,0,0,0,0,0,0,0,0,30,0,0,10,0,0,10
226,0,0,0,0,0,0,0,0,0,0,0,0,0,37,0,0,25,0,0,0
227,5,0,0,0,0,0,0,0,0,0,0,0,0,35,0,0,17,0,0,7
228,7,0,0,0,0,0,0,0,0,0,0,0,0,30,0,0,25,0,0,0
229,12,0,0,0,0,0,0,0,0,0,0,0,0,32,0,0,21,0,0,0
23,8,0,0,0,0,0,0,0,0,0,0,0,0,31,0,0,12,0,5,9
230,5,0,0,0,0,0,0,0,0,0,0,0,0,36,0,0,20,0,0,6
231,7,0,0,0,0,0,0,0,0,0,0,0,0,30,0,0,19,0,0,0
232,7,0,0,0,0,0,0,0,0,0,0,0,0,36,0,0,26,0,0,0
233,5,0,0,0,0,0,0,0,0,0,0,0,0,29,0,0,0,0,8,10
234,16,0,0,0,0,0,0,0,0,0,0,0,0,30,0,0,6,0,6,11
235,6,0,0,0,0,0,0,0,0,0,0,0,0,39,0,0,23,0,0,5
236,10,0,0,0,0,0,0,0,0,0,0,0,0,32,0,0,8,0,7,11
237,8,0,0,0,0,0,0,0,0,0,0,0,0,30,0,0,12,0,8,10
238,13,0,0,0,0,0,0,0,0,0,0,0,0,44,0,0,38,0,0,0
239,0,0,0,0,0,0,0,0,0,0,0,0,0,36,0,0,21,0,0,0
24,8,0,0,0,0,0,0,0,0,0,0,0,0,19,0,0,7,0,0,0
240,10,0,0,0,0,0,0,0,0,0,0,0,0,28,0,0,13,0,7,5
241,5,0,0,0,0,0,0,0,0,0,0,0,0,27,0,0,17,0,0,0
242,11,0,0,0,0,0,0,0,0,0,0,0,0,25,0,0,19,0,6,0
243,10,0,0,0,0,0,0,0,0,0,0,0,0,33,0,0,30,0,0,0
244,7,0,0,0,0,0,0,0,0,0,0,0,0,29,0,0,19,0,6,0
245,5,0,0,0,0,0,0,0,0,0,0,0,0,32,0,0,10,0,6,9
246,7,0,0,0,0,0,0,0,0,0,0,0,0,36,0,0,14,0,7,10
247,9,0,0,0,0,0,0,0,0,0,0,0,0,38,0,0,14,0,0,10
248,0,0,0,0,0,0,0,0,0,0,0,0,0,33,0,0,24,0,5,0
249,0,0,0,0,0,0,0,0,0,0,0,0,0,31,0,0,24,0,0,0
25,7,0,0,0,0,0,0,0,0,0,0,0,0,21,0,0,8,0,0,6
250,7,0,0,0,0,0,0,0,0,0,0,0,0,29,0,0,9,0,0,11
251,14,0,0,0,0,0,0,0,0,0,0,0,0,32,0,0,10,0,0,9
252,10,0,0,0,0,0,0,0,0,0,0,0,0,42,0,0,28,0,0,0
253,8,0,0,0,0,0,0,0,0,0,0,0,0,27,0,0,13,0,0,6
254,0,0,0,0,0,0,0,0,0,0,0,0,0,34,0,0,32,0,0,0
255,8,0,0,0,0,0,0,0,0,0,0,0,0,28,0,0,13,0,0,6
256,0,0,0,0,0,0,0,0,0,0,0,0,0,29,0,0,17,0,0,0
257,9,0,0,0,0,0,0,0,0,0,0,0,0,33,5,0,29,0,0,0
258,10,0,0,0,0,0,0,0,0,0,0,0,0,29,0,0,10,0,6,7
259,9,0,0,0,0,0,0,0,0,0,0,0,0,32,0,0,9,0,7,13
26,8,0,0,0,0,0,0,0,0,0,0,0,0,35,0,0,26,0,6,0
260,7,0,0,0,0,0,0,0,0,0,0,0,0,34,0,0,15,0,0,6
261,5,0,0,0,0,0,0,0,0,0,0,0,0,29,0,0,13,0,0,0
262,10,0,0,0,0,0,0,0,0,0,0,0,0,18,0,0,12,0,0,0
263,7,0,0,0,0,0,0,0,0,0,0,0,0,22,0,0,11,0,0,7
264,7,0,0,0,0,0,0,0,0,0,0,0,0,36,0,0,21,0,5,6
265,6,0,0,0,0,0,0,0,0,0,0,0,0,29,0,0,20,0,0,0
266,10,0,0,0,0,0,0,0,0,0,0,0,0,26,0,0,19,0,0,0
267,5,0,0,0,0,0,0,0,0,0,0,0,0,26,0,0,12,0,0,5
268,0,0,0,0,0,0,0,0,0,0,0,0,0,34,0,0,11,0,0,14
269,8,0,0,0,0,0,0,0,0,0,0,0,0,32,0,0,18,0,0,6
27,12,0,0,0,0,0,0,0,0,0,0,0,0,35,0,0,19,0,0,0
270,5,0,0,0,0,0,0,0,0,0,0,0,0,33,0,0,14,0,0,12
271,13,0,0,0,0,0,0,0,0,0,0,0,0,26,0,0,21,0,5,0
272,11,0,0,0,0,0,0,0,0,0,0,0,0,31,0,0,23,0,0,0
273,9,0,0,0,0,0,0,0,0,0,0,0,0,26,0,0,17,0,0,0
274,8,0,0,0,0,0,0,0,0,0,0,0,0,39,0,0,32,0,0,0
275,8,0,0,0,0,0,0,0,0,0,0,0,0,34,0,0,15,0,6,6
276,8,0,0,0,0,0,0,0,0,0,0,0,0,34,0,0,11,0,0,6
277,14,0,0,0,0,0,0,0,0,0,0,0,0,32,0,0,22,0,0,0
278,8,0,0,0,0,0,0,0,0,0,0,0,0,38,0,0,30,0,0,0
279,11,0,0,0,0,0,0,0,0,0,0,0,0,31,0,0,12,0,0,9
28,6,0,0,0,0,0,0,0,0,0,0,0,0,33,0,0,7,0,0,13
280,9,0,0,0,0,0,0,0,0,0,0,0,0,22,0,0,10,0,7,6
281,8,0,0,0,0,0,0,0,0,0,0,0,0,32,0,0,12,0,5,9
282,11,0,0,0,0,0,0,0,0,0,0,0,0,35,0,0,27,0,0,0
283,7,0,0,0,0,0,0,0,0,0,0,0,0,27,0,0,13,0,5,6
284,5,0,0,0,0,0,0,0,0,0,0,0,0,21,0,0,0,0,0,8
285,12,0,0,0,0,0,0,0,0,0,0,0,0,26,0,0,12,0,0,5
286,0,0,0,0,0,0,0,0,0,0,0,0,0,31,0,0,13,0,6,6
287,0,0,0,0,0,0,0,0,0,0,0,0,0,31,0,0,25,0,0,0
288,0,0,0,0,0,0,0,0,0,0,0,0,0,33,0,0,24,0,0,0
289,6,0,0,0,0,0,0,0,0,0,0,0,0,35,0,0,24,0,0,6
29,0,0,0,0,0,0,0,0,0,0,0,0,0,43,0,0,25,0,0,7
290,6,0,0,0,0,0,0,0,0,0,0,0,0,21,0,0,9,0,0,5
291,9,0,0,0,0,0,0,0,0,0,0,0,0,31,0,0,14,0,0,5
292,9,0,0,0,0,0,0,0,0,0,0,0,0,32,0,0,11,0,0,9
293,12,0,0,0,0,0,0,0,0,0,0,0,0,31,0,0,13,0,0,6
294,0,0,0,0,0,0,0,0,0,0,0,0,0,23,0,0,8,0,0,6
295,11,0,0,0,0,0,0,0,0,0,0,0,0,36,0,0,31,0,5,0
296,6,0,0,0,0,0,0,0,0,0,0,0,0,29,0,0,20,0,0,0
297,6,0,0,0,0,0,0,0,0,0,0,0,0,28,0,0,8,0,0,9
298,8,0,0,0,0,0,0,0,0,0,0,0,0,22,0,0,12,0,0,0
299,10,0,0,0,0,0,0,0,0,0,0,0,0,36,0,0,15,0,7,10
3,8,0,0,0,0,0,0,0,0,0,0,0,0,28,0,0,9,0,6,9
30,8,0,0,0,0,0,0,0,0,0,0,0,0,39,0,0,21,0,0,10
300,6,0,0,0,0,0,0,0,0,0,0,0,0,30,0,0,14,0,8,0
301,6,0,0,0,0,0,0,0,0,0,0,0,0,31,0,0,23,0,0,0
302,6,0,0,0,0,0,0,0,0,0,0,0,0,23,0,0,10,0,0,6
303,6,0,0,0,0,0,0,0,0,0,0,0,0,24,0,0,6,0,5,8
304,7,0,0,0,0,0,0,0,0,0,0,0,0,26,0,0,19,0,0,0
305,9,0,0,0,0,0,0,0,0,0,0,0,0,31,0,0,13,0,6,9
306,8,0,0,0,0,0,0,0,0,0,0,0,0,31,0,0,22,0,0,0
307,11,0,0,0,0,0,0,0,0,0,0,0,0,33,0,0,24,0,0,0
308,12,0,0,0,0,0,0,0,0,0,0,0,0,32,0,0,11,0,0,7
309,8,0,0,0,0,0,0,0,0,0,0,0,0,42,0,0,12,0,0,17
31,10,0,0,0,0,0,0,0,0,0,0,0,0,36,0,0,31,0,0,0
310,9,0,0,0,0,0,0,0,0,0,0,0,0,32,0,0,23,0,0,6
311,9,0,0,0,0,0,0,0,0,0,0,0,0,27,0,0,12,0,8,6
312,7,0,0,0,0,0,0,0,0,0,0,0,0,30,0,0,18,0,0,0
313,12,0,0,0,0,0,0,0,0,0,0,0,0,28,0,0,19,0,0,0
314,10,0,0,0,0,0,0,0,0,0,0,0,0,32,0,0,16,0,6,8
315,0,0,0,0,0,0,0,0,0,0,0,0,0,29,0,0,27,0,0,0
316,7,0,0,0,0,0,0,0,0,0,0,0,0,33,0,0,33,0,0,0
317,6,0,0,0,0,0,0,0,0,0,0,0,0,29,0,0,12,0,5,6
318,6,0,0,0,0,0,0,0,0,0,0,0,0,40,0,0,9,0,0,13
319,12,0,0,0,0,0,0,0,0,0,0,0,0,48,0,0,18,0,0,14
32,0,0,0,0,0,0,0,0,0,0,0,0,0,29,0,0,11,0,6,6
320,10,0,0,0,0,0,0,0,0,0,0,0,0,33,0,0,13,0,0,10
321,5,0,0,0,0,0,0,0,0,0,0,0,0,30,0,0,22,0,0,0
322,9,0,0,0,0,0,0,0,0,0,0,0,0,21,0,0,7,0,0,8
323,13,0,0,0,0,0,0,0,0,0,0,0,0,31,0,0,18,0,5,6
324,7,0,0,0,0,0,0,0,0,0,0,0,0,32,0,0,15,0,0,5
325,14,0,0,0,0,0,0,0,0,0,0,0,0,30,0,0,12,0,0,0
326,5,0,0,0,0,0,0,0,0,0,0,0,0,37,0,0,23,0,6,0
327,9,0,0,0,0,0,0,0,0,0,0,0,0,36,0,0,24,0,0,0
328,5,0,0,0,0,0,0,0,0,0,0,0,0,32,0,0,13,0,8,10
329,10,0,0,0,0,0,0,0,0,0,0,0,0,24,0,0,11,0,5,5
33,6,0,0,0,0,0,0,0,0,0,0,0,0,35,0,0,25,0,0,0
330,7,0,0,0,0,0,0,0,0,0,0,0,0,31,0,0,18,0,5,7
331,7,0,0,0,0,0,0,0,0,0,0,0,0,29,0,0,14,0,6,5
332,9,0,0,0,0,0,0,0,0,0,0,0,0,24,0,0,19,0,0,0
333,10,0,0,0,0,0,0,0,0,0,0,0,0,28,0,0,14,0,0,8
334,12,0,0,0,0,0,0,0,0,0,0,0,0,38,0,0,6,0,0,14
335,5,0,0,0,0,0,0,0,0,0,0,0,0,46,0,0,33,0,0,5
336,11,0,0,0,0,0,0,0,0,0,0,0,0,26,0,0,8,0,0,0
337,8,0,0,0,0,0,0,0,0,0,0,0,0,30,0,0,11,0,6,9
338,7,0,0,0,0,0,0,0,0,0,0,0,0,39,0,0,24,0,7,6
339,7,0,0,0,0,0,0,0,0,0,0,0,0,35,0,0,25,0,0,0
34,7,0,0,0,0,0,0,0,0,0,0,0,0,32,0,0,12,0,0,10
340,8,0,0,0,0,0,0,0,0,0,0,0,0,33,0,0,26,0,0,0
341,8,0,0,0,0,0,0,0,0,0,0,0,0,42,7,0,26,0,0,0
342,7,0,0,0,0,0,0,0,0,0,0,0,0,19,0,0,12,0,7,0
343,13,0,0,0,0,0,0,0,0,0,0,0,0,42,0,0,27,0,0,0
344,8,0,0,0,0,0,0,0,0,0,0,0,0,24,0,0,8,0,0,9
345,12,0,0,0,0,0,0,0,0,0,0,0,0,31,0,0,13,0,6,11
346,9,0,0,0,0,0,0,0,0,0,0,0,0,33,0,0,14,0,0,9
347,10,0,0,0,0,0,0,0,0,0,0,0,0,35,0,0,9,5,0,10
348,0,0,0,0,0,0,0,0,0,0,0,0,0,31,0,0,21,0,0,0
349,14,0,0,0,0,0,0,0,0,0,0,0,0,29,0,0,20,0,0,0
35,8,0,0,0,0,0,0,0,0,0,0,0,0,38,0,0,22,0,0,5
350,0,0,0,0,0,0,0,0,0,0,0,0,0,34,0,0,20,0,0,0
351,8,0,0,0,0,0,0,0,0,0,0,0,0,26,0,0,21,0,0,0
352,10,0,0,0,0,0,0,0,0,0,0,0,0,28,0,0,21,0,0,0
353,9,0,0,0,0,0,0,0,0,0,0,0,0,34,0,0,10,0,0,10
354,8,0,0,0,0,0,0,0,0,0,0,0,0,25,0,0,9,0,0,7
355,7,0,0,0,0,0,0,0,0,0,0,0,0,37,0,0,11,0,5,14
356,10,0,0,0,0,0,0,0,0,0,0,0,0,40,0,0,7,0,0,17
357,7,0,0,0,0,0,0,0,0,0,0,0,0,36,0,0,24,0,0,5
358,9,0,0,0,0,0,0,0,0,0,0,0,0,34,0,0,19,0,5,0
359,12,0,0,0,0,0,0,0,0,0,0,0,0,26,0,0,18,0,0,0
36,9,0,0,0,0,0,0,0,0,0,0,0,0,21,0,0,10,0,5,0
360,0,0,0,0,0,0,0,0,0,0,0,0,0,41,0,0,26,0,0,0
361,5,0,0,0,0,0,0,0,0,0,0,0,0,28,0,0,12,0,5,6
362,6,0,0,0,0,0,0,0,0,0,0,0,0,25,0,0,7,0,0,9
363,15,0,0,0,0,0,0,0,0,0,0,0,0,30,0,0,8,0,0,10
364,16,0,0,0,0,0,0,0,0,0,0,0,0,31,0,0,20,0,0,0
365,10,0,0,0,0,0,0,0,0,0,0,0,0,26,0,0,23,0,0,0
366,0,0,0,0,0,0,0,0,0,0,0,0,0,33,0,0,11,0,0,11
367,10,0,0,0,0,0,0,0,0,0,0,0,0,43,0,0,35,0,0,0
368,12,0,0,0,0,0,0,0,0,0,0,0,0,41,0,0,15,0,0,14
369,8,0,0,0,0,0,0,0,0,0,0,0,0,34,0,0,13,0,9,10
37,8,0,0,0,0,0,0,0,0,0,0,0,0,27,0,0,9,0,6,7
370,8,0,0,0,0,0,0,0,0,0,0,0,0,24,0,0,9,0,0,9
371,12,0,0,0,0,0,0,0,0,0,0,0,0,29,0,0,7,0,0,8
372,8,0,0,0,0,0,0,0,0,0,0,0,0,27,0,0,25,0,0,0
373,5,0,0,0,0,0,0,0,0,0,0,0,0,40,0,0,22,0,5,7
374,8,0,0,0,0,0,0,0,0,0,0,0,0,27,0,0,17,0,8,0
375,13,0,0,0,0,0,0,0,0,0,0,0,0,26,0,0,21,0,0,0
376,6,0,0,0,0,0,0,0,0,0,0,0,0,38,0,0,24,0,0,5
377,9,0,0,0,0,0,0,0,0,0,0,0,0,35,0,0,24,0,0,0
378,0,0,0,0,0,0,0,0,0,0,0,0,0,28,0,0,12,0,0,8
379,13,0,0,0,0,0,0,0,0,0,0,0,0,33,0,0,16,0,0,5
38,0,0,0,0,0,0,0,0,0,0,0,0,0,30,0,0,22,0,0,0
380,5,0,0,0,0,0,0,0,0,0,0,0,0,43,0,0,24,0,0,6
381,6,0,0,0,0,0,0,0,0,0,0,0,0,31,0,0,22,0,0,0
382,8,0,0,0,0,0,0,0,0,0,0,0,0,31,0,0,15,0,0,6
383,8,0,0,0,0,0,0,0,0,0,0,0,0,25,0,0,9,0,6,6
384,7,0,0,0,0,0,0,0,0,0,0,0,0,35,0,0,9,0,0,13
385,8,0,0,0,0,0,0,0,0,0,0,0,0,29,0,0,9,0,0,11
386,8,0,0,0,0,0,0,0,0,0,0,0,0,32,0,0,12,0,0,10
387,7,0,0,0,0,0,0,0,0,0,0,0,0,32,0,0,12,0,0,8
388,6,0,0,0,0,0,0,0,0,0,0,0,0,27,0,0,9,0,0,7
389,9,0,0,0,0,0,0,0,0,0,0,0,0,29,0,0,9,0,5,9
39,9,0,0,0,0,0,0,0,0,0,0,0,0,36,0,0,27,0,0,0
390,5,0,0,0,0,0,0,0,0,0,0,0,0,27,0,0,22,0,0,0
391,5,0,0,0,0,0,0,0,0,0,0,0,0,40,5,0,33,0,0,0
392,9,0,0,0,0,0,0,0,0,0,0,0,0,42,0,0,37,0,0,0
393,11,0,0,0,0,0,0,0,0,0,0,0,0,26,0,0,14,0,5,6
394,0,0,0,0,0,0,0,0,0,0,0,0,0,38,0,0,19,0,0,8
395,9,0,0,0,0,0,0,0,0,0,0,0,0,29,0,0,15,0,0,5
396,9,0,0,0,0,0,0,0,0,0,0,0,0,38,0,0,9,0,0,14
397,6,0,0,0,0,0,0,0,0,0,0,0,0,28,0,0,9,0,5,8
398,6,0,0,0,0,0,0,0,0,0,0,0,0,28,0,0,12,0,0,7
399,9,0,0,0,0,0,0,0,0,0,0,0,0,22,0,0,7,0,0,7
4,9,0,0,0,0,0,0,0,0,0,0,0,0,34,0,0,8,0,6,10
40,5,0,0,0,0,0,0,0,0,0,0,0,0,23,0,0,17,0,0,0
400,0,0,0,0,0,0,0,0,0,0,0,0,0,34,0,0,23,0,0,0
401,0,0,0,0,0,0,0,0,0,0,0,0,0,27,0,0,20,0,7,0
402,12,0,0,0,0,0,0,0,0,0,0,0,0,37,0,0,18,0,7,8
403,10,0,0,0,0,0,0,0,0,0,0,0,0,28,0,0,11,0,7,8
404,9,0,0,0,0,0,0,0,0,0,0,0,0,29,0,0,14,0,6,7
405,0,0,0,0,0,0,0,0,0,0,0,0,0,30,0,0,22,0,0,0
406,8,0,0,0,0,0,0,0,0,0,0,0,0,25,0,0,7,0,7,6
407,9,0,0,0,0,0,0,0,0,0,0,0,0,30,0,0,10,0,0,13
408,7,0,0,0,0,0,0,0,0,0,0,0,0,33,0,0,23,0,0,0
409,12,0,0,0,0,0,0,0,0,0,0,0,0,31,0,0,18,0,0,5
41,6,0,0,0,0,0,0,0,0,0,0,0,0,42,0,0,21,0,0,10
410,13,0,0,0,0,0,0,0,0,0,0,0,0,34,0,0,15,0,0,10
411,5,0,0,0,0,0,0,0,0,0,0,0,0,33,0,0,18,0,5,6
412,7,0,0,0,0,0,0,0,0,0,0,0,0,36,0,0,13,0,0,6
413,8,0,0,0,0,0,0,0,0,0,0,0,0,31,0,0,22,0,0,0
414,0,0,0,0,0,0,0,0,0,0,0,0,0,34,0,0,29,0,0,0
415,0,0,0,0,0,0,0,0,0,0,0,0,0,29,0,0,11,0,5,7
416,10,0,0,0,0,0,0,0,0,0,0,0,0,24,0,0,10,0,5,5
417,8,0,0,0,0,0,0,0,0,0,0,0,0,39,0,0,24,0,5,0
418,7,0,0,0,0,0,0,0,0,0,0,0,0,27,0,0,6,0,7,11
419,10,0,0,0,0,0,0,0,0,0,0,0,0,31,0,0,21,0,0,0
42,9,0,0,0,0,0,0,0,0,0,0,0,0,38,0,0,10,0,0,16
420,0,0,0,0,0,0,0,0,0,0,0,0,0,33,0,0,19,0,0,0
421,6,0,0,0,0,0,0,0,0,0,0,0,0,39,0,0,13,0,5,10
422,7,0,0,0,0,0,0,0,0,0,0,0,0,31,0,0,12,0,5,7
423,8,0,0,0,0,0,0,0,0,0,0,0,0,33,0,0,21,0,0,0
424,11,0,0,0,0,0,0,0,0,0,0,0,0,25,0,0,10,0,0,5
425,6,0,0,0,0,0,0,0,0,0,0,0,0,30,0,0,8,0,5,12
426,7,0,0,0,0,0,0,0,0,0,0,0,0,25,0,0,12,0,5,5
427,11,0,0,0,0,0,0,0,0,0,0,0,0,32,0,0,23,0,0,0
428,7,0,0,0,0,0,0,0,0,0,0,0,0,32,0,0,23,0,5,0
429,5,0,0,0,0,0,0,0,0,0,0,0,0,29,0,0,8,0,0,9
43,12,0,0,0,0,0,0,0,0,0,0,0,0,33,0,0,23,0,0,0
430,11,0,0,0,0,0,0,0,0,0,0,0,0,33,0,0,11,0,6,10
431,5,0,0,0,0,0,0,0,0,0,0,0,0,30,0,0,10,0,7,8
432,13,0,0,0,0,0,0,0,0,0,0,0,0,29,0,0,21,0,0,0
433,7,0,0,0,0,0,0,0,0,0,0,0,0,21,0,0,12,0,5,0
434,11,0,0,0,0,0,0,0,0,0,0,0,0,41,0,0,27,0,6,0
435,7,0,0,0,0,0,0,0,0,0,0,0,0,23,0,0,6,0,0,9
436,8,0,0,0,0,0,0,0,0,0,0,0,0,27,0,0,10,0,6,8
437,0,0,0,0,0,0,0,0,0,0,0,0,0,31,5,0,24,0,0,0
438,13,0,0,0,0,0,0,0,0,0,0,0,0,34,0,0,19,0,0,6
439,6,0,0,0,0,0,0,0,0,0,0,0,0,30,0,0,17,0,6,0
44,12,0,0,0,0,0,0,0,0,0,0,0,0,32,0,0,9,0,0,13
440,12,0,0,0,0,0,0,0,0,0,0,0,0,27,0,0,17,0,0,0
441,0,0,0,0,0,0,0,0,0,0,0,0,0,23,0,0,14,0,0,6
442,13,0,0,0,0,0,0,0,0,0,0,0,0,34,0,0,22,0,0,5
443,8,0,0,0,0,0,0,0,0,0,0,0,0,26,0,0,7,0,0,8
444,11,0,0,0,0,0,0,0,0,0,0,0,0,34,0,0,21,0,0,0
445,7,0,0,0,0,0,0,0,0,0,0,0,0,26,0,0,22,0,5,0
446,10,0,0,0,0,0,0,0,0,0,0,0,0,28,0,0,21,0,8,0
447,6,0,0,0,0,0,0,0,0,0,0,0,0,31,0,0,14,0,11,8
448,0,0,0,0,0,0,0,0,0,0,0,0,0,27,0,0,13,0,5,8
449,6,0,0,0,0,0,0,0,0,0,0,0,0,35,0,0,21,0,0,0
45,10,0,0,0,0,0,0,0,0,0,0,0,0,42,0,0,18,0,5,8
450,8,0,0,0,0,0,0,0,0,0,0,0,0,28,0,0,6,0,12,9
451,9,0,0,0,0,0,0,0,0,0,0,0,0,18,0,0,8,0,0,0
452,9,0,0,0,0,0,0,0,0,0,0,0,0,32,0,0,20,0,0,0
453,8,0,0,0,0,0,0,0,0,0,0,0,0,34,0,0,21,0,0,0
454,8,0,0,0,0,0,0,0,0,0,0,0,0,31,0,0,13,0,0,6
455,7,0,0,0,0,0,0,0,0,0,0,0,0,30,0,0,9,0,0,12
456,8,0,0,0,0,0,0,0,0,0,0,0,0,40,0,0,28,0,7,0
457,10,0,0,0,0,0,0,0,0,0,0,0,0,32,0,0,9,0,0,9
458,14,0,0,0,0,0,0,0,0,0,0,0,0,34,0,0,15,0,0,7
459,9,0,0,0,0,0,0,0,0,0,0,0,0,36,0,0,12,0,6,15
46,7,0,0,0,0,0,0,0,0,0,0,0,0,25,0,0,16,0,0,0
460,9,0,0,0,0,0,0,0,0,0,0,0,0,28,0,0,13,0,8,0
461,8,0,0,0,0,0,0,0,0,0,0,0,0,24,0,0,10,0,0,6
462,8,0,0,0,0,0,0,0,0,0,0,0,0,31,0,0,11,0,0,7
463,7,0,0,0,0,0,0,0,0,0,0,0,0,26,0,0,7,0,7,9
464,7,0,0,0,0,0,0,0,0,0,0,0,0,35,0,0,5,0,0,12
465,9,0,0,0,0,0,0,0,0,0,0,0,0,29,0,0,8,0,8,10
466,10,0,0,0,0,0,0,0,0,0,0,0,0,25,0,0,20,0,0,0
467,8,0,0,0,0,0,0,0,0,0,0,0,0,22,0,0,8,0,8,6
468,5,0,0,0,0,0,0,0,0,0,0,0,0,33,0,0,24,0,0,0
469,9,0,0,0,0,0,0,0,0,0,0,0,0,35,0,0,29,0,0,0
47,6,0,0,0,0,0,0,0,0,0,0,0,0,23,0,0,6,0,0,9
470,13,0,0,0,0,0,0,0,0,0,0,0,0,33,0,0,16,0,0,9
471,5,0,0,0,0,0,0,0,0,0,0,0,0,39,0,0,20,0,8,10
472,6,0,0,0,0,0,0,0,0,0,0,0,0,45,0,0,31,0,0,0
473,7,0,0,0,0,0,0,0,0,0,0,0,0,41,0,0,26,0,0,0
474,7,0,0,0,0,0,0,0,0,0,0,0,0,32,0,0,23,0,5,5
475,10,0,0,0,0,0,0,0,0,0,0,0,0,33,0,0,9,0,0,11
476,13,0,0,0,0,0,0,0,0,0,0,0,0,29,0,0,24,0,6,0
477,9,0,0,0,0,0,0,0,0,0,0,0,0,24,0,0,10,0,5,6
478,8,0,0,0,0,0,0,0,0,0,0,0,0,27,0,0,12,0,0,0
479,12,0,0,0,0,0,0,0,0,0,0,0,0,33,0,0,14,0,8,10
48,11,0,0,0,0,0,0,0,0,0,0,0,0,38,0,0,18,0,0,8
480,7,0,0,0,0,0,0,0,0,0,0,0,0,42,0,0,32,0,0,0
481,8,0,0,0,0,0,0,0,0,0,0,0,0,43,0,0,28,0,8,5
482,14,0,0,0,0,0,0,0,0,0,0,0,0,37,0,0,23,0,0,0
483,8,0,0,0,0,0,0,0,0,0,0,0,0,31,0,0,27,0,0,0
484,8,0,0,0,0,0,0,0,0,0,0,0,0,41,0,0,23,0,0,6
485,7,0,0,0,0,0,0,0,0,0,0,0,0,35,0,0,25,0,0,0
486,7,0,0,0,0,0,0,0,0,0,0,0,0,25,0,0,9,0,5,9
487,7,0,0,0,0,0,0,0,0,0,0,0,0,29,0,0,13,0,0,5
488,12,0,0,0,0,0,0,0,0,0,0,0,0,32,0,0,6,0,0,13
489,6,0,0,0,0,0,0,0,0,0,0,0,0,35,0,0,20,0,6,5
49,14,0,0,0,0,0,0,0,0,0,0,0,0,31,0,0,11,0,5,7
490,5,0,0,0,0,0,0,0,0,0,0,0,0,38,5,0,34,0,0,0
491,11,0,0,0,0,0,0,0,0,0,0,0,0,34,0,0,19,0,0,6
492,12,0,0,0,0,0,0,0,0,0,0,0,0,35,0,0,22,0,0,0
493,8,0,0,0,0,0,0,0,0,0,0,0,0,24,0,0,16,0,0,0
494,7,0,0,0,0,0,0,0,0,0,0,0,0,27,0,0,7,0,0,10
495,0,0,0,0,0,0,0,0,0,0,0,0,0,37,0,0,20,0,7,6
496,6,0,0,0,0,0,0,0,0,0,0,0,0,37,0,0,10,0,0,13
497,5,0,0,0,0,0,0,0,0,0,0,0,0,36,0,0,23,0,0,0
498,10,0,0,0,0,0,0,0,0,0,0,0,0,28,0,0,23,0,0,0
499,8,0,0,0,0,0,0,0,0,0,0,0,0,32,0,0,26,0,0,0
5,9,0,0,0,0,0,0,0,0,0,0,0,0,36,0,0,5,0,5,11
50,5,0,0,0,0,0,0,0,0,0,0,0,0,33,0,0,21,0,0,0
500,6,0,0,0,0,0,0,0,0,0,0,0,0,35,0,0,23,0,0,0
501,0,0,0,0,0,0,0,0,0,0,0,0,0,37,0,0,22,0,0,5
502,8,0,0,0,0,0,0,0,0,0,0,0,0,36,0,0,11,0,0,13
503,12,0,0,0,0,0,0,0,0,0,0,0,0,36,0,0,27,0,0,0
504,5,0,0,0,0,0,0,0,0,0,0,0,0,32,0,0,18,0,6,7
505,15,0,0,0,0,0,0,0,0,0,0,0,0,28,0,0,12,0,7,7
506,10,0,0,0,0,0,0,0,0,0,0,0,0,31,0,0,17,0,0,5
507,13,0,0,0,0,0,0,0,0,0,0,0,0,33,0,0,24,0,0,0
508,10,0,0,0,0,0,0,0,0,0,0,0,0,29,0,0,22,0,0,0
509,9,0,0,0,0,0,0,0,0,0,0,0,0,32,0,0,23,0,0,0
51,11,0,0,0,0,0,0,0,0,0,0,0,0,33,0,0,13,0,0,0
510,13,0,0,0,0,0,0,0,0,0,0,0,0,25,0,0,11,0,6,0
511,7,0,0,0,0,0,0,0,0,0,0,0,0,37,0,0,16,0,11,10
512,14,0,0,0,0,0,0,0,0,0,0,0,0,34,0,0,11,0,0,9
513,0,0,0,0,0,0,0,0,0,0,0,0,0,29,0,0,9,0,6,7
514,8,0,0,0,0,0,0,0,0,0,0,0,0,38,0,0,27,0,0,0
515,0,0,0,0,0,0,0,0,0,0,0,0,0,33,0,0,19,0,0,6
516,6,0,0,0,0,0,0,0,0,0,0,0,0,27,0,0,8,0,0,9
517,7,0,0,0,0,0,0,0,0,0,0,0,0,24,0,0,5,0,6,8
518,7,0,0,0,0,0,0,0,0,0,0,0,0,42,0,0,14,0,0,13
519,10,0,0,0,0,0,0,0,0,0,0,0,0,25,0,0,14,0,6,0
52,10,0,0,0,0,0,0,0,0,0,0,0,0,31,0,0,21,0,0,0
520,5,0,0,0,0,0,0,0,0,0,0,0,0,24,0,0,8,0,0,8
521,9,0,0,0,0,0,0,0,0,0,0,0,0,26,0,0,14,0,8,6
522,5,0,0,0,0,0,0,0,0,0,0,0,0,40,0,0,21,0,0,9
523,9,0,0,0,0,0,0,0,0,0,0,0,0,35,0,0,15,0,5,11
524,10,0,0,0,0,0,0,0,0,0,0,0,0,37,0,0,27,0,0,0
525,6,0,0,0,0,0,0,0,0,0,0,0,0,37,0,0,34,0,0,0
526,8,0,0,0,0,0,0,0,0,0,0,0,0,25,0,0,12,0,0,5
527,8,0,0,0,0,0,0,0,0,0,0,0,0,34,0,0,18,0,0,5
528,0,0,0,0,0,0,0,0,0,0,0,0,0,36,0,0,13,0,0,10
529,12,0,0,0,0,0,0,0,0,0,0,0,0,26,0,0,13,0,5,5
53,10,0,0,0,0,0,0,0,0,0,0,0,0,33,0,0,19,0,0,6
530,5,0,0,0,0,0,0,0,0,0,0,0,0,32,0,0,21,0,5,0
531,9,0,0,0,0,0,0,0,0,0,0,0,0,26,0,0,13,0,0,0
532,10,0,0,0,0,0,0,0,0,0,0,0,0,38,0,0,26,0,0,0
533,11,0,0,0,0,0,0,0,0,0,0,0,0,31,0,0,11,0,0,10
534,9,0,0,0,0,0,0,0,0,0,0,0,0,26,0,0,8,0,0,7
535,14,0,0,0,0,0,0,0,0,0,0,0,0,24,0,0,5,0,0,11
536,0,0,0,0,0,0,0,0,0,0,0,0,0,33,0,0,26,0,5,0
537,11,0,0,0,0,0,0,0,0,0,0,0,0,45,0,0,33,0,0,0
538,16,0,0,0,0,0,0,0,0,0,0,0,0,28,0,0,17,0,0,6
539,8,0,0,0,0,0,0,0,0,0,0,0,0,25,0,0,8,0,6,7
54,13,0,0,0,0,0,0,0,0,0,0,0,0,21,0,0,9,0,0,6
540,8,0,0,0,0,0,0,0,0,0,0,0,0,29,0,0,24,0,0,0
541,9,0,0,0,0,0,0,0,0,0,0,0,0,38,0,0,9,0,0,12
542,5,0,0,0,0,0,0,0,0,0,0,0,0,41,0,0,27,0,0,5
543,8,0,0,0,0,0,0,0,0,0,0,0,0,36,0,0,18,0,0,6
544,0,0,0,0,0,0,0,0,0,0,0,0,0,31,0,0,16,0,13,6
545,10,0,0,0,0,0,0,0,0,0,0,0,0,32,0,0,21,0,0,0
546,11,0,0,0,0,0,0,0,0,0,0,0,0,36,0,0,22,0,0,5
547,11,0,0,0,0,0,0,0,0,0,0,0,0,32,0,0,17,0,7,5
548,13,0,0,0,0,0,0,0,0,0,0,0,0,38,0,0,8,0,0,17
549,10,0,0,0,0,0,0,0,0,0,0,0,0,25,0,0,18,0,0,0
55,9,0,0,0,0,0,0,0,0,0,0,0,0,27,0,0,8,0,0,10
550,0,0,0,0,0,0,0,0,0,0,0,0,0,29,0,0,21,0,0,0
551,10,0,0,0,0,0,0,0,0,0,0,0,0,34,0,0,22,0,0,0
552,5,0,0,0,0,0,0,0,0,0,0,0,0,25,0,0,8,0,0,8
553,9,0,0,0,0,0,0,0,0,0,0,0,0,31,0,0,27,0,0,0
554,8,0,0,0,0,0,0,0,0,0,0,0,0,35,0,0,23,0,0,0
555,7,0,0,0,0,0,0,0,0,0,0,0,0,43,0,0,31,0,0,0
556,0,0,0,0,0,0,0,0,0,0,0,0,0,31,0,0,10,0,6,12
557,6,0,0,0,0,0,0,0,0,0,0,0,0,16,0,0,10,0,0,0
558,12,0,0,0,0,0,0,0,0,0,0,0,0,31,0,0,10,0,7,12
559,10,0,0,0,0,0,0,0,0,0,0,0,0,30,0,0,6,0,5,11
56,5,0,0,0,0,0,0,0,0,0,0,0,0,31,0,0,21,0,0,0
560,0,0,0,0,0,0,0,0,0,0,0,0,0,36,0,0,15,0,7,13
561,10,0,0,0,0,0,0,0,0,0,0,0,0,33,0,0,24,0,0,0
562,6,0,0,0,0,0,0,0,0,0,0,0,0,39,0,0,32,0,5,0
563,7,0,0,0,0,0,0,0,0,0,0,0,0,33,0,0,17,0,0,0
564,8,0,0,0,0,0,0,0,0,0,0,0,0,39,0,0,26,0,0,0
565,9,0,0,0,0,0,0,0,0,0,0,0,0,37,0,0,12,0,9,7
566,6,0,0,0,0,0,0,0,0,0,0,0,0,36,0,0,10,0,6,9
567,9,0,0,0,0,0,0,0,0,0,0,0,0,31,0,0,13,0,0,5
568,9,0,0,0,0,0,0,0,0,0,0,0,0,27,0,0,11,0,5,5
569,10,0,0,0,0,0,0,0,0,0,0,0,0,25,0,0,17,0,0,0
57,10,0,0,0,0,0,0,0,0,0,0,0,0,30,0,0,12,0,6,9
570,6,0,0,0,0,0,0,0,0,0,0,0,0,35,0,0,21,0,6,5
571,0,0,0,0,0,0,0,0,0,0,0,0,0,35,0,0,22,0,0,0
572,10,0,0,0,0,0,0,0,0,0,0,0,0,26,0,0,21,0,0,0
573,5,0,0,0,0,0,0,0,0,0,0,0,0,34,0,0,24,0,0,0
574,11,0,0,0,0,0,0,0,0,0,0,0,0,27,0,0,11,0,8,10
575,8,0,0,0,0,0,0,0,0,0,0,0,0,41,0,0,28,0,0,0
576,5,0,0,0,0,0,0,0,0,0,0,0,0,37,0,0,18,0,0,13
577,10,0,0,0,0,0,0,0,0,0,0,0,0,31,0,0,9,0,0,14
578,12,0,0,0,0,0,0,0,0,0,0,0,0,24,0,0,17,0,0,0
579,8,0,0,0,0,0,0,0,0,0,0,0,0,35,0,0,29,0,0,0
58,12,0,0,0,0,0,0,0,0,0,0,0,0,32,0,0,5,0,0,11
580,10,0,0,0,0,0,0,0,0,0,0,0,0,31,0,0,19,0,0,6
581,6,0,0,0,0,0,0,0,0,0,0,0,0,38,0,0,28,0,0,0
582,11,0,0,0,0,0,0,0,0,0,0,0,0,31,0,0,18,0,0,7
583,12,0,0,0,0,0,0,0,0,0,0,0,0,42,0,0,16,0,0,9
584,7,0,0,0,0,0,0,0,0,0,0,0,0,37,0,0,22,0,0,8
585,7,0,0,0,0,0,0,0,0,0,0,0,0,31,0,0,26,0,0,0
586,5,0,0,0,0,0,0,0,0,0,0,0,0,32,0,0,25,0,0,0
587,8,0,0,0,0,0,0,0,0,0,0,0,0,38,0,0,9,0,6,12
588,9,0,0,0,0,0,0,0,0,0,0,0,0,46,6,0,19,0,0,11
589,0,0,0,0,0,0,0,0,0,0,0,0,0,29,0,0,25,0,0,0
59,11,0,0,0,0,0,0,0,0,0,0,0,0,36,0,0,11,0,0,11
590,8,0,0,0,0,0,0,0,0,0,0,0,0,39,0,0,25,0,0,5
591,9,0,0,0,0,0,0,0,0,0,0,0,0,31,0,0,19,0,0,0
592,6,0,0,0,0,0,0,0,0,0,0,0,0,24,0,0,16,0,0,0
593,7,0,0,0,0,0,0,0,0,0,0,0,0,39,0,0,33,0,0,0
594,6,0,0,0,0,0,0,0,0,0,0,0,0,34,0,0,22,0,0,0
595,10,0,0,0,0,0,0,0,0,0,0,0,0,25,0,0,7,0,0,8
596,8,0,0,0,0,0,0,0,0,0,0,0,0,34,0,0,23,0,0,0
597,12,0,0,0,0,0,0,0,0,0,0,0,0,45,0,0,20,0,5,13
598,6,0,0,0,0,0,0,0,0,0,0,0,0,28,0,0,14,0,5,7
599,6,0,0,0,0,0,0,0,0,0,0,0,0,39,0,0,26,0,0,5
6,5,0,0,0,0,0,0,0,0,0,0,0,0,32,0,0,13,0,6,5
60,6,0,0,0,0,0,0,0,0,0,0,0,0,32,0,0,20,0,0,5
600,12,0,0,0,0,0,0,0,0,0,0,0,0,39,0,0,24,0,0,0
601,13,0,0,0,0,0,0,0,0,0,0,0,0,28,0,0,12,0,0,5
602,11,0,0,0,0,0,0,0,0,0,0,0,0,45,0,0,28,0,0,0
603,0,0,0,0,0,0,0,0,0,0,0,0,0,28,0,0,12,0,0,6
604,7,0,0,0,0,0,0,0,0,0,0,0,0,34,0,0,25,0,0,5
605,8,0,0,0,0,0,0,0,0,0,0,0,0,34,0,0,22,0,0,0
606,8,0,0,0,0,0,0,0,0,0,0,0,0,34,0,0,13,0,0,8
607,6,0,0,0,0,0,0,0,0,0,0,0,0,35,0,0,24,0,0,0
608,6,0,0,0,0,0,0,0,0,0,0,0,0,38,0,0,27,0,0,5
609,8,0,0,0,0,0,0,0,0,0,0,0,0,37,0,0,15,0,5,9
61,11,0,0,0,0,0,0,0,0,0,0,0,0,25,0,0,6,0,0,11
610,0,0,0,0,0,0,0,0,0,0,0,0,0,28,0,0,15,0,0,0
611,7,0,0,0,0,0,0,0,0,0,0,0,0,32,0,0,15,0,0,12
612,9,0,0,0,0,0,0,0,0,0,0,0,0,29,0,0,10,0,0,10
613,7,0,0,0,0,0,0,0,0,0,0,0,0,32,0,0,11,0,0,11
614,12,0,0,0,0,0,0,0,0,0,0,0,0,35,0,0,10,0,5,10
615,7,0,0,0,0,0,0,0,0,0,0,0,0,40,0,0,22,0,0,0
616,10,0,0,0,0,0,0,0,0,0,0,0,0,36,0,0,15,0,0,10
617,7,0,0,0,0,0,0,0,0,0,0,0,0,32,0,0,26,0,0,0
618,7,0,0,0,0,0,0,0,0,0,0,0,0,32,0,0,14,0,0,8
619,10,0,0,0,0,0,0,0,0,0,0,0,0,25,0,0,6,0,0,6
62,8,0,0,0,0,0,0,0,0,0,0,0,0,19,0,0,7,0,0,5
620,8,0,0,0,0,0,0,0,0,0,0,0,0,37,0,0,20,0,0,5
621,14,0,0,0,0,0,0,0,0,0,0,0,0,42,0,0,22,0,0,10
622,9,0,0,0,0,0,0,0,0,0,0,0,0,28,0,0,14,0,0,0
623,0,0,0,0,0,0,0,0,0,0,0,0,0,38,0,0,15,0,7,10
624,0,0,0,0,0,0,0,0,0,0,0,0,0,40,0,0,33,0,0,0
625,7,0,0,0,0,0,0,0,0,0,0,0,0,26,0,0,11,0,0,0
626,0,0,0,0,0,0,0,0,0,0,0,0,0,28,0,0,7,0,7,9
627,12,0,0,0,0,0,0,0,0,0,0,0,0,28,0,0,26,0,0,0
628,6,0,0,0,0,0,0,0,0,0,0,0,0,42,0,0,35,0,0,0
629,8,0,0,0,0,0,0,0,0,0,0,0,0,40,0,0,30,0,0,0
63,12,0,0,0,0,0,0,0,0,0,0,0,0,31,0,0,14,0,0,6
630,0,0,0,0,0,0,0,0,0,0,0,0,0,32,0,0,11,0,0,10
631,8,0,0,0,0,0,0,0,0,0,0,0,0,29,0,0,15,0,8,0
632,8,0,0,0,0,0,0,0,0,0,0,0,0,30,0,0,8,0,0,11
633,7,0,0,0,0,0,0,0,0,0,0,0,0,33,0,0,24,0,0,5
634,7,0,0,0,0,0,0,0,0,0,0,0,0,27,0,0,20,0,0,0
635,6,0,0,0,0,0,0,0,0,0,0,0,0,35,0,0,8,0,0,14
636,5,0,0,0,0,0,0,0,0,0,0,0,0,36,0,0,7,0,0,15
637,9,0,0,0,0,0,0,0,0,0,0,0,0,32,0,0,26,0,8,0
638,9,0,0,0,0,0,0,0,0,0,0,0,0,33,0,0,9,0,0,7
639,5,0,0,0,0,0,0,0,0,0,0,0,0,28,0,0,10,0,0,7
64,9,0,0,0,0,0,0,0,0,0,0,0,0,30,0,0,11,0,5,8
640,6,0,0,0,0,0,0,0,0,0,0,0,0,18,0,0,8,0,5,7
641,5,0,0,0,0,0,0,0,0,0,0,0,0,36,0,0,23,0,0,0
642,11,0,0,0,0,0,0,0,0,0,0,0,0,37,0,0,29,0,0,0
643,7,0,0,0,0,0,0,0,0,0,0,0,0,31,0,0,16,0,9,7
644,9,0,0,0,0,0,0,0,0,0,0,0,0,44,0,0,46,0,0,0
645,8,0,0,0,0,0,0,0,0,0,0,0,0,29,0,0,9,0,0,7
646,7,0,0,0,0,0,0,0,0,0,0,0,0,26,0,0,6,0,0,6
647,12,0,0,0,0,0,0,0,0,0,0,0,0,25,0,0,12,0,0,0
648,6,0,0,0,0,0,0,0,0,0,0,0,0,31,0,0,22,0,0,0
649,13,0,0,0,0,0,0,0,0,0,0,0,0,45,0,0,30,0,0,7
65,10,0,0,0,0,0,0,0,0,0,0,0,0,24,0,0,8,0,0,7
650,0,0,0,0,0,0,0,0,0,0,0,0,0,32,0,0,29,0,0,0
651,7,0,0,0,0,0,0,0,0,0,0,0,0,20,0,0,6,0,0,5
652,10,0,0,0,0,0,0,0,0,0,0,0,0,26,0,0,19,0,0,0
653,10,0,0,0,0,0,0,0,0,0,0,0,0,35,5,0,21,0,7,0
654,7,0,0,0,0,0,0,0,0,0,0,0,0,35,0,0,14,0,9,5
655,7,0,0,0,0,0,0,0,0,0,0,0,0,22,0,0,7,0,0,7
656,14,0,0,0,0,0,0,0,0,0,0,0,0,28,0,0,22,0,0,0
657,7,0,0,0,0,0,0,0,0,0,0,0,0,31,0,0,18,0,5,0
658,8,0,0,0,0,0,0,0,0,0,0,0,0,27,0,0,14,0,0,0
659,9,0,0,0,0,0,0,0,0,0,0,0,0,29,0,0,23,0,0,0
66,7,0,0,0,0,0,0,0,0,0,0,0,0,27,0,0,12,0,11,6
660,8,0,0,0,0,0,0,0,0,0,0,0,0,29,0,0,27,0,0,0
661,0,0,0,0,0,0,0,0,0,0,0,0,0,26,0,0,20,0,0,0
662,11,0,0,0,0,0,0,0,0,0,0,0,0,24,0,0,6,0,6,9
663,8,0,0,0,0,0,0,0,0,0,0,0,0,28,0,0,7,0,0,11
664,5,0,0,0,0,0,0,0,0,0,0,0,0,32,0,0,24,0,0,0
665,8,0,0,0,0,0,0,0,0,0,0,0,0,40,0,0,24,0,0,5
666,7,0,0,0,0,0,0,0,0,0,0,0,0,29,0,0,27,0,0,0
667,8,0,0,0,0,0,0,0,0,0,0,0,0,41,0,0,16,0,7,13
668,6,0,0,0,0,0,0,0,0,0,0,0,0,42,0,0,11,0,0,15
669,12,0,0,0,0,0,0,0,0,0,0,0,0,35,0,0,27,0,0,0
67,15,0,0,0,0,0,0,0,0,0,0,0,0,22,0,0,7,0,7,6
670,9,0,0,0,0,0,0,0,0,0,0,0,0,21,0,0,11,0,6,6
671,15,0,0,0,0,0,0,0,0,0,0,0,0,34,0,0,19,0,0,5
672,6,0,0,0,0,0,0,0,0,0,0,0,0,33,0,0,30,0,0,0
673,9,0,0,0,0,0,0,0,0,0,0,0,0,36,0,0,13,0,6,12
674,6,0,0,0,0,0,0,0,0,0,0,0,0,24,0,0,13,0,6,0
675,9,0,0,0,0,0,0,0,0,0,0,0,0,26,0,0,8,0,7,7
676,8,0,0,0,0,0,0,0,0,0,0,0,0,27,0,0,13,0,5,5
677,0,0,0,0,0,0,0,0,0,0,0,0,0,31,0,0,24,0,0,0
678,6,0,0,0,0,0,0,0,0,0,0,0,0,36,0,0,16,0,6,7
679,8,0,0,0,0,0,0,0,0,0,0,0,0,20,0,0,7,0,5,5
68,8,0,0,0,0,0,0,0,0,0,0,0,0,33,0,0,14,0,0,5
680,7,0,0,0,0,0,0,0,0,0,0,0,0,32,0,0,21,0,0,0
681,7,0,0,0,0,0,0,0,0,0,0,0,0,20,0,0,6,0,6,5
682,9,0,0,0,0,0,0,0,0,0,0,0,0,32,0,0,24,0,0,0
683,6,0,0,0,0,0,0,0,0,0,0,0,0,40,0,0,22,0,7,6
684,7,0,0,0,0,0,0,0,0,0,0,0,0,20,0,0,10,0,5,5
685,5,0,0,0,0,0,0,0,0,0,0,0,0,38,0,0,13,0,7,10
686,9,0,0,0,0,0,0,0,0,0,0,0,0,18,0,0,7,0,5,5
687,0,0,0,0,0,0,0,0,0,0,0,0,0,28,0,0,22,0,0,0
688,13,0,0,0,0,0,0,0,0,0,0,0,0,30,0,0,12,0,0,9
689,9,0,0,0,0,0,0,0,0,0,0,0,0,20,0,0,16,0,0,0
69,0,0,0,0,0,0,0,0,0,0,0,0,0,25,0,0,15,0,5,0
690,6,0,0,0,0,0,0,0,0,0,0,0,0,33,0,0,18,0,0,0
691,0,0,0,0,0,0,0,0,0,0,0,0,0,31,0,0,17,0,5,0
692,10,0,0,0,0,0,0,0,0,0,0,0,0,23,0,0,12,0,0,0
693,6,0,0,0,0,0,0,0,0,0,0,0,0,26,6,5,23,0,0,0
694,10,0,0,0,0,0,0,0,0,0,0,0,0,29,0,0,21,0,0,0
695,0,0,0,0,0,0,0,0,0,0,0,0,0,32,0,0,10,0,0,11
696,5,0,0,0,0,0,0,0,0,0,0,0,0,22,0,0,7,0,5,0
697,0,0,0,0,0,0,0,0,0,0,0,0,0,31,0,0,15,0,0,6
698,8,0,0,0,0,0,0,0,0,0,0,0,0,31,0,0,11,0,5,9
699,8,0,0,0,0,0,0,0,0,0,0,0,0,31,0,0,14,0,0,5
7,12,0,0,0,0,0,0,0,0,0,0,0,0,44,0,0,22,0,0,9
70,7,0,0,0,0,0,0,0,0,0,0,0,0,26,0,0,18,0,0,0
700,8,0,0,0,0,0,0,0,0,0,0,0,0,29,0,0,9,0,6,10
701,8,0,0,0,0,0,0,0,0,0,0,0,0,34,0,0,13,0,5,9
702,9,0,0,0,0,0,0,0,0,0,0,0,0,26,0,0,12,0,8,5
703,5,0,0,0,0,0,0,0,0,0,0,0,0,32,0,0,23,0,0,0
704,7,0,0,0,0,0,0,0,0,0,0,0,0,29,0,0,12,0,0,9
705,11,0,0,0,0,0,0,0,0,0,0,0,0,35,0,0,13,0,0,10
706,11,0,0,0,0,0,0,0,0,0,0,0,0,36,0,0,26,0,0,0
707,10,0,0,0,0,0,0,0,0,0,0,0,0,33,0,0,25,0,0,0
708,6,0,0,0,0,0,0,0,0,0,0,0,0,33,0,0,8,0,0,14
709,10,0,0,0,0,0,0,0,0,0,0,0,0,27,0,0,21,0,0,0
71,6,0,0,0,0,0,0,0,0,0,0,0,0,31,0,0,18,0,0,0
710,8,0,0,0,0,0,0,0,0,0,0,0,0,29,0,0,13,0,5,10
711,6,0,0,0,0,0,0,0,0,0,0,0,0,23,0,0,14,0,0,0
712,11,0,0,0,0,0,0,0,0,0,0,0,0,25,0,0,20,0,8,0
713,0,0,0,0,0,0,0,0,0,0,0,0,0,27,0,0,11,0,0,7
714,8,0,0,0,0,0,0,0,0,0,0,0,0,24,0,0,14,0,6,0
715,6,0,0,0,0,0,0,0,0,0,0,0,0,37,0,0,23,0,0,0
716,13,0,0,0,0,0,0,0,0,0,0,0,0,29,0,0,18,0,0,0
717,6,0,0,0,0,0,0,0,0,0,0,0,0,33,0,0,21,0,0,0
718,5,0,0,0,0,0,0,0,0,0,0,0,0,25,0,0,12,0,7,7
719,8,0,0,0,0,0,0,0,0,0,0,0,0,35,0,0,9,0,0,12
72,7,0,0,0,0,0,0,0,0,0,0,0,0,34,0,0,13,0,7,10
720,5,0,0,0,0,0,0,0,0,0,0,0,0,38,0,0,23,0,0,6
721,6,0,0,0,0,0,0,0,0,0,0,0,0,24,0,0,6,0,7,8
722,6,0,0,0,0,0,0,0,0,0,0,0,0,24,0,0,15,0,0,0
723,8,0,0,0,0,0,0,0,0,0,0,0,0,35,0,0,18,0,0,9
724,15,0,0,0,0,0,0,0,0,0,0,0,0,35,6,0,27,0,0,0
725,19,0,0,0,0,0,0,0,0,0,0,0,0,34,0,0,17,0,0,7
726,13,0,0,0,0,0,0,0,0,0,0,0,0,39,0,0,18,0,6,10
727,8,0,0,0,0,0,0,0,0,0,0,0,0,35,0,0,30,0,0,0
728,9,0,0,0,0,0,0,0,0,0,0,0,0,33,0,0,22,0,0,5
729,6,0,0,0,0,0,0,0,0,0,0,0,0,35,0,0,25,0,5,0
73,0,0,0,0,0,0,0,0,0,0,0,0,0,39,0,0,12,0,5,12
730,10,0,0,0,0,0,0,0,0,0,0,0,0,20,0,0,8,0,5,0
731,10,0,0,0,0,0,0,0,0,0,0,0,0,38,0,0,22,0,0,7
732,15,0,0,0,0,0,0,0,0,0,0,0,0,24,0,0,8,0,5,7
733,0,0,0,0,0,0,0,0,0,0,0,0,0,35,0,0,21,0,0,5
734,7,0,0,0,0,0,0,0,0,0,0,0,0,32,0,0,17,0,5,7
735,7,0,0,0,0,0,0,0,0,0,0,0,0,28,0,0,9,0,0,5
736,7,0,0,0,0,0,0,0,0,0,0,0,0,32,0,0,10,0,0,10
737,6,0,0,0,0,0,0,0,0,0,0,0,0,29,0,0,23,0,0,0
738,0,0,0,0,0,0,0,0,0,0,0,0,0,35,0,0,23,0,0,5
739,12,0,0,0,0,0,0,0,0,0,0,0,0,33,0,0,11,0,6,10
74,10,0,0,0,0,0,0,0,0,0,0,0,0,16,0,0,9,0,5,0
740,7,0,0,0,0,0,0,0,0,0,0,0,0,30,0,0,15,0,5,0
741,10,0,0,0,0,0,0,0,0,0,0,0,0,32,0,0,27,0,0,0
742,10,0,0,0,0,0,0,0,0,0,0,0,0,22,0,0,13,0,0,5
743,8,0,0,0,0,0,0,0,0,0,0,0,0,31,0,0,24,0,0,0
744,6,0,0,0,0,0,0,0,0,0,0,0,0,38,0,0,22,0,0,6
745,8,0,0,0,0,0,0,0,0,0,0,0,0,29,0,0,21,0,0,0
746,7,0,0,0,0,0,0,0,0,0,0,0,0,33,0,0,11,0,9,8
747,0,0,0,0,0,0,0,0,0,0,0,0,0,28,0,0,12,0,0,7
748,9,0,0,0,0,0,0,0,0,0,0,0,0,28,0,0,18,0,0,0
749,12,0,0,0,0,0,0,0,0,0,0,0,0,32,0,0,25,0,0,0
75,10,0,0,0,0,0,0,0,0,0,0,0,0,40,0,0,22,0,0,5
750,6,0,0,0,0,0,0,0,0,0,0,0,0,37,0,0,12,0,0,13
751,11,0,0,0,0,0,0,0,0,0,0,0,0,30,0,0,12,0,5,8
752,7,0,0,0,0,0,0,0,0,0,0,0,0,36,0,0,27,0,0,0
753,6,0,0,0,0,0,0,0,0,0,0,0,0,26,0,0,10,0,0,7
754,7,0,0,0,0,0,0,0,0,0,0,0,0,25,0,0,11,0,7,0
755,5,0,0,0,0,0,0,0,0,0,0,0,0,36,0,0,21,0,0,5
756,0,0,0,0,0,0,0,0,0,0,0,0,0,43,0,0,31,0,0,0
757,12,0,0,0,0,0,0,0,0,0,0,0,0,36,0,0,8,0,6,11
758,8,0,0,0,0,0,0,0,0,0,0,0,0,28,0,0,18,0,0,0
759,11,0,0,0,0,0,0,0,0,0,0,0,0,40,0,0,19,0,6,7
76,7,0,0,0,0,0,0,0,0,0,0,0,0,35,0,0,28,0,0,0
760,12,0,0,0,0,0,0,0,0,0,0,0,0,36,0,0,28,0,0,0
761,11,0,0,0,0,0,0,0,0,0,0,0,0,23,0,0,7,0,7,5
762,13,0,0,0,0,0,0,0,0,0,0,0,0,42,0,0,19,0,0,9
763,12,0,0,0,0,0,0,0,0,0,0,0,0,37,0,0,17,0,0,9
764,11,0,0,0,0,0,0,0,0,0,0,0,0,21,0,0,8,0,6,0
765,5,0,0,0,0,0,0,0,0,0,0,0,0,24,0,0,15,0,0,5
766,11,0,0,0,0,0,0,0,0,0,0,0,0,27,0,0,13,0,5,5
767,8,0,0,0,0,0,0,0,0,0,0,0,0,38,0,0,24,0,8,5
768,8,0,0,0,0,0,0,0,0,0,0,0,0,35,0,0,23,0,0,0
769,9,0,0,0,0,0,0,0,0,0,0,0,0,32,0,0,23,0,0,0
77,9,0,0,0,0,0,0,0,0,0,0,0,0,31,0,0,9,0,6,9
770,6,0,0,0,0,0,0,0,0,0,0,0,0,34,0,0,22,0,0,0
771,7,0,0,0,0,0,0,0,0,0,0,0,0,36,5,0,26,0,0,0
772,15,0,0,0,0,0,0,0,0,0,0,0,0,39,0,0,27,0,5,0
773,11,0,0,0,0,0,0,0,0,0,0,0,0,28,0,0,7,0,0,13
774,6,0,0,0,0,0,0,0,0,0,0,0,0,28,0,0,12,0,0,6
775,6,0,0,0,0,0,0,0,0,0,0,0,0,34,0,0,27,0,0,0
776,9,0,0,0,0,0,0,0,0,0,0,0,0,37,0,0,13,0,0,13
777,0,0,0,0,0,0,0,0,0,0,0,0,0,35,0,0,24,0,0,0
778,0,0,0,0,0,0,0,0,0,0,0,0,0,32,0,0,8,0,8,11
779,6,0,0,0,0,0,0,0,0,0,0,0,0,25,0,0,11,0,0,6
78,5,0,0,0,0,0,0,0,0,0,0,0,0,31,0,0,21,0,0,0
780,6,0,0,0,0,0,0,0,0,0,0,0,0,24,0,0,23,0,0,0
781,7,0,0,0,0,0,0,0,0,0,0,0,0,38,0,0,18,0,5,6
782,12,0,0,0,0,0,0,0,0,0,0,0,0,28,0,0,15,0,5,6
783,5,0,0,0,0,0,0,0,0,0,0,0,0,30,0,0,11,0,0,8
784,8,0,0,0,0,0,0,0,0,0,0,0,0,24,0,0,8,0,0,10
785,7,0,0,0,0,0,0,0,0,0,0,0,0,42,0,0,32,0,0,0
786,9,0,0,0,0,0,0,0,0,0,0,0,0,35,0,0,21,0,0,6
787,5,0,0,0,0,0,0,0,0,0,0,0,0,34,0,0,14,0,7,6
788,5,0,0,0,0,0,0,0,0,0,0,0,0,37,0,0,24,0,5,5
789,9,0,0,0,0,0,0,0,0,0,0,0,0,28,0,0,13,0,6,8
79,12,0,0,0,0,0,0,0,0,0,0,0,0,24,0,0,9,0,5,5
790,13,0,0,0,0,0,0,0,0,0,0,0,0,27,0,0,19,0,0,0
791,9,0,0,0,0,0,0,0,0,0,0,0,0,32,0,0,13,0,0,9
792,13,0,0,0,0,0,0,0,0,0,0,0,0,34,0,0,33,0,0,0
793,6,0,0,0,0,0,0,0,0,0,0,0,0,25,0,0,7,0,0,9
794,11,0,0,0,0,0,0,0,0,0,0,0,0,32,0,0,9,0,5,10
795,10,0,0,0,0,0,0,0,0,0,0,0,0,26,0,0,16,0,6,0
796,9,0,0,0,0,0,0,0,0,0,0,0,0,36,0,0,14,0,0,11
797,7,0,0,0,0,0,0,0,0,0,0,0,0,33,0,0,8,0,0,13
798,10,0,0,0,0,0,0,0,0,0,0,0,0,18,0,0,9,0,0,5
799,9,0,0,0,0,0,0,0,0,0,0,0,0,30,0,0,21,0,5,0
8,8,0,0,0,0,0,0,0,0,0,0,0,0,27,0,0,22,0,6,0
80,6,0,0,0,0,0,0,0,0,0,0,0,0,32,0,0,21,0,0,7
800,10,0,0,0,0,0,0,0,0,0,0,0,0,27,6,0,22,0,0,0
801,13,0,0,0,0,0,0,0,0,0,0,0,0,27,0,0,16,0,0,0
802,8,0,0,0,0,0,0,0,0,0,0,0,0,30,0,0,6,0,6,12
803,11,0,0,0,0,0,0,0,0,0,0,0,0,36,0,0,22,0,5,0
804,5,0,0,0,0,0,0,0,0,0,0,0,0,23,0,0,19,0,0,0
805,10,0,0,0,0,0,0,0,0,0,0,0,0,28,0,0,12,0,0,8
806,6,0,0,0,0,0,0,0,0,0,0,0,0,27,0,0,13,0,5,5
807,6,0,0,0,0,0,0,0,0,0,0,0,0,32,0,0,23,0,0,0
808,10,0,0,0,0,0,0,0,0,0,0,0,0,29,0,0,7,0,5,9
809,9,0,0,0,0,0,0,0,0,0,0,0,0,31,0,0,21,0,5,0
81,5,0,0,0,0,0,0,0,0,0,0,0,0,22,0,0,13,0,7,0
810,0,0,0,0,0,0,0,0,0,0,0,0,0,30,0,0,19,0,0,0
811,7,0,0,0,0,0,0,0,0,0,0,0,0,24,0,0,9,0,8,6
812,7,0,0,0,0,0,0,0,0,0,0,0,0,40,0,0,19,0,6,12
813,0,0,0,0,0,0,0,0,0,0,0,0,0,27,0,0,14,0,0,6
814,7,0,0,0,0,0,0,0,0,0,0,0,0,18,0,0,12,0,0,0
815,5,0,0,0,0,0,0,0,0,0,0,0,0,28,0,0,10,0,9,7
816,7,0,0,0,0,0,0,0,0,0,0,0,0,27,0,0,11,0,0,8
817,8,0,0,0,0,0,0,0,0,0,0,0,0,22,0,0,9,0,0,7
818,7,0,0,0,0,0,0,0,0,0,0,0,0,31,0,0,7,0,8,12
819,10,0,0,0,0,0,0,0,0,0,0,0,0,31,0,0,9,0,0,7
82,9,0,0,0,0,0,0,0,0,0,0,0,0,29,5,0,25,0,0,0
820,5,0,0,0,0,0,0,0,0,0,0,0,0,32,0,0,19,0,5,7
821,6,0,0,0,0,0,0,0,0,0,0,0,0,22,0,0,13,0,0,0
822,8,0,0,0,0,0,0,0,0,0,0,0,0,39,0,0,19,0,0,6
823,10,0,0,0,0,0,0,0,0,0,0,0,0,29,0,0,9,0,0,10
824,12,0,0,0,0,0,0,0,0,0,0,0,0,42,0,0,31,0,0,0
825,10,0,0,0,0,0,0,0,0,0,0,0,0,32,0,0,26,0,0,0
826,6,0,0,0,0,0,0,0,0,0,0,0,0,24,0,0,11,0,9,5
827,8,0,0,0,0,0,0,0,0,0,0,0,0,27,0,0,24,0,0,0
828,10,0,0,0,0,0,0,0,0,0,0,0,0,31,0,0,23,0,0,0
829,0,0,0,0,0,0,0,0,0,0,0,0,0,22,0,0,9,0,0,0
83,8,0,0,0,0,0,0,0,0,0,0,0,0,20,0,0,6,0,5,0
830,8,0,0,0,0,0,0,0,0,0,0,0,0,34,0,0,25,0,0,0
831,9,0,0,0,0,0,0,0,0,0,0,0,0,42,0,0,23,0,0,0
832,10,0,0,0,0,0,0,0,0,0,0,0,0,32,0,0,9,0,7,13
833,9,0,0,0,0,0,0,0,0,0,0,0,0,38,5,0,28,0,0,0
834,9,0,0,0,0,0,0,0,0,0,0,0,0,46,0,0,31,0,0,7
835,0,0,0,0,0,0,0,0,0,0,0,0,0,36,0,0,21,0,0,0
836,9,0,0,0,0,0,0,0,0,0,0,0,0,30,0,0,8,0,0,11
837,7,0,0,0,0,0,0,0,0,0,0,0,0,30,0,0,11,0,7,10
838,9,0,0,0,0,0,0,0,0,0,0,0,0,31,0,0,27,0,0,0
839,9,0,0,0,0,0,0,0,0,0,0,0,0,48,0,0,10,0,6,19
84,9,0,0,0,0,0,0,0,0,0,0,0,0,29,0,0,20,0,0,0
840,7,0,0,0,0,0,0,0,0,0,0,0,0,37,0,0,14,0,0,12
841,0,0,0,0,0,0,0,0,0,0,0,0,0,26,0,0,13,0,6,6
842,11,0,0,0,0,0,0,0,0,0,0,0,0,16,0,0,6,0,0,0
843,11,0,0,0,0,0,0,0,0,0,0,0,0,39,0,0,22,0,6,7
844,7,0,0,0,0,0,0,0,0,0,0,0,0,44,5,0,33,0,0,0
845,11,0,0,0,0,0,0,0,0,0,0,0,0,28,0,0,7,0,0,8
846,0,0,0,0,0,0,0,0,0,0,0,0,0,25,0,0,16,0,0,0
847,12,0,0,0,0,0,0,0,0,0,0,0,0,40,0,0,24,0,0,5
848,8,0,0,0,0,0,0,0,0,0,0,0,0,35,0,0,26,0,0,0
849,10,0,0,0,0,0,0,0,0,0,0,0,0,42,5,0,29,0,0,0
85,14,0,0,0,0,0,0,0,0,0,0,0,0,30,0,0,21,0,0,0
850,12,0,0,0,0,0,0,0,0,0,0,0,0,20,0,0,15,0,6,0
851,7,0,0,0,0,0,0,0,0,0,0,0,0,32,0,0,21,0,0,0
852,9,0,0,0,0,0,0,0,0,0,0,0,0,28,0,0,7,0,8,11
853,8,0,0,0,0,0,0,0,0,0,0,0,0,43,0,0,15,0,0,12
854,5,0,0,0,0,0,0,0,0,0,0,0,0,31,0,0,13,0,5,6
855,0,0,0,0,0,0,0,0,0,0,0,0,0,39,5,0,26,0,0,0
856,8,0,0,0,0,0,0,0,0,0,0,0,0,38,0,0,24,0,0,0
857,10,0,0,0,0,0,0,0,0,0,0,0,0,36,0,0,23,0,0,6
858,9,0,0,0,0,0,0,0,0,0,0,0,0,33,0,0,20,0,0,0
859,7,0,0,0,0,0,0,0,0,0,0,0,0,35,0,0,9,0,6,16
86,8,0,0,0,0,0,0,0,0,0,0,0,0,31,0,0,19,0,0,0
860,10,0,0,0,0,0,0,0,0,0,0,0,0,32,0,0,13,0,6,7
861,7,0,0,0,0,0,0,0,0,0,0,0,0,31,0,0,26,0,0,0
862,9,0,0,0,0,0,0,0,0,0,0,0,0,28,0,0,9,0,5,5
863,9,0,0,0,0,0,0,0,0,0,0,0,0,34,0,0,13,0,6,7
864,5,0,0,0,0,0,0,0,0,0,0,0,0,26,0,0,15,0,5,5
865,0,0,0,0,0,0,0,0,0,0,0,0,0,33,0,0,14,0,8,0
866,6,0,0,0,0,0,0,0,0,0,0,0,0,26,0,0,15,0,0,0
867,10,0,0,0,0,0,0,0,0,0,0,0,0,47,0,0,28,0,0,6
868,6,0,0,0,0,0,0,0,0,0,0,0,0,45,0,0,27,0,0,7
869,8,0,0,0,0,0,0,0,0,0,0,0,0,33,0,0,22,0,0,5
87,12,0,0,0,0,0,0,0,0,0,0,0,0,26,0,0,11,0,6,8
870,5,0,0,0,0,0,0,0,0,0,0,0,0,31,0,0,8,0,6,9
871,6,0,0,0,0,0,0,0,0,0,0,0,0,28,0,0,7,0,6,10
872,8,0,0,0,0,0,0,0,0,0,0,0,0,33,0,0,8,0,5,12
873,18,0,0,0,0,0,0,0,0,0,0,0,0,41,5,0,37,0,0,0
874,9,0,0,0,0,0,0,0,0,0,0,0,0,36,0,0,24,0,0,0
875,11,0,0,0,0,0,0,0,0,0,0,0,0,25,0,0,13,0,5,8
876,7,0,0,0,0,0,0,0,0,0,0,0,0,38,0,0,29,0,0,0
877,10,0,0,0,0,0,0,0,0,0,0,0,0,26,0,0,12,0,5,8
878,10,0,0,0,0,0,0,0,0,0,0,0,0,34,0,0,17,0,5,0
879,10,0,0,0,0,0,0,0,0,0,0,0,0,35,0,0,32,0,0,0
88,5,0,0,0,0,0,0,0,0,0,0,0,0,32,0,0,20,0,0,0
880,5,0,0,0,0,0,0,0,0,0,0,0,0,16,0,0,5,0,0,5
881,5,0,0,0,0,0,0,0,0,0,0,0,0,32,0,0,9,0,0,11
882,9,0,0,0,0,0,0,0,0,0,0,0,0,34,0,0,22,0,0,0
883,6,0,0,0,0,0,0,0,0,0,0,0,0,21,0,0,10,0,6,7
884,7,0,0,0,0,0,0,0,0,0,0,0,0,35,0,0,32,0,0,0
885,7,0,0,0,0,0,0,0,0,0,0,0,0,32,0,0,18,0,0,7
886,8,0,0,0,0,0,0,0,0,0,0,0,0,36,6,0,28,0,0,0
887,6,0,0,0,0,0,0,0,0,0,0,0,0,32,0,0,19,0,6,8
888,5,0,0,0,0,0,0,0,0,0,0,0,0,29,0,0,16,0,0,0
889,0,0,0,0,0,0,0,0,0,0,0,0,0,29,0,0,12,0,6,6
89,8,0,0,0,0,0,0,0,0,0,0,0,0,30,0,0,19,0,0,0
890,11,0,0,0,0,0,0,0,0,0,0,0,0,36,0,0,14,0,6,8
891,5,0,0,0,0,0,0,0,0,0,0,0,0,41,0,0,31,0,0,0
892,6,0,0,0,0,0,0,0,0,0,0,0,0,35,0,0,22,0,0,5
893,0,0,0,0,0,0,0,0,0,0,0,0,0,34,0,0,10,0,0,14
894,8,0,0,0,0,0,0,0,0,0,0,0,0,34,0,0,16,0,7,8
895,5,0,0,0,0,0,0,0,0,0,0,0,0,34,0,0,30,0,0,0
896,8,0,0,0,0,0,0,0,0,0,0,0,0,22,0,0,5,0,0,8
897,11,0,0,0,0,0,0,0,0,0,0,0,0,35,0,0,11,0,6,16
898,5,0,0,0,0,0,0,0,0,0,0,0,0,34,0,0,32,0,0,0
899,8,0,0,0,0,0,0,0,0,0,0,0,0,28,0,0,6,0,0,9
9,0,0,0,0,0,0,0,0,0,0,0,0,0,35,0,0,8,0,0,14
90,9,0,0,0,0,0,0,0,0,0,0,0,0,33,0,0,22,0,0,0
900,10,0,0,0,0,0,0,0,0,0,0,0,0,34,0,0,10,0,6,11
901,8,0,0,0,0,0,0,0,0,0,0,0,0,36,0,0,15,0,11,11
902,10,0,0,0,0,0,0,0,0,0,0,0,0,32,0,0,9,0,5,11
903,5,0,0,0,0,0,0,0,0,0,0,0,0,31,0,0,13,0,8,6
904,5,0,0,0,0,0,0,0,0,0,0,0,0,32,0,0,14,0,10,9
905,5,0,0,0,0,0,0,0,0,0,0,0,0,28,0,0,7,0,0,8
906,9,0,0,0,0,0,0,0,0,0,0,0,0,33,0,0,24,0,0,0
907,10,0,0,0,0,0,0,0,0,0,0,0,0,40,0,0,34,0,0,0
908,6,0,0,0,0,0,0,0,0,0,0,0,0,29,0,0,10,0,0,7
909,9,0,0,0,0,0,0,0,0,0,0,0,0,30,0,0,31,0,0,0
91,6,0,0,0,0,0,0,0,0,0,0,0,0,28,0,0,17,0,0,0
910,9,0,0,0,0,0,0,0,0,0,0,0,0,34,0,0,16,0,8,10
911,5,0,0,0,0,0,0,0,0,0,0,0,0,22,0,0,9,0,5,5
912,10,0,0,0,0,0,0,0,0,0,0,0,0,31,0,0,24,0,0,0
913,12,0,0,0,0,0,0,0,0,0,0,0,0,32,0,0,30,0,0,0
914,10,0,0,0,0,0,0,0,0,0,0,0,0,28,0,0,9,0,0,9
915,0,0,0,0,0,0,0,0,0,0,0,0,0,32,0,0,13,0,0,5
916,6,0,0,0,0,0,0,0,0,0,0,0,0,35,0,0,24,0,0,0
917,0,0,0,0,0,0,0,0,0,0,0,0,0,29,0,0,14,0,5,6
918,9,0,0,0,0,0,0,0,0,0,0,0,0,19,0,0,8,0,6,6
919,10,0,0,0,0,0,0,0,0,0,0,0,0,32,0,0,19,0,5,0
92,8,0,0,0,0,0,0,0,0,0,0,0,0,31,0,0,21,0,7,5
920,6,0,0,0,0,0,0,0,0,0,0,0,0,29,0,0,10,0,0,7
921,0,0,0,0,0,0,0,0,0,0,0,0,0,36,0,0,22,0,0,0
922,5,0,0,0,0,0,0,0,0,0,0,0,0,37,0,0,11,0,6,13
923,10,0,0,0,0,0,0,0,0,0,0,0,0,32,0,0,10,0,5,12
924,6,0,0,0,0,0,0,0,0,0,0,0,0,30,0,0,26,0,0,0
925,6,0,0,0,0,0,0,0,0,0,0,0,0,31,0,0,15,0,0,9
926,11,0,0,0,0,0,0,0,0,0,0,0,0,26,0,0,11,0,9,8
927,15,0,0,0,0,0,0,0,0,0,0,0,0,41,0,0,33,0,0,0
928,9,0,0,0,0,0,0,0,0,0,0,0,0,34,0,0,28,0,0,0
929,10,0,0,0,0,0,0,0,0,0,0,0,0,33,0,0,14,0,0,7
93,0,0,0,0,0,0,0,0,0,0,0,0,0,28,0,0,10,0,0,12
930,11,0,0,0,0,0,0,0,0,0,0,0,0,22,0,0,10,0,0,0
931,5,0,0,0,0,0,0,0,0,0,0,0,0,31,0,0,27,0,0,0
932,8,0,0,0,0,0,0,0,0,0,0,0,0,29,0,0,8,0,6,10
933,6,0,0,0,0,0,0,0,0,0,0,0,0,31,0,0,15,0,8,7
934,6,0,0,0,0,0,0,0,0,0,0,0,0,35,0,0,9,0,6,9
935,10,0,0,0,0,0,0,0,0,0,0,0,0,27,0,0,15,0,0,8
936,10,0,0,0,0,0,0,0,0,0,0,0,0,34,0,0,28,0,0,0
937,14,0,0,0,0,0,0,0,0,0,0,0,0,41,0,0,31,0,0,0
938,9,0,0,0,0,0,0,0,0,0,0,0,0,33,0,0,29,0,0,0
939,8,0,0,0,0,0,0,0,0,0,0,0,0,27,0,0,5,0,0,12
94,12,0,0,0,0,0,0,0,0,0,0,0,0,30,0,0,23,0,0,0
940,6,0,0,0,0,0,0,0,0,0,0,0,0,29,0,0,22,0,0,0
941,9,0,0,0,0,0,0,0,0,0,0,0,0,28,0,0,19,0,0,0
942,8,0,0,0,0,0,0,0,0,0,0,0,0,38,0,0,14,0,5,11
943,7,0,0,0,0,0,0,0,0,0,0,0,0,30,0,0,24,0,0,0
944,9,0,0,0,0,0,0,0,0,0,0,0,0,27,0,0,26,0,0,0
945,10,0,0,0,0,0,0,0,0,0,0,0,0,26,0,0,21,0,0,0
946,12,0,0,0,0,0,0,0,0,0,0,0,0,27,0,0,7,0,5,9
947,12,0,0,0,0,0,0,0,0,0,0,0,0,38,0,0,24,0,0,5
948,9,0,0,0,0,0,0,0,0,0,0,0,0,38,0,0,17,0,0,9
949,10,0,0,0,0,0,0,0,0,0,0,0,0,29,0,0,9,0,5,10
95,6,0,0,0,0,0,0,0,0,0,0,0,0,34,0,0,15,0,0,8
950,7,0,0,0,0,0,0,0,0,0,0,0,0,31,0,0,10,0,5,9
951,8,0,0,0,0,0,0,0,0,0,0,0,0,33,0,0,21,0,6,5
952,9,0,0,0,0,0,0,0,0,0,0,0,0,28,0,0,21,0,0,0
953,6,0,0,0,0,0,0,0,0,0,0,0,0,33,0,0,20,0,7,0
954,10,0,0,0,0,0,0,0,0,0,0,0,0,46,0,0,22,0,0,11
955,8,0,0,0,0,0,0,0,0,0,0,0,0,29,0,0,23,0,0,0
956,11,0,0,0,0,0,0,0,0,0,0,0,0,34,0,0,13,0,5,11
957,5,0,0,0,0,0,0,0,0,0,0,0,0,28,0,0,18,0,0,0
958,0,0,0,0,0,0,0,0,0,0,0,0,0,30,0,0,13,0,0,8
959,10,0,0,0,0,0,0,0,0,0,0,0,0,36,5,0,19,0,0,6
96,0,0,0,0,0,0,0,0,0,0,0,0,0,33,0,0,12,0,7,8
960,13,0,0,0,0,0,0,0,0,0,0,0,0,30,0,0,10,0,0,9
961,11,0,0,0,0,0,0,0,0,0,0,0,0,29,0,0,8,0,6,7
962,10,0,0,0,0,0,0,0,0,0,0,0,0,30,0,0,12,0,7,6
963,7,0,0,0,0,0,0,0,0,0,0,0,0,29,0,0,8,0,6,10
964,6,0,0,0,0,0,0,0,0,0,0,0,0,34,0,0,22,0,0,0
965,11,0,0,0,0,0,0,0,0,0,0,0,0,25,0,0,9,0,0,5
966,5,0,0,0,0,0,0,0,0,0,0,0,0,22,0,0,10,0,5,7
967,6,0,0,0,0,0,0,0,0,0,0,0,0,30,0,0,16,0,0,8
968,13,0,0,0,0,0,0,0,0,0,0,0,0,27,0,0,20,0,0,0
969,5,0,0,0,0,0,0,0,0,0,0,0,0,33,0,0,9,0,0,9
97,0,0,0,0,0,0,0,0,0,0,0,0,0,26,0,0,16,0,0,0
970,8,0,0,0,0,0,0,0,0,0,0,0,0,36,0,0,21,0,5,5
971,5,0,0,0,0,0,0,0,0,0,0,0,0,27,0,0,11,0,6,6
972,13,0,0,0,0,0,0,0,0,0,0,0,0,41,5,0,31,0,0,0
973,6,0,0,0,0,0,0,0,0,0,0,0,0,30,0,0,21,0,0,0
974,8,0,0,0,0,0,0,0,0,0,0,0,0,32,0,0,22,0,0,0
975,0,0,0,0,0,0,0,0,0,0,0,0,0,29,0,0,8,0,5,7
976,8,0,0,0,0,0,0,0,0,0,0,0,0,25,0,0,21,0,0,0
977,0,0,0,0,0,0,0,0,0,0,0,0,0,30,0,0,12,0,6,7
978,11,0,0,0,0,0,0,0,0,0,0,0,0,27,0,0,18,0,0,0
979,7,0,0,0,0,0,0,0,0,0,0,0,0,30,0,0,15,0,5,8
98,7,0,0,0,0,0,0,0,0,0,0,0,0,35,0,0,28,0,0,0
980,5,0,0,0,0,0,0,0,0,0,0,0,0,43,0,0,19,0,0,9
981,13,0,0,0,0,0,0,0,0,0,0,0,0,37,0,0,25,0,0,0
982,6,0,0,0,0,0,0,0,0,0,0,0,0,31,0,0,6,0,0,9
983,9,0,0,0,0,0,0,0,0,0,0,0,0,27,0,0,10,0,0,6
984,13,0,0,0,0,0,0,0,0,0,0,0,0,32,0,0,19,0,8,6
985,8,0,0,0,0,0,0,0,0,0,0,0,0,26,0,0,22,0,0,0
986,7,0,0,0,0,0,0,0,0,0,0,0,0,28,0,0,6,0,0,8
987,9,0,0,0,0,0,0,0,0,0,0,0,0,47,0,0,38,0,0,0
988,8,0,0,0,0,0,0,0,0,0,0,0,0,35,0,0,21,0,5,0
989,8,0,0,0,0,0,0,0,0,0,0,0,0,25,0,0,11,0,0,0
99,6,0,0,0,0,0,0,0,0,0,0,0,0,33,0,0,20,0,0,0
990,8,0,0,0,0,0,0,0,0,0,0,0,0,28,0,0,10,0,5,7
991,6,0,0,0,0,0,0,0,0,0,0,0,0,26,0,0,12,0,0,9
992,12,0,0,0,0,0,0,0,0,0,0,0,0,38,0,0,23,0,0,0
993,13,0,0,0,0,0,0,0,0,0,0,0,0,31,0,0,21,0,0,0
994,10,0,0,0,0,0,0,0,0,0,0,0,0,40,0,0,19,0,0,9
995,9,0,0,0,0,0,0,0,0,0,0,0,0,32,0,0,7,0,0,10
996,7,0,0,0,0,0,0,0,0,0,0,0,0,39,0,0,15,0,10,14
997,7,0,0,0,0,0,0,0,0,0,0,0,0,23,0,0,7,0,5,7
998,5,0,0,0,0,0,0,0,0,0,0,0,0,39,0,0,19,0,0,10
999,11,0,0,0,0,0,0,0,0,0,0,0,0,38,0,0,26,0,0,0